Tweet_ID,Tweet,Label
1,#الرياض #أمطار_الرياض #السعودية #مطر #الرياض_تغرق #أمطار_الرياض #قحاب,OBJ
2,من بين الأسماء محمود القرش، مصر الجديدة وآخرين والحالات تتابع المعلومات التي أنشرها غير سرية وعلى المحامين السؤال في النيابات حول الداخلية,OBJ
3,مقتل طفلة لبنانية في تبادل إطلاق نار بين علويين وسنة,OBJ
4,#الروح_و_الجسد #مصطفي_محمود,OBJ
5,دعبد المنعم أبو الفتوح فى عيون العالم,OBJ
6,عندما يستمر القضاء في التحقيق في بلاغات عبثية تهدف الي تشويه المعارضة وتنتهي بدون معاقبة مقدميها فنحن ننضم بإمتياز الي قائمة النظم البوليسية,NEG
7,"جدول إعادة ""آخر كلام"": الإثنين 20 يونيو ( حلقة جمعة الغضب مع روبرت فيسك)، الثلاثاء (اليوم الحادي عشر للثورة مع",OBJ
8,مرسي بيغير من باسم يوسف عشان باسم الناس بتضحك معاه ومرسي الناس بتضحك عليه,NEUTRAL
9,إذا استمرت القيادة المصرية الحالية في نهجها فسنرى تمردا وإرهابا في #مصر,NEG
10,مش حتقولي ازاي اشجع #الكورة_للجماهير,OBJ
11,"سامي الجابر يتحمل كل شيء لأنه اعطي الصلاحية كاملة،مين يختار اللعيبة والتشكيلة ومين يضع التكتيك ""اذا كان فيه تكتيك",NEG
12,محمد بديع: أطلب من أبي محمد حسني مبارك أن يرفع الظلم على المسجونين #مصر #فلسطين #تونس #قطر #سوريا #الإمارات #لبنان,NEG
13,بوستر فيلم الشتا إاللي فات,OBJ
14,تراجع تصنيف مصر للمركز الأخير عالمياً فى مستوى المعيشة # #,OBJ
15,حزب الكنبة,OBJ
16,استمعت للعمال: لا حق في انشاء نقابات مستقلة، 8 مليون بعقود مؤقتة، استبعاد 30 ألف مرشح من الاتخابات النقابية، عدم وجود حد إنساني لللأجور,NEG
17,وحياة قلبي وأفراحه️ #الشباب_الاهلي ٣-٠,POS
18,مشاهد من مسرح حكم الفرد الجزء الأول مقال اليوم في الشروق,OBJ
19,لا اعترف بسفير يدين مواطنه قبل ان يجرى تحقيق محايد وعادل لا تعرفه السعودية هذا سفير مبارك وليس سفير مصر أبدا,NEG
20,محدّث- #مصر توقع اتفاقات لشراء 425 مليون طن من #القمح المحلي - الأخبار - أصوات مصرية #اقتصاد,OBJ
21,دعمرو حمزاوي يشرح المادة الاولي في الدستور الجديد,OBJ
22,وجود شئ مكملنى #الاهلى,OBJ
23,#اعرفوهم #انقلاب_مصر #يسقط_حكم_العسكر #الداخلية_بلطجية #الحرية لنور الدين محمود 15سنة #الدقهلية طالب بالثانوي الأزهري,NEG
24,"بلاغ لـ""#النائب_العام"": ""#برهامي"" يدعو للفحشاء والفجور و الزنى #بوابة_القاهرة #مصر",OBJ
25,الصحافة العالمية ومحاكمة مرسي لا روبوبليكا الايطالية: مع بدء محاكمة الرئيس السابق مرسى يطالب بوضع حد للمهزلة,OBJ
26,#هانزل_8_30علشان مش هاقبل ان ديني يتهان واقف ساكته,OBJ
27,الاخت الفاضلة حسين فهمى صاحبة أشهر مواقف سياسية ترفض المصالحة مع الاخوان لانهم قتلة حد يقول للامورة أم شعر دهبي بلاش انتى يا حلوة,NEUTRAL
28,أرجو لكل من يقرأ تصريح لى أن يتأكد من مصدره و يقرأه بنفسه  قبل أن يصدر أحكامه!,OBJ
29,#عن احساسك كزملكاوى لما عمر جابر جاب الجول انهرده #زمالك,OBJ
30,الحُب هو أن تخالف هواك من أجل مُراد حبيبك فاللهم اجعل ما نُحب هو ما تُحب ~ #مصطفى_حسني ~,OBJ
31,صوتك العالي دليل على ضعف موقفك,NEG
32,رتويت تلقائي لجميع تغريداتك من حسابات حقيقيه للتواصل واتس اب 0558196947 #رتويت #فايروس_كرونا #سيف_عبدالله #ميسي #برشلونة_فيار…,OBJ
33,لو كل #زملكاوى/ه قعدو يشتمو فـ #ميدو واللعيبة أنا مقدر ظرفكو ماشى وأحب أقولكو عندك 21 فريق تانى ممكن تشجعهم يا كــمك بس متشتمش #الزمالك :/,NEG
34,يسقط دستور جمهورية مرسي الإخوانية,NEG
35,#لماذا_العرب_متأخرين_عن_الأمم لاننا نعيش حاضرنا نتغنى بأمجاد تاريخنا اللذي لانعمل منه شيئاومنغلقين في قشور الامور فقط,OBJ
36,#شاهد_سكاي : #عيد_العمال تراجع أعدد العاطلين,OBJ
37,"#محمود_عباس: ""#الهولوكوست"" أبشع جريمة في التاريخ الحديث",NEG
38,إن للطاعة نورا في القلب وضياء في الوجه وسعة في الرزق ومحبة في قلوب الناس وان للمعصية ظلمة فى القلب و سواداً فى,OBJ
39,#مصر #خالد_علي : السلطة تمارس إجراما سياسيا ضد الفقراء,OBJ
40,الحلقة العاشرة - الجزء الثالث - مو عامر (ستاند أب كوميدي),OBJ
41,! #مثقفون_فضحهم_الربيع_العربي #واحد_فاضي #الام #عيد_الأم #يوم_الأم #يومك_يا_أمي #عيد_الأم2014 #عيد_م…,OBJ
42,ناتشوز️ #الرياض #استيكي,OBJ
43,"راقب تغريداتگ وماتكتب #غرد_بصورة #غرد_بالخير #تذكير #دعم_البنات """"",OBJ
44,== #حب #سادي #زب_كبير #خليجي #عمة #ورعان_خليجي #الرياض #أسوان,OBJ
45,2016: بنزيما : علينا تقديم 120% طيلة المباراة للفوز بها #ريال_مدريد ,OBJ
46,الآن: هبة موريف منسق منظمة ضيفة آخر كلام على الهواء - 12398 -,OBJ
47,نجــآوى اللّيل تجعلكم أقوى كثيراً من أوجآعكم الغآئرة وأكبر من أمنيــآتكم الضّآئعة اللّيل ملاذكم الآمن ، لا تضيّعوه ب رقآد #م,OBJ
48,بيقوللك حظروا مقرات 6 ابريل؟ لو يعرفوا اللى فيها هيجمعولهم تبرعات #اه_والله,OBJ
49,#غرد_للعين #الوصل #الوحدة #الهلال #النصر #ريال_مدريد #برشلونه #ميلان #مورينهو #رونالدو #ميسي 😝😝😝😝,OBJ
50,كل #ضحكة من شفاتـك تقلب الدنيا جنون،انت للدنيا بذاتك فوق مالا يعقلون ♯ ♡,POS
51,صفحتنا على الفيس بوك عدت مليون,OBJ
52,دخل الآن موعد صلاة العشاء #بوسطن,OBJ
53,يعني لما أقول إن مبارك المخلوع سحب سفيرنا من إسرائيل مرتين قبل كده يوصل اللغط أن النعاج والخرفان يقولوا أني بشكر فيه؟ فعلاً بكل طلاقة #ماء,NEG
54,تعرف على بعض أراء د/ عبد المنعم أبو الفتوح الاقتصادية وموقفه من البنوك ومن الحد الأدنى للإجور د/ عبد المنعم,OBJ
55,"الجيش المصري يقتل ""إرهابيا"" في #سيناء وإصابة ثلاثة رجال شرطة #مصر #الإخوان #إرهاب",OBJ
56,كشف لنا الانقلاب جيش البلطجية فى مصر لم نكن نتخيل ابدا انه بهذه الاعداد الهائلة والسلاح الوفير والعلاقات الطيبة مع الحكومة,NEUTRAL
57,وزير العدل يلتقي سفير السعودية بالقاهرة لبحث مساعدة مصر في استرداد الأموال المهربة #مصر #ميدان_التحرير,OBJ
58,#الشبراوية_مع_الشرعية|#حاميها_حراميها الآن من مسيرة #شبرا_الخيمة بالجزيرة مباشر مصر #العز_بن_عبدالسلام,NEG
59,حجم المسؤولية على قنوات اون تي في سيزداد أكثر مع المرحلة المقبلة #السادة_المحترمون,OBJ
60,العَجلة من الإخوان مقال اليوم في الشروقحديث عن نصيحة قديمة من ابراهيم عبد الهادي لحسن البنا لم تستفد منها الجماعة,OBJ
61,مصر وتونس والسنغال في مجموعة الموت بتصفيات كأس افريقيا #رويترز,OBJ
62,كل العار الذي عشناه من سنين طويلة يتلخص في هذا الفيديو,NEG
63,ده بس من ذوقك,OBJ
64,شاهد - آخر كلام: مصر تملأ مصر عام على الثورة #25 #,OBJ
65,المناضل #حمدين_صباحي سيظل يناضل ويناضل حتى يجد نفسه محكوما عليه بالإعدام بتهمة ممارسة النضال في مكان عام وبكرة تشوفوا,POS
66, يعلم #الأقصى أن يوماً سيأتيه رجال يحبُون الشهادة كما يحب المُـتخاذلون الحياة ! #فلسطين ,NEUTRAL
67,مع كل اللى بنشوفه كل شئء جائز :)),OBJ
68,أهدم نفسك عشان تبني مستقبلك !! #التعليم_في_مصر,NEG
69,شكرا شاركت بالفعل في اجتماع تأسيسية الدستور ولم نصل لشيء بعد!,OBJ
70,الآيات من ٨ إلى ١٢ من سورة البقرة الله,OBJ
71,#بيقولك_أعرف_بلدك مجموعة السلطان المنصور قلاوون #503,OBJ
72,_ هل من الاسلام لستخدام المساجد لاطلاق النار علي الاخر هل هذه هي وظيفة المسجد في الاسلام؟؟؟,OBJ
73,الجزء الثاني من حلقة الليلة,OBJ
74,من تاحالا فکر می‌کردم استخرها به خاطر نظافت تمیز و زلال میشن، نگو به خاطر فراموش نکردن دریچه‌های اطرافشون بوده! #مترو …,OBJ
75,لابد من عودة المواطن الى المشهد السياسي من خلال المشاركه العاليه و الواعيه فى الانتخابات,OBJ
76,"إخلاء سبيل #سما_المصرى وتغريمها 20 ألف جنيه فى قضية بث قناة ""#فلول""",NEG
77,3_ 0 لأ ارجوك خلي دمك خفيف إيه ده؟ فين كتالوج الألشة؟,NEG
78,84] #تاملات_ايمانية #غرد_بالخ…,OBJ
79,"دمحمد الجوادي يشيد بإنجازات مبارك في كتابه ""النخبة المصرية الحاكمة"" #مصر #قطر #الإمارات #السعودية #البحرين #لبنان",POS
80,أموي #سوريا • #جبهة ثوار سوريا _ القطـْـْاع الجنوبي درعا - الوية العمري - 26 - 6 - 2014 ابطال الوية العمري,OBJ
81,تم تأجيل لقاء دعمرو حمزاوي في نادي هليوبوليس إلي يوم السبت 26,OBJ
82,حمى الاعتقال فاقت الواقع والخيال,NEG
83,هل الفرح حرام ؟ كان الخطأ الأول لزملاءنا الإنقاذيين وإعلامهم ، هو امتناعهم عن المساهمة فى إنقاذ وتحرير جنودنا من,NEG
84,#السيسي_هايصالح #زينة #أحمد_عز,OBJ
85,في يوم الارض المجد كل المجد لمن يقاوم بامعائهه الخاوية #سامر_العيساوي #,POS
86,هيئة الطيران المدني تمنح أول رخصة تشغيل دولي من مطار #الجوف إلى #القاهرة لشركة نسما بمعدل 3 رحلات أسبوعياً بداية من يونيو المقبل #تبوك,OBJ
87,مع اعلام خالتى فرنسا يؤكدون ان فيديو سيسي المسرب مفبرك ثم يؤكدون (هم بشحمهم ولحمهم) ملاحقة من سرب الفيديو,NEG
88,مبادره دستورهم باطل لتعريف الشارع بالمساوئ الاقتصاديه و الاجتماعيه للدستور ببساطة،ريتويت بقا 3 مرات قبل الأ,NEG
89,أحمد شفيق يعرض خدماته الانتخابيّة على #السيسي ,OBJ
90,#ﺍﻟﺸﻌﺐ_ﻳﺮﺩ_تحية_الرئيس #انتخبوا_ #خليك_مصدق ان #الاخوان ارهابيين بدليل ان مات منهم بعد الانقلاب اكثر من 3الاف,NEUTRAL
91,عاد جلاّد الأندية ؛ وحاكم الكرة الدائم 😍️ #تصميمي #ريتويت #ريال_مدريد #كريستيانو_رونالدو,POS
92,لو حد قال بعد كدا الإخوان مصريين أوفصيل وطنى لازم يتحاكم بتهمة الخيانة أو الغباء!!,NEG
93,من أرشيف الصور لقاء د/ عبد المنعم أبو الفتوح مع بعض متطوعي الحملة - فريق بنها,OBJ
94,السماح لرموز الحزب الوطنى المنحل بالظهور للإعلام محاولة لخلق حالة تدلس على الرأى العام بان هناك رأى ورأى آخر عص,NEG
95,ردا علي الدكتور يحي الجمل,OBJ
96,"علاء الاسواني مقاله الاسبوعي بعنوان: ""من أين تنفقون ؟!"" وينشر صباح غد بجريدة المصري اليوم >>",OBJ
97,جميع الأديان تتفق على حماية الدين وحماية المال وحماية العرض وحماية الدماء #السادة_المحترمون …,OBJ
98,استعدوا لاتنين ريتويت حالا بس ما تعلقوش الا لما تقروا الاتنين:),OBJ
99,خالد ابو بكرمحامي الشهداء قال انه لايعلم من صاحب القرار بمنع محاميي الشهداء وأسرهم من حضور محاكمة مبارك تقدم باكثر من شكوى بلا فائدة,OBJ
100,الزقازيق الآن حرب شوارع وعلمت ذلك من خلال اتصال بأحد أقاربي هناك ورائحة الغاز تملأ الشوارع,NEG
101,ممكن تكون ضد مبارك ومرسي ممكن تكون مع مبارك ممكن تكون مع مرسي ،، بس الاكيد كلنا لازم نكون مع المساواة والعدل أما…,NEUTRAL
102,#قطر #الدوحة # #حمد #تميم #الرياض #دبي #الامارات # #ابوظبي خمس الاف متابع بـ 200 ريال 525,OBJ
103,في أول لقاء تليفزيوني له، حسن هيكل يتنصل من جمال مبارك ويدافع عن هيرميس ويشرح رؤيته لاقتصاد مصر آخر كلام ١١م,NEG
104,يعتذر دكتور عمرو خالد عن القاء الدرس الأسبوعي (علي خطي الحبيب) اليوم علي أن يتم الإعلان عن موعد الدرس لاحقاً بإذن الله,OBJ
105,الآن: الكاتب والسيناريست بلال فضل و الروائي العالمي علاء الأسواني وقائمة الاغتيالات في آخر كلام على 12053 - 12398 #,OBJ
106,حق الصوت عصام-سلطان/137923242939959,OBJ
107,#بلاغ_لمباحث_الانترنت اللى يعرف المعلومات دى لتزم يكون مشارك فى العمليه,OBJ
108,دعبد المنعم أبو الفتوح: لا يمكن السماح لاحد بالحديث بأسم الاسلام، ولكن يستطيع الكل ان يقدم مفهومه البشري للاسلام،,OBJ
109,اوعه السلميه,OBJ
110,اسماء شهداء الثورة #المجد_للشهداء #ريتويت كتير جدا بقى,POS
111,لم يتم الاتفاق على مناظرة تشمل مرشحين آخرين و إن كنا جميعاً نتمنى ذلك,OBJ
112,#البلو_جرانا يقف على رجليه مجددا، روح الإحياء بعد سلسلة الهزائم #بكفي_حصار #اوقفوا_الإقطاع #رياضة #,OBJ
113,د علاء الأسواني : من هم مرشحو الرئاسة الذين تلقوا أموالاً من الخارج ؟! أقرأ المقال كاملاً >>,OBJ
114,فساد في بعض المستشفيات الغير خاضعة للرقابة,NEG
115,محاكمة المتورطين وذلك بشرط ان تكون الحكومه واجهزتها لديها المصداقيه وليست صاحبة سوابق فى التزوير والتدليس والصاق…,NEG
116,المفسد عادل فقيه #عادل -فقيه -وزير-للصحه,NEG
117,أنا بعد ما عشت المعاناة السنادي لا يمكن أخلي ولادي يكرروها مالها صناعه ! #ثانوية_عامة,NEG
118,البوابة نيوز: اليوم #وائل_جمعة يودِّع الملاعب الإفريقية بالمغرب:,OBJ
119,من أنتم ،،،،، مرسي منتظرين ج…,OBJ
120,"في انتظار حيثيات الحكم لنعرف ""العقل المدبر"" لمذبحة بورسعيد حتي نفهم حقيقة ما يدور في مصر: نرجو أن لا يكون اللهو الخفي الذي يطاردنا منذ عامين",OBJ
121,قد خاب عبداً لآ يصلّي علي النبي نبي عربي ما لي شفيع سوااه #السيرة #دينا_الوديدي,OBJ
122,#اللهم اجمعنا بموتآنا في جنتك,OBJ
123,#حمدين_صباحي : السلطة سلطة الشعب وليست سلطة فرد,OBJ
124,شاهدوا الحلقة ١١ من برنامج عمر صانع حضارة و فيها يمسك عمر بن الخطاب الخلافة ويبدأ بالإقتصاد كأول خطوة لإقامة,OBJ
125,يبقى الكلام دائما أرخص من الدم، ويبقى الفقير هو الضحية المفضلة، وتبقى مصر كما هي تحب ولادها مقتولين، ولا حول ولاقوة إلا بالله,NEG
126,اللي مايعترف ان رونالدو الافضل اشك بقدراته العقلية بصراحه ،لاعب متكامل ضربات راسية وتسديد عن بعد وفاولات ومرواغ #اسطورة,OBJ
127,لما كريستيانو و ديماريا ضيعوا الجولين #ذا_شامبيووونز,OBJ
128,بينما اشار #حمد الى أن الهجوم #الإسرائيلي على #غزة جريمة حرب وفق المواثيق والقوانين والأعراف الدولية مسوخكم إعتبر…,OBJ
129,سيذكر تاريخ مستشفى الامراض العقلية أن محكمة مصرية اصدرت حكم ببرأة الفلول فاحتج الثوار ونزلوا ضربوا بعض فى ميدان التحرير !!,NEG
130,لما اعرف ان #محمد_رمضان عامل مسلسل في رمضان الجاي اسمه ابن حلال أمال مين اللي يبئه ابن كلب,NEG
131,معلش بقى لا #النور ولا #الاخوان ولا الكلام الفاضى دا كله، لو هنقول يا مواقف يبقى الحمد لله على نعمة #حازمون و الشيخ #حازم_ص…,NEUTRAL
132,"#دعوه_للتفاؤل "" ما انزل الله من داء الا انزل له دواء """,OBJ
133,كان صلى الله عليه وسلم يحب الطيب والرائحة الحسنة وكان لا يسلك طريقاً فيتبعه أحد إلا عرف أنه قد سلكه من طيب عرفه #نشر_سيرته #,POS
134,"#الشاهد — #أمين الفتوى السابق #بالأزهر: ظهور إمام ""#عمر_مكرم"" مع #إلهام_شاهين إساءة للأئمة لمشاهدة التفاصيل على",OBJ
135,#شعر #النصر #الهلال #متصدر_لا_تكلمني #الامارات #عمان #سوريا #غرد_بالخير #رتويت #دعاء [2889162],OBJ
136,أَسْتَغْفِر اللَّهَ الْعَظِيم الَّذِي لَا إِلَهَ إِلَّا هُوَ الْحَيَّ الْقَيُّومَ وَأَتُوب إِلَيْهِ #استغفار #اذكار #دعاء #أدع…,OBJ
137,#ﺗﺘﺸـﻞ ﺁﻵﯾـﺂﺩﻯ ﺁﻟﻠﻰ ﻗﺘﻠﺖ #ﺟﻨﻮﺩ ﺑـﻶﺩﻯ #مصر #الارهاب,NEG
138,#اللهم زد أحبتي #عفواً وعافية وتوفيقاًً وسداداً وصلاحاً #وأحفظهم من كل سوء #صباح الخير,POS
139,_ بوجود خالد يوسف في لجنة الدستور هل تتوقع ان يكتبوا علي بوابة الدخول في مطار القاهرهللكبار فقط,OBJ
140,شاهد - آخر كلام: الثوار وقوات الأمن والطرف الخفي #,OBJ
141,ﻭﻗﺎﻝ ﻝَﻡَّﺍ ﺣﻮﺻﺮ ﻓﻲ ﺩﺍﺭﻩ: يبيت ﺃﻫﻞ ﺍﻟﺤﺼﻦ ﻭﺍﻟﺤﺼﻦ ﻣﻐﻠﻖ ﻭﻳﺄﺗﻲ ﺍﻟﺠﺒﺎﻝ ﺍﻟﻤﻮﺕ ﺷﻤﺮﺍﺧﻬﺎ ﺍﻟعلا #عثمان_بن_عفان,OBJ
142,"صباح الخير على كل قراء ""بوابة الشروق"" الصورة لـ""معبد هابو"" بـ #الأقصر #غرد_بصورة …",OBJ
143,قرار رئيس الجمهورية بعودة البرلمان للانعقاد صحيح و التنفيذ الصحيح لحكم المحكمة الدستورية يكون في الإنتخابات القادمة,POS
144,الله يبركلك يا دكتور ابو الفتوح #,POS
145,#باقي_على #رمضان,OBJ
146,حتى الاراجوز مالوش مكان فى اعلام العار مطلوب قطيع يكرر ما يسمع ويتملي,NEG
147,يامصر صبرا إن بعد العسر يسرا يامصر صبرا إنما الثورات تترا فاصمدي يامصر وللباغين خسرا #بداية_النهاية,OBJ
148,وكان حصار المتظاهرين واستئجار البلطجية لضربهم وقتلهم ومنعهم من العلاج كان كل هذه الجرائم لم تحدث ولم يرتكبها احد يا للنفاق الرخيص,NEG
149,: مرحلة جديدة من تزييف الوعى #عمرو_حمزاوي ,OBJ
150,"الإنقلاب الدموي كان زمان إسمه ""أين البرلمان؟""",OBJ
151,#ثورة_الانترنت #اقالة_وزير_الاتصالات #مكملين #اعرف_حقك #ستنتصر_ثورة_الانترنت,OBJ
152,تسعين دقيقة رجولة اكسبو وفرحونا #اظن_كده_الرساله_وصلت #المصري # #بورسعيد البوستات مبقتش توصل اﻻ ل10% من,OBJ
153,اذا أجريت الانتخابات بنفس القضاة والضباط الذين اشرفوا على التزوير بنفس النائب العام مع احالة من يعترض الى محاكمة عسكرية النتيجة معروفة,NEG
154,"سلسلة رسائل ثائر سياسي الى حبيبته  ""يوسف مصطفى الحسينى ""#يوسف_الحسينى #مصر # #فلسطين #سوريا #الإمارات #لبنان …",OBJ
155,للأسف انتهى وقتي اليوم ومضطر للجري للجامعة للتدريس ونتعود للدائرة الساعة ٧ مساءا شكرًا وهنكررها كمان أكيد,OBJ
156,هامش للديمقراطية سمات السلطة الشمولية,OBJ
157,#قافلة_حطم_اصنامك 25/4 #اسلوب_حياة,OBJ
158,شاهدوا الحلقة 12 من برنامج عُمَر صانع حضارة - جمع كل الطاقات,OBJ
159,أمي تسألني كل صباح عن معنى الحرب الأهلية تسألني كل صباح و هي تنسق باقة فل في زهرية,OBJ
160,قائمة الدائره الاولى محافظة الشرقيه,OBJ
161,1)منذ السبت الماضي وأنا خارج مصر لظروف عائلية,OBJ
162,__4 ده شفيق اللي متقدم فيه بلاغات الدنيا أخذ نصف الأصوات يعني نصف الناس قبلت العمى ولا قبلتوش أغلبية؟,NEG
163,شاهد- أنباء عن مقتل علي عبدالله صالح والمتحدث باسم الحكومة اليمنية يقول أن إصابته طفيفة وسيظهر خلال ساعات #,OBJ
164,علاء الأسسواني: ان جماعة الاخوان المسلمين تقوم على السمع والطاعة العمياء والولاء المذل الى درجة تلبيس الأحذية >>,OBJ
165,عرض 10 ألاف متابع #صباح_الخير #بعد_منتصف_الليل #غرد_بذكر_الله #صور_كنك_بنت #لو_كنت_المتحكم_بالتويتر [2187367],OBJ
166,الأسماء المقدمة من وفد الأمهات هي لأشخاص كانوا في محيط الداخلية وهناك بالتأكيد تشابه في الأسماء هاني لوقا المقصود أخذ من حول الداخلية,OBJ
167,بيان أعضاء نيابات شرق الإسكندرية يتضمن عبارات كارثية فى حق النائب العاممستحيل استمرار وضع النيابة بهذا الشكل المؤسف,OBJ
168,كلية استغفر الله العظيم المعيدين عايزين يعملوا فيها دكاترة وبيشتغلوا علي مزاجهم #فنون_تطبيقية #دمياط,NEG
169,#اللى_رافضين_السيسى_رئيس_بيعملوا_فولوا_لبعض #مؤيدين_السيسى_بيعملوا_فولو_لبعض #سأنتخب_السيسي كلهم كدابين …,OBJ
170,عندما تحتاج لحوائط عازلة لمؤسسات الدولة فهذا برهان أن تلك المؤسسات ليست لخدمة الشعب وإنما لقهره!,OBJ
171,وقف خط الطيران بين #القاهرة و #أثيوبيا يحتاج إلى قرار سيادي,OBJ
172,اسرائيل تدفع مليارات وتتفرغ سياسيا وعالميا لدعم الانقلاب ما حققه لها فى 100 يوم عجز زعماء صهيون عن تحقيقه فى 100 عام,NEUTRAL
173,مصر كلها هتصوت لعبد المنعم أبو الفتوح القـوى الأميــن,POS
174,#ماهر زين ناااس تشبهلنا : ^_^,POS
175,الراقصة شهيدة لو ماتت أثناء الرقص لأنه عملها …,OBJ
176,4775 وما معنى مجيء مواطنون من المحافظات للتصدي لمتظاهرين من القاهرة؟ ده اسمه إيه؟,OBJ
177,نبيل الخطيب، رئيس التحرير التفيذي في قناة العربية، يتحدث عن الدراسة في معهد الإعلام الأردني.,OBJ
178,#أطباء #ديالى يمنعون من التصويت #العراق_ينتخب,OBJ
179,الدكتور حازم الببلاوى طلع اخوان--------------هههههههههههههههه #الببلاوي: اعتبار الإخوان جماعة إرهابية كان قرارا,NEUTRAL
180,اعد باستعادة حقوق المقهورين والشهداء والمهمشين والضعفاء وان اكون سند الفقراء,OBJ
181,محامي ومستشار قانوني ٠٥٣٨٧٥٥٥٢٧ #نواف #علي #عمر #محمد #خالد #محامي #ركان #سعاد #سعد #حماد #حمد #احمد #يوسف #السعودية #فايز #عاجل #الرياض £,OBJ
182,"#الوئام مناورات ""سيف عبدالله"" رسالة قوية عنوانها… أمن وطن وسلاح أمة #السعودية #الكويت #البحرين",OBJ
183,"بعد المغرب #برنامج_وجهة_نظر على #قناة_مجد وحوار حول ""الاختبار التحصيلي"" ضيفنا: دعبدالله القاطعي نائب رئيس قسم الاختبارات في قياس",OBJ
184,#الحقيقة_مباشر_مصر|#انقلاب_3يوليو شبرا الخيمة جمعة #حاميها_حراميها 25/4/2014,OBJ
185,لو مهتم تعرف ردي هتلاقيه هنا في المقال ده وكل واحد في الحياة ليه منطقه,OBJ
186,بكرة أحلي بإذن الله:),OBJ
187,النهاردة ومرسي في القفص عرفت ان محافظ سوهاج لسه مسماش اكبر ميدان هناك باسم الشهيد الحسيني ابو ضيف لعل المانع خير يا ب…,NEUTRAL
188,النهاردة إستئناف حكم معتقلي الازبكية بالحبس سنتين ومراقبة سنتين ، وجلسة تجديد حبس ٤٠ معتقل في احداث #جامعة_القاهرة ١٦ يناير حبة عدالة يارب,OBJ
189,تابعونى الليلة فى تمام الساعة 10:30 مساءً على قناة مصر 25 برنامج الوان الطيف,OBJ
190,الوسط يحيى ذكرى العبور بوضع أكاليل الزهور على قبر الجندى المجهول ، الشعب يريد عبور جديد,OBJ
191,حلوان وروكسي وعين شمس بورسعيد وبنى سويف والمنيا والفيوم والسويس شكرا حشودكم شعب مصر عظيم,POS
192,3 تم الإتصال أكثر من مرة وستكون عندنا بالغد في لجنة حقوق الإنسان,POS
193,شاهدوا برنامج عُمر صانع حضارة و جميع ندوات رمضان لدكتور عمرو خالد على قناة اليوتيوب,OBJ
194,#أنا_حازم #انصاف_الاخوان#الثائر_البغل #مرسي_رئيسى #سنحيا_كراما #الديوث_برهاميوس#انتخبوا_ #_,NEUTRAL
195,وحدوا الله يا جماعة وبلاش إشاعات عن مفاجآت عشان مش عايزين إحباطات كل الحكاية ملف معقد هنحاول نفهمه مع بعض :),POS
196,بعد وقف العنف فى التحرير، الدكتور عمرو حمزاوي/ يستأنف حملتة الانتخابية من بعد ظهر اليوم,OBJ
197,#سري,OBJ
198,#رصد| فعاليات مناهضة للانقلاب ومتضامنة مع انتفاضة السجون بـ #المنوفية نظم التحالف الوطني لدعم الشرعية ورفض …,OBJ
199,كورسيرا أكبر موقع عالمي يحتوى على مناهج جامعات عالمية هي الأفضل في تصنيف 2013! نتعاون معهم لتعريب المناهج، شاركونا! …,POS
200,المضمون الوحيد لإعلان مرسي الدستوري هو استبداد رئاسي مطلق، مصر أمام انقلاب مرعب على الشرعية وسيادة القانون واغتيال كامل للتحول الديمقراطي,NEG
201,الأسواني:لماذا تصر الولايات المتحدة على استمرارها في دعم مرسي للنهاية رغم قتله للمصريين وقمعه للتظاهرات …,NEG
202,الاشارات البذيئة من يد واصابع علاء الاسوانى لمعارضيه فى فرنسا تكشف المعدن الحقيقي لليبرالية عند الانقلابيين,NEG
203,ألمصريين أحرار !!!!!,POS
204,شاهد - آخر كلام: غضب في الشرق وغضب في الغرب #,OBJ
205,شاهد - آخر كلام: الذكرى 63 للنكبة وأحداث فض المظاهرة أمام سفارة إسرائيل في القاهرة,OBJ
206,لله الحمد تجوزنا 5000 محب و متابع لصفحة #الأقصى متى نصل لـ 10 آلاف محب ومتابع ؟؟ #تغريدات_الدكتور_عوض_القرني,POS
207,#حذر تصبحووون ع خييييير ️,OBJ
208,#النصر_الشباب شكلي اذا شفت صرصور 😂😂,OBJ
209,#طارق_الزمر: فتاوى #برهامي تروج لاغتصاب الأمة أو السلطة,NEG
210,88 إنت باين عليك لجنة أمن دولة مفضوحين جدا,NEG
211,و حاجة كمان بس اديني فرصة,OBJ
212,أحمد عجب - لاعب كويتي ( شخصيات الحملة ) #اجر #انشر #اعلان #الحملة #الكويت #المعلم #البحرين…,OBJ
213,مفاوضات الجمعية لابد وأن تنطلق من قاعدة جمعية تأسيسية من خارج البرلمان ووضع معايير وضوابط تضمن كفاءة الأعضاء وتمثيل أطياف المجتمع,OBJ
214,زوقوك الناس يا دنيا بالكلام عن السلام و الكلام غير الحقيقة و العمل غير الكلام #محمد_محسن,OBJ
215,#شبشب_ابوصباع دة الاداه التربوية الاكثر شهرة و تأثيرا في الشرق الأوسط والمنطقة,OBJ
216,ساركوزي: ما يحدث في الشرق الأوسط هو تطهير ديني للمسيحيين في صحتكم,OBJ
217,#الهولوكوست أبشع جريمة في التاريخ الحديث!صوتي يا انشراح على اساس ان اللي بيحصل للفلسطينيين مش مكفيه …,NEG
218,الحق عائد الشرعية عائدة رئيسنا مرسي عائد بلدنا الحبيب مصر عائد ان شاء الله عائدون عائدون,OBJ
219,يا ترى هنحتفل إزاى ب 25 يناير ؟,OBJ
220,هل حزب النور يعترض على البرادعي إرضاء لإسرائيل ولقلقها من الراجل ولا هو أي عدم تحقيق مطالب وعطلة وخلاص؟,OBJ
221,ذكرى استعادة #سيناء ستمثل عيدا للعسكرية والدبلوماسية المصرية,POS
222,ثأر #سيد_بلال وغيره سيلاحققك أيها الأفاق #برهامى #شيوخ_السلاطين #تجار_دين,NEG
223,هل ألمانيا اشترطت على مرسي مايقعدش عندها أكتر من يوم عشان طاقة شبكة مقاومة الكوارث ماتستحملش أكتر من كده؟,NEG
224,المشكلة هي في أنصار الجدل العقيم، المشكلة هي في أحزاب وتيارات تريد دستورا رجعيا بنتقص من الحقوق والحريات باسم خطر متوهم هو مخالفة الشريعة,NEG
225,"زوجة #متعب على "" #فيس_بوك "": "" #الشرطة مينفعش معاها غير معاملة #الألتراس """,OBJ
226,وفاة #مبارك وتشييع #الجنازة بمسقط رأسه فى #المنوفية نجل عم #الرئيس الأسبق #محمد_حسنى_مبارك #مصر #الجيش #حسني_مبارك #جمال_مبارك #ناصر,OBJ
227,بداية المباراة #المصري - #المنيا رابط المباراة :,OBJ
228,د باكينام الشرقاوي، مساعد رئيس الجمهورية، يعقبها الإعلامي الكبير حمدي قنديل في آخر كلام، أون تي في ١١م,OBJ
229,أما المتأسلمين الجهال #أدعياء_السلفية #الجامية لا أخلاق ولا مبادئ يتشمتون ويضحكون على جثث #مجزرة_رابعة_العدوية …,NEG
230,نهنئ إخواننا الأقباط باختيار الأنبا تواضروس بابا الأسكندرية وبطريرك الكرازة المرقسية بناء وطننا يحتاجنا جميعاً معا نبني مصر,POS
231,شباب مصر فى الكويت,OBJ
232,#نصف_الدنيا #مجلس_الوزراء : #مصر لن تتنازل عن حقها المائي,OBJ
233,والمصحف مرتضي منصور بيتلكك لميدو #زمالك,NEG
234,الاخوان لا يحرقوا كنائس يا مروج الكذب,NEG
235,#جبهة ثوار سوريا_ القطاع الجنوبي - درعا 27_4_2014 بعض الغنائم التي حصل عليها الثوار بعد تحرير تل أحمر شرقي,OBJ
236,#البوابة_نيوز: #أردني يستورد عصائر منتهية الصلاحية ويعيد طرحها بالأسواق:,OBJ
237,واحد بيسألني إحساسك إيه بعد عودة السباعي طب أقوله إيه ده؟ معلش خير هجيبلك روميرو,OBJ
238,"الأسواني : "" اذا كنت مسلما لماذا تعارض تطبيق شرع الله ؟! """,OBJ
239,#قطر: الاختلاف بوجهات النظر الخليجية انتهى #سحب_السفراء_من_قطر #سحب_سفراء_السعودية_والبحرين_والإمارات_من_قطر,OBJ
240,3 الدم المصري كله حرام، أدين الاعتداءات على مقار الإخوان والحرية والعدالة وكافة أشكال العنف، جميع الضحايا مصريون لا فرق بين إخواني وآخر,NEG
241,_3 في الحقيقة نفسي ولكن الموضوع مش في يدي,OBJ
242,لو صحت شائعة تعيين الجنزورى رئيسا للاهلى سيكون طاهر ابو زيد قد دمر الاهلى مليون مرة بقدر ما قدم اليه كلاعب,OBJ
243,تفووووووووو #غزة_تحت_القصف,NEG
244,خرجت النهارده لقيت كل الشوارع وكل الحيطان عليها هاشتاج #انتخبوا_البرص :) لا وحاجات تانيه ألعن من البرص والانقح,NEG
245,"لن يستعصى أمركم علينا ""إنذار أخير""",OBJ
246,"4- #صورة من #النماص هذه الايام وهي تتزين لزوارها """,OBJ
247,انتهاك حرمة المسجد الأقصي علي يد الصهاينة جريمة لن يغفرها التاريخ لكل الصامتين و السؤال عن الدور المصري أصبح مطروحا بقوة,NEG
248,شاهد الان د عمرو خالد على قناة النهار الفضائية و حوار بعنوان الدين و السياسة مع الإعلامى محمود سعد,OBJ
249,كما نسعى لتوعية المجتمع بالمخاطر التى تواجهها الثورة,OBJ
250,لا علاوة سنوية ورفع اسعار الطاقة وكل السلع وفلوسنا 65 مليار دورلار في #سويسرا !!! #لن_ندفع_الفواتير #مصر #الاهرام #الاخبار #الوفد #الاعلام,OBJ
251,#حاول تخسر شي لجل صديقك وولا تخسر صديقك لجل شي♡̷̵! ♈̷̴-,OBJ
252,عرض الاسبوع 36 ألف متابع #وش_أكثر_شي_يسهرك #صيام_الإثنين #خد_موقف_من #صلاة_الوتر #فى_تويتر_تلاقى #الدمام [927627],OBJ
253,كيف تعرفين جنس جنينك بنفسك ?! #مولود #جنين #حامل #سونار,OBJ
254,علاء الاسواني يكتب: جملة اعتراضية هل يمثلون الاسلام أم يمثلون أنفسهم ؟!,OBJ
255,صح :),POS
256,فيديو #رونالدو يخطف الأنظار بهدفين من طراز الكبار #صدى_الملاعب,OBJ
257,"الفرق بين إعمال "" النص"" وإعمال "" المقتضى"" عصام-سلطان/137923242939959",OBJ
258,هﻻ بالعيااااال😉😁 #مزه #نعنبوزينها #ماشاءالله #فيديو #كتوه و رجعه للدوام 😧,OBJ
259,3 غنذك حق,OBJ
260,من #الذاكرة #حلم_وبكبر حملة #حماية والتي اطلقتها #صناع_الحياة في الوطن العربي من خلال الداعية د #عمرو_خالد,OBJ
261,مثلا هل ممكن ان تفق جميعا أفرادا و أحزابا على ان نعطى الوطن فرصة لالتقاط الأنفاس و اجراء الانتخابات و اعادة الاستقرار؟,OBJ
262,_ عندما توضع قوانين عادلة للمنافسة بالتأكيد سيحكم أبناء الثورة وهذا قريب إن شاء الله,OBJ
263,سامح ومرسي وماهر,OBJ
264,اذان الظهر تقبل الله منا ومنكم صالح الأعمال #اسلوب_حياة,OBJ
265,البيت الابيض يقول ان 14 دولة اخرى وقعت بيانا للتحرك بشأن سوريا #السادة_المحترمون,OBJ
266,يعتدون على خالد داود صائحين يا بتاع جبهة الإنقاذ يا كافر،فليصمت زياد بهاء الدين و رفاقه عن حديث المصالحة و الا سنرد عليهم بحديث الأصابع #مصر,NEG
267,#رصد_المغربية | عاجل | #محاكمة_مرسي | مرسي للقاضي : الانقلاب الى زوال و القاضي يقطع صوت مرسي داخل المحكمة,OBJ
268,شاهد - آخر كلام: مش هنخاااف إضراااب ستة إبريل #,OBJ
269,عادي الدكتوره تجي متاخره ثلث ساعه  بس مو عادي الطالبه تتأخر ٥ دقايق #عشنا_وشفنا,NEG
270,نهضة الغرور والأنانية يدعمها النفاق,NEG
271,#الملعب | إيهاب عبدالله رئيس نادي #دمنهور:فريق الكرة بالنادي يعتمد على مجموعة من اللاعبين صغار السن ونأمل تحقيق نتائج طيبة الفترة المفبلة,NEG
272,#السيسي عين #عدلي_منصور رئيس مؤقت وعدلي طرطور رقى السيسي لرتبة #مشير الله يديم المحبة #مصر,NEUTRAL
273,قوات الأمن تعتقل عدد من طلاب الإخوان المتورطين في أعمال التخريب بجامعة الأزهر,OBJ
274,الثورة المصرية هي اول ثورة تشارك فيها كل طبقات المجتمع #السادة_المحترمون,OBJ
275,#واحد_فاضي #الهلال #السعودية #النصر #النصر_الهلال #غرد_بصوره #الرياض #زيادة_المتابعين #رتويت #هاشتاق_خاص [2601916],OBJ
276,طنش وحط راسك ع مخدتك ونام اكسب صحتك وراحة بالك احسنلك :') #اه_والله,OBJ
277,إلى #قطر العروبة و #النهضة لـو كنت على باطل ما سافرت اليكِ القلوب وما رجونا لك النصر ومن تكن العلياء همة نفسه فكل ال…,OBJ
278,إلي شريك شفيق في مشروعهما الرئاسي الفاشل: عيب عليكما تعاونكما مفضوحتزويركما فج,NEG
279,الحمد لله ان حقن دماء المصريين وأصلح بينهم وعقبال القوى السياسية 3,POS
280,الأسواني: ثانيا: ممارسة الدين بالتميز>> الدين بالنسبة الي المتطرف ليس علاقة روحانية مع ربنا سبحانه وتعالى وانما>>,OBJ
281,حصرياً أول ?يديو للقبض على بديع مرشد الإخوان #مصر #تونس #الأردن #سوريا #فلسطين #الإمارات #السعودية #لبنان,OBJ
282,-- # #7 # #كرستيانو_رونالدو #رونالدو #الدون #الملكي #المرنغي #ميسي #برشلونة #7 #,OBJ
283,#يوسف_الحسيني لا تستمعوا لكلام البلتاجيفهو لا يريد الا التشويهخسىء وخسأ قومهسلام! #السادة_المحترمون …,NEG
284,أنا ضيف _:الفنان المصري عمرو واكد ضيف #مجلس_مهيرة ا لآن تابعونا هنا على تويتر,OBJ
285,انا مش عايز اخش في مناقشات وافندالهجوم و اثبت منطقي في المقال اذا فيه حوار اتفتح، فده بالنسبة لي شئ رائعمش عايز اكتر من كده,NEUTRAL
286,#خرجوهم_يمتحنوا تحتل #جامعة_الزقازيق المركز الثالث بعد #جامعة_القاهرة و #جامعة_الازهر بـ90 طالب بعضهم مختطف لم يدرج في سجل…,OBJ
287,أرفض الحديث عن خروج آمن يعني حصانة للمتورطين في الانتهاكات والمزايدة هنا باقتطاع حوار تليفزيوني من سياقه رخيصة وتأتي من قوى تخجل من مواقفها,OBJ
288,#الدقهلية نظم العشرات من العاملون بمستشفى الطلبة بجامعة #المنصورة وقفة إحتجاجية داخل المستشفى للمطالبة بإقالة,OBJ
289,صورة من كواليس إحدى حلقات برنامج (قصة الأندلس) المنتظر عرضه في رمضان القادم يمكنك مشاهدة برومو البرنامج على,NEG
290,ظب خشوها لوجدكم بقه انتم و جبهة الضمير هه,OBJ
291,اقولك على حاجه!! الدنيا مش محتاجه! #اه_والله,POS
292,فيه 3 شباب لابسين خوذ وشايلين عصيان بيوقفوا العربيات الملاكي عشوائيا ناصبة فندق شبرد الكورنيش لو عسكري واحد وقف حيمشيهم …,OBJ
293,الاعلام الفاسد وفئرانه اميركا تساند الاخوان واليوم وفد من الكونجرس يلتقي سيسي والطرطور وبلاوى مجانين رسمى,NEG
294,من عتمة الليل النهار راجع ومهما طال الليل بييجي نهار مهما تكون في عتمة ومواجع العتمة سور ييجي النهار ينهار عمار وسيد,OBJ
295,انتظروا #قصة_الأندلس في رمضان,OBJ
296,ساويرس ظبطك على الاخر وعملك فورمات لمبادئك كل عيش يابو دم خفيف,NEG
297,#منى_سيف : لا للمحاكمات العسكرية للجواسيس اللى بيتعاونوا مع اسرائيل ! #تويت_كأنك_ناشط_ايام_حرب_اكتوبر,NEG
298,الوطن | مبادرة رُفضت وأربعة استنتاجات | عمرو حمزاوي:,OBJ
299,عرض الاسبوع 36 ألف متابع #وش_أكثر_شي_يسهرك #صيام_الإثنين #خد_موقف_من #صلاة_الوتر #فى_تويتر_تلاقى #الدمام,OBJ
300,اكثر من مليونى شاب شجاع بالجامعات هم العمود الفقرى للمصريين الرافضين للانقلاب,OBJ
301,ياريت كلنا نشارك في الإستفتاء على مرشحي الرئاسة بموقع صوت مصر ادخل واختار من تراه الأصلح لمصر,OBJ
302,إن شاءالله الزمالك بطل الدورى 2013/3014 وافتكروا الكلام ده كويس :) #الزمالك_الافريقي,OBJ
303,مدريدى #ذا_شامبيووونز,OBJ
304,"#جمعة_مباركة """,OBJ
305,ثقوا بنا تجدوا ما يسركم - هتنزل يوم 30 ؟ - طبعا هنزل هى دى عايزة كلام - ليه ؟ - علشان البلد,OBJ
306,3 الدكتور لم يقل هذا هو دعا لفصل العمل الحزبي عن العمل الدعوى بمعنى ألا تقوم الاحزاب بممارسات تنافسية في المساجد,OBJ
307,من بعيد العدد ماشاء الله جبار #جامعة_المنصورة,OBJ
308,#الأقصر مدينة خضراء,POS
309,شاهد - آخر كلام: مبارك الفاضل المهدي - السياسي السوداني البارز #,OBJ
310,13 أيوة الإليكترونيكس هي اللي زهقتني,OBJ
311,لحظة غروب الشمس اعلي كوبري ستانلي ف اسكندريه #بيقولك_أعرف_بلدك,OBJ
312,1 أجدد التأكيد على أن ترشح المهندس الشاطر خطر على مصر وعلى فرص الديمقراطية، ولا يقل خطورة ترشح عمر سليمان,NEG
313,يقول الحسن البصري: يا ابن آدم الدنيا ثلاثة أيام: أمس قد ذهب بما فيه، وغدا لعله ليس من عمرك، ويوم انت فيه فاعمل فيه الخير,OBJ
314,شكراً لـ #الدفاع_المدني لإنقاذ #طفل_طبرجل تذكرت #لمى_الروقي فكر أنا ينسى؟,OBJ
315,العاقل من يصنع قارباً يعبر به النهر، بدلا من أن يبني حوائط حول نفسه تحميه من فيضانه '' #عمرو_خالد '',OBJ
316,ولد خالها أو ولد عمها ^ بعدين تنتقل للإحتراف الخارجي ☺️ ههههههههههههههه 😂,OBJ
317,بلاش الخيال المريض ده وكفاية عداء وكره للاخوان,NEG
318,_7 متعة لأن بيخليهم يفكروا,OBJ
319,اما ان توافق الاخوان على قتل الناس وتعذيبهم وإحراق الكنائس وتخريب البلد واما ان يعتبروك شامتاالدم المصري كله يحزننا جداً لكن الاخوان مجرمون,NEG
320,#الشروق محافظ البحيرة يكرم 140 من أبطال حرب أكتوبر: كرم محافظ البحيرة اللواء مصطفى هدهود، 140 من أبطال #مصر,OBJ
321,#اخر 4 دقائق من مباراة الهلال و سباهان تصوير من المدرج : دددديييييققققققاااااااوو وحش ~,OBJ
322,__ #ماذا_فعلت_فى_الدنيا_ليدخلك_الله_الجنة_ حـــــــسن الظن بالله كما قال الله (أنا عند حسن ظن عبدي بي),OBJ
323,المقصود هو أن هذه مشكلات موجودة بالقطاع الصحي ولابد من علاجها,OBJ
324,كان قلبي حاسس,OBJ
325,4 من شباب تمرد وحركة 30 يونيو فى لجنة الدستور وشباب 25 يناير الذين دعموا 30 يونيو غاضبون اشربوا يا اغبياء,NEG
326,#كأس_الاتحاد_الإفريقي : #الأهلي جهز #جدو لمباراة #الجديدي_المغربي,OBJ
327,بعد ثلاثة ايام من اعلان الحرب على بلال فضل تقلص الفارق من عشرة الاف الي ثمانية الاف فولورالثورة مستمرة #,OBJ
328,30 على سي بي سي تو,OBJ
329,القراء الأعزاء اعترافا مني بأننا معشر الصحفيين عالم ولاد تيت (الا من رحم ربي) وأننا احيانا نلجأ لكتابة …,NEUTRAL
330,الى كل من ليس لديه امل فى تحقيق اهداف #ثورة_يناير وكل من سقطت آمالهم بعدما حدثت الثوره الثانيه #30_يونيه احب,NEUTRAL
331,#تنويه_البرنامج لو جنبك عيل وخايف عليه وفاكر ان الالفاظ اللى هتسمعها فى البرنامج هتفسد اخلاقه يبقى لامؤخذه قوم انت لان,OBJ
332,الثورة دي لولا الأميين ماكانتش نجحت أصلا أو على الأقل ده اللي أنا شفته يوم 28 ينايرإحنا بس مابنعرفش نكلم الناس صح والله أعلم,NEUTRAL
333,الشعب مصدر السلطات مطالب الشعب واضحة وصريحة الإستجابة الصادقة والفورية لها هى بداية لإعادة بناء الوطن لا يجب أن نكرر أخطاء الماضى,OBJ
334,شاهد - آخر كلام: منير فخري عبدالنور - وزير السياحية في حكومة تصريف الأعمال,OBJ
335,# #دعاء #دعوة_صالحة #صورة #صور #غرد_بصورة #إسلام #إسلامية #تدوين #مفيد,OBJ
336,التجمع الساعة 4 أمام مسجد الشيخ كشك بشارع مصر والسودان ترعة الجبل كوبري القبة طومانباي ميدان سراي القبة,OBJ
337,فلان يصبح 'حرامي' حين تثبت عليه فعل السرقة فقط بحكم قاضِ يمكنك أن تصف الشخص,OBJ
338,شبكة العملاق | رصد| #أثيوبيا تتحدى الانقلاب: مستعدون لأي مواجهة بشأن السد,OBJ
339,حد فاكر #سانت_كاترين و الناس اللى ماتت و كل واحد كان عامل فيها محلل سياسى شعب زياط من يومه و الحكام,NEG
340,#اعرفوهم #انقلاب_مصر #يسقط_حكم_العسكر #الداخلية_بلطجية #الحرية لعبد الله مراد: 20 عامًا طالب بكلية الهندسة قسم مدني,OBJ
341,اجتهدوا في #الخير،فإن تحقق المراد فهذا هو #الرجاء والا فعذركم أنكم حاولتم,OBJ
342,انا لو خلفت ولد هسمية #عبد #الفتاح :) اهو لو مطلعش #مشير يطلع #عنتيل :) :),OBJ
343,33 المسلمين عظماء بالفكر النبيل المتحضر مش بالقتل يا ابى جهل,NEUTRAL
344,#الشروق انفجار بجوار مركز مدينة بنغازي يتسبب في أضرار بعدد من السيارات: وقع انفجار كبير في ساعة مبكرة #مصر,OBJ
345,خلف #هندسة بجوار #بيطري #جامعة_المنصورة حق اخواتنا و هنرجعو,OBJ
346,"بالفيديو| عزيز الشافعي ""لحقتي"" السهل الممتنع #عزيز_الشافعي",OBJ
347,الثقة تبنى بالافعال وليس بالكلام والبيانات # #2,OBJ
348,علاء الأسواني يكتب: الصكوك الإسلامية واحدة من كوارث كتيرة عملها حكم الإخوان فى 6 شهور >>,NEG
349,"#أردوغان معادي للإسلام يقود ""دولة فاجرة وفاسقة""",NEG
350,خلاص هانت بكرة #الراتب,OBJ
351,"عملي مع #الإخوان ""سبوبة""والنيابة تأمر بحبسه …",OBJ
352,الشيخ كشك وجلاد السجن الحربي حمزة البسيوني الذي قال لو نزل الله من السماء لحبسته في زنزانه #مصر_القوية,OBJ
353,: إن كان عيد الأم في سلمهم يوم أنا عجوزي كل يومٍ لها عيد ! #عيد_الأم ,OBJ
354,) #الحريه_لطلاب_صيدله_المنصوره,OBJ
355,#نفسي,OBJ
356,"اتحاد #طلاب #المدارس يناشد النائب العام الإفراج عن ""الطالب #المخترع""",OBJ
357,81 64681296 لا مش مضبوط ما زال دعم المصانع يكلف 70 مليار أرجوك إنت تابع:,OBJ
358,"#دون | مسيرة حاشدة لأنصار المعزول بـ #شبرا_الخيمة والهتاف الآن ""بلدي يابلدي #السيسي خرب بلدي """,OBJ
359,هذه السيدة ليست مندوبه ولا علاقة لها بالحملة والفيديو مفبرك بغرض الإساءة,OBJ
360,اليوم السابع | مصرع شاب بطلق خرطوش فى الرقبة أثناء حضوره حفل عرس بـ #المنوفية,OBJ
361,#الوفد - #عسكر:الأمن مستقر بـ #جنوب سيناءوتأمين كامل للقناة,OBJ
362,مصر 30 اغسطس انزل احشد اهتف يسقط حكم العسكر سلميتنا هى طريقنا للنصر سلمية سلمية,OBJ
363,بتسمع صوت موتور بتفكّرو هلكوبتر بتسمع صوت موّلدة كهربا بتفكّر هلكويتر ياربي دخيلك شو هالحالة #سوريا,NEG
364,لو يوسف الحسيني شخص عادي مش إعلامي كان اللواء المحافظ قاله سيادتك ؟! …,NEUTRAL
365,الاعلامي المحترم يوسف الحسيني يطالب بإعادة فتح التحقيق في حريق مسرح قصر ثقافة بني سويف2005,POS
366,فيديو: رد المصريين على دعم حكومة الإمارات للسيسي #ابعتلهم_راجل !!,OBJ
367,"#أردوغان يظهر ومن خلفه شعار #رابعه من الآية الكريمة ""إنما المؤمنون إخوة""",OBJ
368,دعلاء الأسواني: ماذا فعلت الولايات المتحدة مع السيد فوجيموري حين وضع نفسه فوق القانون ؟! >>,OBJ
369,#جبهة_النصرة قصة جميلة جدا؟؟!! لعمر بن عبدالعزيز الزااهد العادل؟؟!! 1989 #عمر_بن_عبدالعزيز,OBJ
370,اذا عارضت المرشد فانت عند الاخوان فلول او علماني عدو للدين الا يمكن ان يكون الانسان مسلما وثوريا ووطنيا ومعارضا لقرارات المرشد ممكن ؟,NEG
371,2 الانتخابات الرئاسية المبكرة تختلف جذريا عن الحديث المرفوض بالكامل لإسقاط رئيس منتخب بالعنف، وعن المطالبة المرفوضة بالكامل بتدخل الجيش,OBJ
372,من قرأ قل يا أيها الكافرون عند نومه ونام على خاتمتها كانت له براءة من الشرك #سنن_نبوية,OBJ
373,هامش للديمقراطية ـــــ متى يغيب الطلب الشعبى على المعلومة ومعرفة الحقيقة؟ - عمرو حمزاوي :: بوابة الشروق ::ل ::,OBJ
374,ذكريات مشاهير رجال المغرب في العلم والأدب والسياسة للأديب العلامة عبدالله كنون ط التراث المغربي وابن حزم #معرض_الكتاب …,OBJ
375,#الجزيرة اظهرت تسجيلات غير فيها #صباحي رأيه حسب الظروف كانت أمامه فرصة ليكون محترم #مصر #الاعلام #الاخبار #الوطن #رابعة #الشروق,POS
376,الشيباني: أرباح دبي الإسلامي تعكس استراتيجيته - #الإمارات #بالعربي,OBJ
377,#نحن_معكم #سوريا وتقاطع المصالح مع الشيخ عمر الزيد من تقديم544 وتسجيل…,OBJ
378,بغض النظر عن نتيجة الاستفتاء سيظل هذا الدستور غير شرعي لانه خرج من لجنة تأسيسية باطلة تم تحصينها بإعلان دستوري باطل سوف يسقط دستور المرشد,NEG
379,على الـ الان محمد سامي يقول : الحكم على 700 انسان بالاعدام أمر مبهج !! اين وصلت الانسانية !! #مصر #القاهرة #الاخوان #الفلول,NEUTRAL
380,خفوا ع الراجل يا جماعة ده كده بقى خلاص سامي هينام,NEUTRAL
381,7: مصدر: الإخوانى صاحب منزل قنبلة بـ #الشرقية سائق #خيرت_الشاطر ,OBJ
382,"استمرار توافد الآلاف لـ #ميدان_التحرير للمشاركة في مليونية ""للثورة شعب يحميها"" #",OBJ
383,و أعتز بمصريتى و صعيدتى,POS
384,تعي المؤسسة العسكرية جيدا مغبة الحكم و التعاطي السياسي خاصة بعد سنة ونصف دامية و لن تكرر التجربةليس ذنبهم ان الشعب يناديهم بعد معاناة #مصر,OBJ
385,#تخيل إنك أعمى ؟ أو مكفوف ؟ لا سمح الله أكثر الناس راح يقدرون النعمة إذا فقدوهآ ! #حقيقه,NEUTRAL
386,اة يا تيشيرت العمر يا ابيض راح فين اغلى الشباب #عمرو_حسين #زمالك #,OBJ
387,أصحاب رسول الله صلى الله عليه وسلم عدول ولا ينتقص منهم أحد إلا …,OBJ
388,مذبحة جديدة بحق السعوديين الأبرياء نُفذت في #الغوطة_الشرقية على يد #الحرس_الجمهوري الأسدي الظالم فأين أنتم يا مسلمين #وا_معتصماه,NEG
389,تابعونا اليلة الساعة التاسعة والنصف بتوقيت مكة المكرمة على قناة البرهان في برنامج بوابة التشيع,OBJ
390,الأدمن: اتفرج على احلى مقاطع #امريكا_بالعربي حلقة 16,OBJ
391,البابا شنودة الثالث كان وطنيا مخلصا ومصريا عظيما رحمه الله,POS
392,الشعوب لا تثور على الأنظمة الديكتاتورية، الشعوب تثور على الأنظمة الفاشلة - إيريك هوفر,OBJ
393,ما هى أفضل وظيفة فى الحياة ؟ ( مدير شركة - رئيس مؤسسة) ؟ لا والله أفضل وظيفة فى الحياة ان ربنا يشغلك عنده تدل الناس على الخير,POS
394,يتم توليد الطاقة الحديثة من 3 مصادر اساسية #المياة و #الرمال و #الهواء لذلك #أوقفوا_الفحم,OBJ
395,"عندما تتأكد إنك لن تترك خلفك سوى #ذكرى ، فإحرص على أن تكون طيبة ! … #ســـومـــــه """,OBJ
396,عزلة الانقلاب عالميا تتزايد وكل دول العالم تمنع مواطنيها من الذهاب الى مصر حتى حقراء الخليج من ممولى الانقلاب يمنعون أهلهم,NEG
397,لما إنت عارف مجموعة الشيوعيين بالإسم ابقى قدم فيهم بلاغ ولاتنشر الكلام على عواهنهكلامك واضح يارجل الحوار,NEG
398,شايفين العيب و الغلط ومبنسالش حتى ليه وكل واحد بيقول هو يعنى بايدى ايه !! #كاريوكى,NEG
399,نحن مصنوعون من الفناء ولا ندرك الأشياء إلا في لحظة فنائها #مصطفى_محمود,OBJ
400,#الميدان|#جامعة_المنيا |#انتهاكات|الحبس 11 سنة و غرامة 130 ألف جنيه لطالب ثانوي بعد إطلاق الرصاص عليه وإصابته,OBJ
401,في الأنظمة الديكتاتورية يتصدر المشهد الجهلاء والأميون وأصحاب الصوت العالي ويختفى العلماء والحكماء وأصحاب العقولالراقصة سما…,OBJ
402,بإذن الله أشارك المهندس خالد عبد العزيز (رئيس المجلس القومي للشباب) في افتتاح الخيمة الرمضانية الشبابية في,NEUTRAL
403,#اعتراف #لا_تتكلم_عن_الرجولة_وانت,OBJ
404,#كدبه_ابريل ايه هو احنا هنكدب ع بعض ف ديه كمان ده أنتو طول السنه ما شاء الله,NEG
405,"#التحرير | بالصور جورج كلوني ""أشهر عزاب هوليوود"" يخطب بريطانية من أصل لبناني خطب الممثل جورج كلوني للصور",OBJ
406,#انتخبوا_ #ابن_اليهودية #الام_المثالية #الانقلاب_حلاوة_روح #انتخبوا_,NEG
407,_ مقصد الاسوانى ليس مادى لفقر او عوز اقباط مصر و لكن رمز للتوحد الوطنى ضد الفصيل الهار ب من القر…,OBJ
408,ميسي 22 لقب جماعي 98 جائزة فردية 130 رقم قياسي 4 كرات ذهبية 3 أحذية ذهبية 27 هاتريك 380 هدف 155 أسيست كل ذلك في 500 مبارا…,OBJ
409,رُب دعاء خالص صادق ترفعه إلي السماء يجلب لك الخير و يأتي بفرج و يُزيل الهم يا رب,POS
410,"بحب بلدى و بكره الدم والظلم #سأنتخب_السيسي #تحيا_مصر""",NEUTRAL
411,الجزئين #جريمه #مرعب مشاهده #سينما #افلام #عالم_سكر # #,OBJ
412,_10 #عقار لمرض #الشلل_الرعاش يقي من #سرطان_الثدي,OBJ
413,أشكرك يا خالد,POS
414,ليه بتجرحنى وتطلب منى اكون مجامله وافضل ساكته كده واتحمل سوء معام #شيرين,OBJ
415,المفكر الكبير د قدري حفني يكتب : ليبراليون ولكن,OBJ
416,641 #الراتب_مايكفي_الحاجة #الاتحاد #الهلال #النصر #الاهلي #مرسي,OBJ
417,: اللهم لك الحمد اللهم صيبا نافعا اللهم سقيا رحمة اللهم سقيا فرح #مطر --,OBJ
418,#أنصار_بيت_المقدس تعلن مسؤوليتها عن إغتيال ضابط الأمن الوطني #المصري_اليوم,OBJ
419,تعليقي للبرنامج لا يعني انسحابي من الساحة أنا مصري و لا أحتاج إذناً من أحد للتعبير عن انتمائي,NEUTRAL
420,#فيها_ايه_لو المملكه العربيه السعودية تتبرع للمملكه العربيه السعوديه,OBJ
421,#الشروق | إصابة 10 جنود نتيجة إطلاق مجهولين النار على سيارتي أمن مركزي بالشرقية #,NEG
422,عارفين يعني ايه للعدالة وجوه كثيرة!! يعني #كله_ماشي :(,NEG
423,الملتقى التدريبى والتوظيفى الاول تحت رعاية الدكتور عمرو حمزاوي معلومات تهمك عن: المقابلة الشخصية الناجحة وكيفية,OBJ
424,شاهد - ' حزم الحرية الأمريكية #,OBJ
425,مقال هام انتفاضة-الدفاع-عن-الرسول-بين-لوع-جماعة-الإخوان-ومق,OBJ
426,إحنا عندنا ثقافة اعتياد للقبح، ثقافة اعتياد للقذارة، آردوغان قدر انه يبدأ نهضته بالنظافة، شيراك لما كان عمدة…,NEG
427,: نحن الان امام انتهاكات حقوق انسان ودولة يهدد استقرارها والمجلس اصبح امام ازمة شرعية,OBJ
428,#الحقيقة_مباشر_مصر|#انقلاب_3يوليو حلقت 3 مروحيات تابعة للجيش فوق قرية #الميمون التابعة لمركز الواسطي ببني سويف،,OBJ
429,#كلمتين_وبس #احبك_وكفى #اترك_رساله_الى_احدهم,OBJ
430,الرئيس القادم يجب أن يكون خادما لهذا الشعب,OBJ
431,"نصائح للنساء المتعرضات ل #تحرش بمقر العمل متعب المالكي يقدمها بنقاط بسيطة 24 """,OBJ
432,والغاز مش مدعوم يا إنسان؟ وماذا عن الأسمنت والحديد والأسمدة؟ واضح أنك تفهم أقل من الحيوان,NEG
433,آن الأوان ترحلي يادولة العكاكين,NEG
434,من كتاب خواطر قرآنيه للدكتور عمرو خالد سورة البقرة : لماذا سميت السورة بالبقرة؟ قد يجيب البعض بأنها سميت,OBJ
435,بسمة أمل للمخطوبين و المخطوبات و المتزوجين و المتزوجات و الكاتبين كتابهم و الكاتبات : ),OBJ
436,دور الشباب في الحياة السياسية في المرحلة المقبلة في آخر كلام الليلة يستضيف أ ياسر رزق - رئيس تحرير الأخبار,OBJ
437,لقاء باسم يوسف علي قناة العربية مع راند ابو العزم - كامل 15/4/2013,OBJ
438,حجز تي شيرت #أولتراس_أهلاوي في #كفرالزيات #07 كفر_الزيات الأهلي #أهلي #كفايه_هاشتاجات :),OBJ
439,شاهد - آخر كلام: م عبدالحكيم جمال عبدالناصر - التعديلات الدستورية,OBJ
440,شاهد - آخر كلام: إستقلال القضاء - المستشار أحمد مكي نائب رئيس محكمة النقض السابق #,OBJ
441,#الكويت #دبي #السعوديه #الرياض #سوريا #الهلال #السعودية #النصر #غرد_بصوره,OBJ
442,مشاركة من أحد متطوعي الحملة,OBJ
443,النجاح له أسرار لكنها معروفة و متكاملة حلمك، سعيك ، إتقانك ،إصرارك،تحدي الصعاب ،الإستعانة بالله مش كفاية انك تحلم قوم اتحرك وحقق حلمك,NEUTRAL
444,و سيشهد التاريخ أننا اسقطنا الطائرات الاسرائيليه و عدينا خط برليف في ستي ساعات :) #السادات,OBJ
445,لو التعريص بقى رياضة وأنضم للأولومبياد علاء صادق هياخد الذهبيه !,NEG
446,"إن أخوف مـا يخافـه المستبدون من العلم أن يعرف الناس حقيقة أن "" الحرية أفضل من الحياة "" عبدالرحمن الكواكبي #مصر #بداية_النها…",OBJ
447,لذا يلزم التوضيح,OBJ
448,موقع هافينجتون بوست الأمريكي: #السيسي مكانه الجنائية وليس #الاتحادية,OBJ
449,ومن يمارس هذه الأمور في دلجة أو غيرها إن هم إلا #يوسف_الحسينى #الساده_المحترمون,OBJ
450,#أشاهد_الآن #أوتار_القلوب_الموسم_1_الحلقة_24 على شاهدنت عبر,OBJ
451,أرقام يونيو المقدسة الأسبوع الماضى ، توجه مؤسسو حركة تمرد لزيارة الأستاذ هيكل بترتيب الإعلامى حسين عبد الغنى,OBJ
452,ما تفعله قناة الجزيرة هو إعلان حرب على مصر و لا يمكن السكوت عليه !,NEG
453,اليوم #مدحت_الخولى فى الساقية فى #حفل يذهب ايراده لمصابين و شهداء 25 #يناير 7:30 م #,OBJ
454,نريد انتخابات برلمانية ورئاسية نزيهة ودستور يعبر عن الثورة #السادة_المحترمون,OBJ
455,تخبط غير عادي في هذه الحكومة ومن الرئاسة زيادة وإلغاء ضرائب في نفس اليوم يثبت انه ليس لديهما ادنى خطة او رؤية او نضج,NEG
456,#لازم نطلعهه ~,OBJ
457,توكل 29 و30 يونيو قبل أن يكلفها التنظيم الدولي بتغيير الخطاب لتشكيل ثنائي إنقاذ مع تتح لإهانة الثورة …,OBJ
458,"#أخبار_مصر #اخبار #مصر |ضبط #منشورات و #مولوتوف بمخزن ملحق بـ ""#الجمعية_الشرعية"" بـ #دير_مواس لمزيد من التفاصيل …",OBJ
459,هناك إصرار من تنظيم الإخوان للإعلان عن اجتماعاتهم لاستعطاف الولايات المتحدة …,OBJ
460,"9 ""لمن يكتب الدستورجولات في شوارع مصر""",OBJ
461,برميل السيسى يحكى أن سهرة رمضانية جمعت بين السيسى وعدد من الانقلابيين ، القذافى وصدام وعبد الناصر,NEG
462,أعضاء الإخوان يسيطرون على مستودعات أنابيب البوتاجاز لكي يحدثوا أزمة #السادة_المحترمون …,OBJ
463,الان تابع حساب ( صدقه جاريه ) يذكرك بالله نصائح دينية أستغفار __ يستحق المتابع #غرد_بالخير #رتويت,OBJ
464,"صدرت منذ قليل رواية الدكتور علاء الأسواني الجديدة ""نـــادي الـسـيـــارات "" تباع اليوم في مكتبات الشروق فقط وغداً بإذن الله في كل المكتبات",OBJ
465,عرض الاسبوع 40 ألف متابع #شوارعنا #فن_تتقنه_النساء #ذلك_الشخص #شي_ودك_تجربه #بوح #درر #عجبني #حلو #مكه [2037992],OBJ
466,إعلان برنامجنا الجديد #برنامج_كفو 💪 بدأ يُعرض على #قناة_مجد ️ من اللي شاف الإعلان منكم ؟! 😍,OBJ
467,تلتقون بعد قليل مع الدكتور عمرو خالد مع الإعلامي خيري رمضان الساعة 930 مساء على قناة (سي بي سي) الفضائية في,OBJ
468,شاهد- آخر كلام: ردود فعل عالمية على فظائع جيش مصر,OBJ
469,بيان مني على صفحتي على الفيس بوك برجاء قراءته,OBJ
470,الجامعة هنا في مصر فصلته عشان ماراقبش على امتحانات قسم حشراتوالجيش طلعه غير لائق ذهنيا عشان عنده تهتهه بسيطةالان هو من افضل مهندسين ناسا,OBJ
471,بيان حول صدور قانون مباشرة الحقوق السياسية,OBJ
472,_ اسأل عمرو اسماعيل :-),OBJ
473,اللهم لا تحرمنا خير ما عندك بشر ما عندنا,OBJ
474,من لاس كروسيس جنوب امريكا وشمال المكسيكاللهم انصر سوريا وجميع المسلمين #سوريا_فى_القلب,OBJ
475,#انت_مهما_كبرت صغير #عمرو_دياب #استايل,OBJ
476,أن تفقد مالك فقد فقدت غالياً في حياتك و أن تفقد شرفك و أمانتك فقد فقدت أغلىما في حياتك لكن إذا فقدت الأمل فقد فقدت كل شيء في حياتك#سوريا,OBJ
477,بعد #25_يناير كنا نظن بداية عهد جديدلكن الجديد لم يأت و لن يأت اذا استمر هذا الحال,NEUTRAL
478,سيتم الليلة وضع البريد الإلكتروني للتواصل مع الصحفيين ووسائل الإعلام على هذا الحساب,OBJ
479,#كلمه_بتتقال_في_البيت_كل_يوم جب معك خبز وانت جاي,OBJ
480,البوابة نيوز: #حمدي_قنديل: عبد الناصر مسئول تاريخيًّا عن نكسة 67: #,OBJ
481,#دعوة_الصائم_لاترد اللهم أغفر لي ذنبي وأجلي همي وبدد وحشتي وأنر قلبي بذكرك وطاعتك وأجعل الخير مفاتح دربي والصدق نور طريقي,POS
482,لو كنت متوكلاً عليه حق التوكل لما قلقت للمستقبل ، ولو كنت واثقًا من رحمته تمام الثقة لما يئست من الفرج، ولو كنت,OBJ
483,أبطال مصر من بدو سيناء يفتحون قلوبهم في الذكرى السابعة والثلاثين لنصر أكتوبر مع يسري فودة اليوم العاشرة مساء بتوقيت القاهرة على,OBJ
484,#أوقفوا_الفحم في #مصر ,NEG
485,عرض الاسبوع 40 ألف متابع #شوارعنا #فن_تتقنه_النساء #ذلك_الشخص #شي_ودك_تجربه #بوح #درر #عجبني #حلو #مكه [2036345],OBJ
486,أعجبني فيديو على #صاحبة_السعادة | #إبراهيم_عيسى: الواقع,POS
487,3 الحتة بتاعة تستبيح خداعي دي دايما باشوف فيها صورة واحدة بشراب شبيكة وسيجارة بمبسم وميك آب تقيل وغمازة عيرة وإنت فاهم بقى,NEUTRAL
488,نقل ابن النائب العام وابنته وزوج ابنته لأمن الدولة والتعاون الدولي …,OBJ
489,الأدمن: انتظروا حلقة النهاردة الساعة 8 مساءً على #يوتيوب,OBJ
490,واكتر ناس تآمنهم ما بيجي الجرح غير منهم وناس انت بعيد عنهم بتنسي معاهم الاحزان #صلاح_جاهين,NEUTRAL
491,تواصلت مع كل الجهات في بني سويف بهدف الافراج عن مراسل الاهرام #السادة_المحترمون,OBJ
492,اين خالد زين رئيس اللجنة الاوليمبية؟ صراخ وتهديد وشجاعة فى زمن مرسي من خاف سلم والجبن سيد الاخلاق,NEG
493,_ #عايش معاك ايام مفيش فى جمالها زى #الملاك دى اقل كلمه بقولها #بحبك #عمرو #دياب —,POS
494,ساويرس يطالب بمنع المظاهرات منتهى الوقاحة من احد اكبر اللصوص فى تاريخ مصر,NEG
495,3:00 عصراً مع يوسف الحسيني تابعونا …,OBJ
496,"حرائر #الاسكندرية يبدأون اضرابا جزئياالبيان رقم ""1"" #اكسر_كلابش #انتفاضه_السجون",OBJ
497,حكمة اليوم: بنزين في التنك ولا جنية في البنك,OBJ
498,#أول_محاولة لتصوير القمر ,OBJ
499,1 جايز ما نزلتش الدقي؟ بقوللك إيه ممكن إضافة؟,OBJ
500,#أوباما يحذر #ميانمار من عدم نجاحها في حالة قمع المسلمين، مؤكدا عدم وجود حماية كاملة لحقوق الأقلية المسلمة في هذا البلد #الراية #أمريكا,OBJ
501,شوف العقول المفكرة لما تتحاور مع بعضهاده إيه الحلاوة دي كلها؟,POS
502,الدفع بمواطنين من اجل ملاحقة الصحفيين قضائيا بتهمة إهانة الرئيس طريقة قديمة طالما استعملها مبارك وانتهت به في سجن طره هل يتعظ الرئيس مرسي,NEUTRAL
503,#زينة: هادا الإشي غيرني صرت أتطلع عالحياة بمنظور مختلف,OBJ
504,نهايه الشوط الاول ادى فرصه ل #صبرى_رحيل و آحيات ابوك ارحم امى العيانه و طلع #رؤوف و نزل #عمرو_جمال,OBJ
505,كل عيد و احنا طيبين، مسلمين و مسيحيين و في بلدنا مرتاحين و نشوف اللي قتلوا الشهداء متعلقين، و ان شاء الله علي كل واحد ظلمنا منتصرين يارب,POS
506,رئيسة البرازيل: اسقطوا مرسي وخطفوه ولم يجدوا ضده قضية فساد واحدة رئيس تونس:أفرجوا عن مرسي والمعتقلين,OBJ
507,بلاغ للنائب العام ضدي بتهمة اهانة الرئيس بسبب حلقة الوسادة الرئاسيةاتمنى ان يوقع الرئيس مرسي ع الوسادة ليفوت الفرصة على المغرضين:),OBJ
508,مولانا التيس,NEG
509,#فيفي_عبده_الام_المثالية # آش أقول واش أضيف مالك وصيف اغنية الروعة,NEG
510,احرص أن يكون الوجه الذي تراه في المرآة كل صباح مشرقاً، فقد لا تراه بقية اليوم ولكن الآخرون سوف يرونه,OBJ
511,كل من يقف ضد مواجهة الإرهاب في مصر إرهابي #السادة_المحترمون,NEG
512,#رصد| نظم أهالى #المطرية الجمعة مسيرة مناهضة للانقلاب العسكري ، استجابة لدعوة التحالف الوطنى لدعم الشرعية ،,OBJ
513,"#اخر مباراه للمصارع ايدي قيريرو """,OBJ
514,الكابوس: حوار أتمنى أن يقرأه بهدوء ويفكر فيه كل الذين يرفعون شعار افرم يا سيسي اضرب يا سيسي,OBJ
515,شاهدوا بسمة أمل - كيف تختار بين أختيارين كلاهما مُــر ؟؟,OBJ
516,"مقال د علاء الأسواني: ""هل نكرر خطأ السنهوري ؟!"" ينشر غدا بجريدة المصري اليوم",OBJ
517,حلقات المفقودة لتونس ابتداء من غد,OBJ
518,وتتوالى الإبداعات في العالم العربي #اﻷم_المثالية في مصر #سمير_جعجع رئيساً للبنان #و_ابن_ مرشح للرئاسة,NEG
519,ياجماعه أنا اقترحت يكون اسم البرنامج (اجمل رنوش بعمرنا ) اللي موافقني يعمل ريتويت #مولد_الاعلامية_الساحرة_رناسماحة #…,POS
520,شاهد - آخر كلام: حفيد شقيقة قائد الثورة الليبية محمد إدريس السنوسي,OBJ
521,#ولاد_البلد #المنصورة #مصراوي #وبريات_سمنود تطالب #محلب بباقى أجور العمال,OBJ
522,شاهدوا الآن درس يلقيه دعمرو خالد أثناء استراحة صلاة التهجد، ثم دعاء الوتر وصلاة الفجر، تابعوه على الرابط التالي,OBJ
523,ارتفاع اسعار الادوية والمرضى عاجزون عن العلاج بكره تشوفو مصر,OBJ
524,قامت الدولة الحديثة بالأساس على فكرة الفصل والتوازن بين السلطات من خلال التزام الجميع بالقانون العادل المكتوب دون تمييز,OBJ
525,#لو_بتحبها روحلها لحد البيت,OBJ
526,كل همنا انقاذ الوطن وعدم اعادة النظام القديم عن طريق إطالة الطوارئ و الاطاله في الفتره الانتقاليه,NEUTRAL
527,كنت حاسه ان الدور عالشعب قرب والنداله حتبقي في اي تجمع وأي مكان #سفله #الارهاب,NEG
528,من رزق الشكر لم يحرم الزيادة لقوله تعالي (لئن شكرتم لأزيدنكم) أرجوك احمد الله الآن,OBJ
529,مش محتاج تروح #رمسيس علشان تخلص ورقك الخدمات ممكن تخلص من نادى #أكتوبر,OBJ
530,شاهد - آخر كلام: اجتماع وزراء الخارجية العرب والأوروبيين #,OBJ
531,#السيسي عروسة في إيدين #المجلس_العسكري,NEG
532,ولو بتقولوا أن أمن البلد هيتححق بعيد عن الحقوق الأقتصادية والأجتماعية تبقوا واهمين،،~ #يوسف_الحسينى,NEG
533,#من_المسئول عن هذا المفهوم المتوصل له,OBJ
534,د أبو الفتوح : أثناء زيارته لكنيسة السيدة العذراء بالأقصر,OBJ
535,سيتم تعيين الدكتوره حياة سندي نائب لوزير الصحه وبعد عدة اشهر سيتم تعيين وزير الصحه #عادل فقيه #الملحم,OBJ
536,"رفض الدستور الباطل سيستمر بالاحتشاد في الميادين والتصويت بلا في الاستفتاء والمقاطعة، الدستور باطل واستفتاء ""المرحلتين"" تغيب عنه شروط النزاهة",NEG
537,كل شى كتبته غلط كل شى حسبته غلط فى #الامتحانات,NEG
538,عبد المنعم أبو الفتوح فى علمتنى الحياة الجزء الاول,OBJ
539,#يارب نسألك من خير ماسألك به نبينا محمد صلى الله عليه وسلم ونعوذ بك من شر ما استعاذ منه امين يارب,OBJ
540,ثمه شعله حنين مشتعله في جوفي حرقت كبريائي حتى الرماد ومزجته في كوب زجاجٍ شفاف وسكبته على أزهار الذكرى حتى أرتوت وينعت #اعترا…,NEUTRAL
541,بعد صدام الشرطة بالنيابة فى سوهاج شعار الانقلاب الجيش فوق الجميع والشعب مالوش لازمة,NEG
542,مش عاوزين نسيب الروتين يموتلنا أحلامناعن إجراءات إنشاء صندوق تنمية الأسكندرية #السادة_المحترمون …,OBJ
543,الشعب يحب الرقاصات لأنهم أسعدونا و متعونا أكيد أمك كانت مثاليــة,OBJ
544,ليس من الاسلام القتل والحرق واثارة الفزع والتعدي …,NEG
545,الجيش بيكتب الاخبار للبرامج الجيش بيكتب خطبة الجمعة للمساجد الجيش بيكتب كلمة الصباح للمدارس فاضل الجيش يكتب وصف الماتشات,NEG
546,نجيب ساويرس ضيف جابر القرموطي في رمضان بلدنا,OBJ
547,4 شائعات الفاشيين وطيور الظلام وأصحاب المعايير المزدوجة من نشطاء وسياسيين وإعلاميين ورجال أعمال وموتورين في الخارج ستظل كاذبة,NEG
548,"اديني الغاز بسرعة ارجوك محتاج الجرعة""",OBJ
549,جامعة هلسنكي(فينلندا)تختار #السادة_المحترمون (بفريق عمله كاملا)البرنامج الأكثرمصداقية وحرفية في #مصر وتم إدراج بحث عنه في دوريتها #فلسطين,POS
550,اللهم ارزقنا قلبا خاشعا و لسانا ذاكرا و جسدا على البلاء صابرا آمين,OBJ
551,بعض افراد جماعات الاسلام السياسي بدؤوا من الان ا,OBJ
552,أهنئ الدكتور محمد مرسى بفوزه برئاسة جمهورية مصر العربية كأول رئيس يختاره الشعب المصرى ، نتمنى له التوفيق و السداد,POS
553,انا مش حزب دستور لكن لو انضميت للحزب مش حيكون عشان البرادعي لكن عشان محمد يسري سلامة,OBJ
554,محاسب كرداسة - #الجيزة,OBJ
555,تحية لكل العاملين على حدودنا برا جوا و بحرا لننعم باستقرارنا #حب_الاردن #عيد_العمال #,OBJ
556,#أبو_تريكة لاعب أنجولى بأمر #فيفا,OBJ
557,تعلن لجنة الموارد البشرية وإدارة المتطوعين عن لقاء المتطوعين الجدد القادم بالحملة فى القاهرة يوم الاثنين القادم 5,OBJ
558,الوطن | هل يكمل الرئيس قراراته الأخيرة بمبادرة وطنية؟ | عمرو حمزاوي:,OBJ
559,اللهم انك اعطيتنا الاسلام من غير ان نسألك فلا تحرمنا الجنة ونحن نسألك #اللهم_امين #دعاء #ادعية?,OBJ
560,الوادي| السفير حسام القاويش، المتحدث باسم #مجلس_الوزراء، للإعلامية #جيهان_منصور في برنامج #صباح_التحرير: رئيس,OBJ
561,قناعي لم يسقط، أنت الذي تخيلت وجوده,OBJ
562,"مشروع قانون الشوري للمجتمع المدني ومشروع الرئاسة ""المعدل""يعكسان العقلية الأمنية الإستبدادية التي ثورنا ضدهاثم يتساءلون لماذا يتمرد المصريون",NEUTRAL
563,2002 فيلم جامد جدي فعلاً,POS
564,رحم الله جمال البنا أتاح مكتبته الضخمة في العباسية للشباب وحرص على مساعدتهمالمكتبة عنوانها 195 شارع الجيش بالقاهرة أتمنى أن تظل تعمل بعده,POS
565,#محمد_بن_سلمان_وزيراً_للدولة من السادسة إلى وزير دولة #فيليكس السعودية,OBJ
566,#الميدان:الاتحاد العالمي لعلماء المسلمين يدين الاعدامات الجماعية فى مصر,OBJ
567,#الصورة_الأكثر_مشاهدة طفل سوري يحمل لافتة مُعبّرة #شاهد ماكتب فيها #بشار_الأسد #سوريا #حمص /,OBJ
568,3 1 123 حصل يوم الاتنين فعلا الرجاء العودة للحلقة,OBJ
569,"مرسي هو السياسي الوحيد الذي حاول أن يصبح طاغية دون إنجاز، ويبدو أنه لم يسمع عن القاعدة العلمية التي تقول ""طاغية دون إنجاز مثل شباك بلا إزاز""",NEG
570,هل نسي #يوسف_الحسيني حق محمد الجندي و كريستي و جيكا؟ لماذا لا يهاجم وزير الداخلية محمد إبراهيم؟ الهجوم كان أيام #مرسي بس؟,OBJ
571,#شعر #النصر #الهلال #متصدر_لا_تكلمني #الامارات #عمان #سوريا #غرد_بالخير #رتويت #دعاء [2888166],OBJ
572,رُبّ من أنضجت غيظاً قلبه *** قد تمنى لي موتاً لم يطع مهداة لمن يقف في أعلى شجرة جوز الهند محاولا اخراس ذكائي لأتوقف عم…,NEUTRAL
573,طب لما يغلوا #البنزين و #الكهرباء و #الغاز حيستعملوا #الفحم برضه فى توليد #الطاقه !؟ #لا_لغلاء_المعسل,NEG
574,ايام حلوه الايام #عمرو_دياب,POS
575,شاهد - آخر كلام: أصوات المسيحيين أين تتوجه وماذا تنتظر؟ #,OBJ
576,الوطن | عن زيارة الرئيس للصين وإيران | عمرو حمزاوي:,OBJ
577,الزوارق الحربية #الإسرائيلية تطلق نيران رشاشاتها باتجاه شواطئ شمال قطاع #غزة_تحت_القصف,OBJ
578,3 اللشخصي بتاعي ومادخلتش عندك وشتمتك لو مش عاجبك انفولو يا سيدي،لكن انك تخش على الحساب الشخصي لواحد بيقول,NEUTRAL
579,و انت طيب يا شاعر يا رائع,POS
580,: ما هو يا نبعت #مبارك إلمنيا يتحاكم يا ننتدب قاضي إلمنيا ينزل القاهره يبوسه من بُقُه و يرجع ننتبه يبوس و يحضن كمان,OBJ
581,غدا ستقرأون في المعصرة مواصلة مني للحديث عن موضوع الأندلس وإشارة إلى مقال قديم لعمنا محمود السعدني عن الإستثمار السياسي للأندلس,OBJ
582,#برشلونة_فياريال يا كل الحب لو طال الزمان اقوللك مشكوور #ميسي,OBJ
583,يجب أن نركز على العمل بدلا من الكلام والشعارات د عبد المنعم أبو الفتوح أثناء لقائه بمجموعة من شباب الوطن,OBJ
584,#معرض_الكتاب كتاب رئيس الوزراء محمد مهاتير,OBJ
585,أمريكا لا يهمها #شرعية أو #أنقلاب كل ما يهمها أمن #إسرائيل و #كامب_ديفيد #نصرة_شريعة_الله,OBJ
586,لا بد من الثائر لشهداءناهل من أفكار؟,OBJ
587,باسم يوسف ربما أكون من القلائل الذين لم يكتبوا عن باسم يوسف ، أيام صولاته وجولاته عن الرئيس مرسى ببرنامجه,OBJ
588,اعداد الطلاب المعتقلين اليوم فاق اعداد الطلاب الذين دخلوا الى المحاضرات العام الدراسي سيكون فى الشوارع حتى سقوط الانقلاب,OBJ
589,واستغفر الله على عمر مضى صدقت فيه مره وسائل الإعلام! #مطر,OBJ
590,سجن وادي النطرون كان يضم سجناء سياسيين مصريين وغير مصريين #السادة_المحترمون,OBJ
591,- لذا ولإزالة لبس ينتشر وإن كنت لا أعلم مصادره، أؤكد على النقاط التالية:,OBJ
592,"بطل نميمة و غيبة ""انكما قد اغتبتما و من اغتاب مسلما فقد اكل لحمه"" #حاول:')",NEG
593,#رويترز : دلائل على وجود حقل غاز طبيعي جديد قبالة سواحل #إسرائيل,OBJ
594,شرط الفاعلية الرابع هو تحقيق نجاحات حقيقية وسريعة تطمئن المصريات والمصريين إلى أن المجلس قادر على العمل بفاعلية,OBJ
595,وزير البيادة نائم داخلها قرعة المونديال فى القاهرة وليست فى الاقصر كما قال الكذابون,NEG
596,سي بي سي:تشييع جنازة العميد الشهيد أحمد زكي من #مسجد_الشرطة ب #العباسيةو #ابراهيم_محلب و وزير الداخلية يتقدمون الجنازة # #,OBJ
597,وزير الدولة الإماراتى: لا يمكن تصور اعتدال المنطقة دون استقرار مصر,OBJ
598,#رصد|صورة لبوكس الشرطة الذي أشعل فيه مجهولون النار قبل قليل ، خلف المستشفي العسكري بـ #بورسعيد,OBJ
599,#الحياة الزوجية التي تبنى على تقوى الله تمتد ازمانا معاملة بين الزوجين ليست واحد مع واحد إنما واحد مع الله عز وجل,OBJ
600,لم نعد نسمع منهم، والقليل نطالعه عنهم. يقبعون خلف الأسوار وخلف الأبواب المغلقة,OBJ
601,تثوير القرآن مقالي اليوم,OBJ
602,أهم حاجة لازم تتعرف هي مين سلح كل الناس دي,OBJ
603,الأدمن: اتفرج على برومو #امريكا_بالعربي حلقة 20,OBJ
604,علامة رابعة على بروفيل اثنين فقط من اكثر 15 شخصية مؤثرة على تويتر فى مصر محتاجين جهد اكبر,OBJ
605,"إنه أحد ""المفقودين""…",OBJ
606,الفحص أسفر عن توافر شروط الترشح فى أوراق المرشحين حمدين صباحى وعبد الفتاح السيسي (مؤتمر ص…,OBJ
607,تسلم الايادي يا جيش بلادي و يا شعب بلادي #تحرير_سيناء من الصهاينه + الاخوان,POS
608,نعلم ما تمثله مصر لإفريقيا وندعم خارطة الطريق #السادة_المحترمون,NEG
609,سبحان الله وآلحمد لله ولا إله إلا الله ولآ حول ولآ قوة إلا بالله والله أكبر واستغفر الله #اذكر_الله #غرد_بذكر_الله 41,POS
610,بعد الضبطية القضائية فى الجامعات الغاء ميزانية اتحاد الطلبة بكرة تشوفو مصر,OBJ
611,تحسبهم جميعا وقلوبهم شتى فهم لا يتوحدون إلا على قمع حريات الآخرين فقط,NEG
612,زياد بهاء الدين يسأل محمد مرسي أسئلة أتحدى مرسي أن يجيب عليها بعيدا عن الإنشاء والرغي والتقعر وحديث المؤامرات,OBJ
613,سيناء علي الخريطة اكبر علامة نصر في التاريخ #تحرير_سيناء,NEUTRAL
614,الوطن | عن ذوى الاحتياجات الخاصة | عمرو حمزاوي:,OBJ
615,#كلمة زبونتي الجميلة #الحمدلله 😍 #نفاس #آحبه #الخليج #السعودية #جدة #رتويت #,OBJ
616,2 انسحاب جماعى للشركات التركية من مصر والوزير فخرى يلوم من أساءوا لـتركيا فى الإعلام الخسائر بمليارات الدولارات,OBJ
617,حظ العوالم ! :) #الاهلي_الافريقي,NEG
618,___ #في_حاجة_صح,OBJ
619,مش مهم يكون عندي فولورز كتير المهم اسخف على,OBJ
620,"أحسن حاجة في أغنية #السكة_شمال هيا ""ايه ايه ايه ايه "" اللي أمير بيقولها قبل ما بيغني علي طول !",POS
621,الأسواني يروي عن مؤجر شقة:أنا سأطرد صاحبكم لأنه قتل وكذب وغش ونكث وعوده وليس لأنه ملتح و > المقال كاملاً>,NEG
622,#إبراهيم_محلب رئيس الوزراء قرر وقف الملاحقات الأمنية للعمال بسبب التظاهر أو الإضراب #…,OBJ
623,#رواد_الديسكو ضد #رواد_المساجد سيذكر التاريخ أن الرئيس #محمد_مرسي قاد ودعم #رواد_المساجد وأن # قاد ودعم,OBJ
624,شاهد - لماذا أقبل / أرفض الدستور ٧ في ٧ - الجولة الأولى في آخر كلام #,OBJ
625,"الخميس 11 يوليو : د عبد المنعم أبو الفتوح فى ""من اول السطر"" على مودرن حرية 10 مساء",OBJ
626,معلومة أنا بدخل عالسوشيال ميديا عشان أعوض النقص في حياتي الحقيقية أو أقول اللي نفسي أعبر عنه في الحقيقه و مش عارف #إعترافات_ليلية,OBJ
627,شوف حجم التهليل والتكبير التهليل والتكبير لقتل رجل لم يصوب لك سلاحاً,NEG
628,خمس الاف #الامارات #الهلال #النصر #السعودية #الكويت #قطر #الرياض #مكة #رتويت # #دبي #الشارقة # #غرد_بصورة 413,OBJ
629,الصندوق الثاني لاختيار المرشحين الفرديين،لابد من اختيار مرشح عمال و آخر فئات أو إثنين عمال إختيار مرشحين فئات فقط يبطل الصوت,OBJ
630,المجتمع زي الرصيف وسخ و عايز يتكنس في ناس بتعرق عالرغيف و ناس بتعرق من التنس #دينا_الوديدي,NEG
631,لا تستح من اعطاء القليل فإن الحرمان أقل منه,OBJ
632,قليلٌ من يدومُ على الوداد فلا تَحفَل بقربٍ أو بعاد إذا كانَ التغيرُ في الليالي فكيفَ يدومُ وُدٌّ في فؤاد؟ #محمود سامي البار…,OBJ
633,اسمعو هالاغنيه روعه #غلطت_م_الأول_رنا_سماحه  9  # #اللي_أهم_من_شكلك,POS
634,"مرسي احترمكم فأهنتوه وسيسي اهانكم فقدستموه #سانت_كاترين #مش_اجانب """,NEUTRAL
635,"موعدكم اليوم الاثنين الموافق 28 إبريل ب #أنوار_رسالة #المعادى مع محاضرة جديدة من كورس "" "" مع المدربة",OBJ
636,كانوا مستكترين على الغلابة دعم الاخوان وانهارده بيتفاخروا بكسوة الامارات للغلابة فعلا يهود ماسكين الاعلام فى مصر,NEG
637,عاجل | #محاكمة_مرسي | مرسي للقاضي : الانقلاب الى زوال و القاضي يقطع صوت مرسي داخل المحكمة لايك + كومونتر لنستمر #يوسف |واحد من أهم الموضوعات التى تهم الباحث أو الإعلامى الجاد,OBJ
638,#اعتراف ما كنحملش ديك البياسة ديال 2 دراهم كتغلطني ديما,OBJ
639,تعليق صباح على تسجيل #حمدين_صباحي بشأن محاكمة #السيسي #تحيا_مصر #مصر #الاخوان #باسم_طلع_حرامي #حركة_كايدينهم,NEUTRAL
640,كل عام و أنتم بخير، تقبل الله منا و منكم صالح الأعمال,POS
641,للمعلومية فأغلب ناطحات السحاب التي تبنى في دبي ليست لحاجة فأغلبها فارغ…الهدف منها غسيل لأموال…,OBJ
642,الواعظ المحتال!,OBJ
643,"#عيد_الأم أم صينية ""97"" سنة تعتني بإبنها ""60"" سنة المصاب بشلل رباعي منذ 19 سنة هو قلب الأم مهما تقادمت بها السنون",POS
644,الواحد كل لما يركب مترو ويجي ينزل منه بيبقي نفسه يكتب ع المترو وهو خارج البؤساء,NEG
645,"هتاف ""المرة دي بجد مش هنسيبها لحد""",OBJ
646,اسألوا #البرادعي عما فعله في #العراق #البرادعى_طلع_جاسوس #باسم_طلع_حرامي …,NEG
647,من المؤسف ان فيلم بهذه الرداءة يحظى بكل هذا الإهتمام,NEG
648,عزيزي السلفي الراغب في قتل نفسك من أجل منع رحلات الطيران القادمة من إيران، بالنسبة لرحلات الطيران الإسرائيلي القادمة إلينا كل يوم، إيه؟,NEUTRAL
649,توتوسبور ربطت #ميلان بلافيتزي في حال رحيل بالوتيلي و ادعت ان ثمنة 15 مليون و ان باريس قد يقدم خصما للميلان صباح الأشاعا…,OBJ
650,أنت وَطن بنيتُ فِيه جَميع أمنِياتي ، وجَاء ذات ليلةٍ مُظلمة أحتل ذلك الوطن ومِن بعدها أصبحتُ غريب يتسكعُ بين الأحرُف باحثًا عن مَلجأ #سري,NEUTRAL
651,أحمد مطر #رابعة #رابعة_العدوية #مجزرة_رابعة #مجزرة_السيسي #مصر,NEG
652,رفع آذان المغرب بالكنيسة الإنجيلية بمدينة نصر يبدو أن مصرستعلم الدنيا يوما ما صيغة عالمية لتع…,OBJ
653,اذا أراد المرشد سيأمر عددا من الاخوان بالانسحاب ويتم اختيار ممثلين عن التيار المدني بدلا منهم الحل بسيط ويجنب مصر مصائب لكن المرشد لايريد,OBJ
654,انتظروا تغطية لزياردة د عبد المنعم أبو الفتوح للاقصر غدا والتى ستتضمن زيارة كنيسة العذراء صلاة الجمعة في الساحة,OBJ
655,الرياض #القصيم #واحد_فاضي #الهلال #السعودية #النصر #النصر_الهلال #البدائع #الزلفي #حفرالباطن #مكة #جدة [2656114],OBJ
656,#أفلام_أجنبى_بتحبها #لو_عملت_كتاب_لمرسى_هاتسمى_اية #معا_ضد_تويتر_الجديد #فولورز_سبرزكي_هيزيدو_حبه_حلوين #ذا_شامبيووونز `,OBJ
657,"مختار الصحاح بيقول: ""رجل (بَقَاق) بالتخفيف كثير الكلام و (البقباق) الرجل كثر كلامه و (البقبقة) حكاية صوت يقال (بقبق) الكوز"" يعني ""بُق"" فصحى",OBJ
658,محطة العبور (2) - هدف موسورو الثاني فالاتحاد _ اياب كأس الملك _ بعدسة #ميلانيستا #الاهلي #الاتحاد…,OBJ
659,من المؤسف ان يتراجع الرئيس عن وعوده لقد وعد الرئيس مرسي المصريين بإصلاح تشكيل لجنة الدستور وهاهو يتراجع عن وعده وينقض العهد شيء معيب,NEG
660,#اماراتي من #دار_زايد وافتخر️,OBJ
661,هل الانسان مسؤول عن أكبر عملية انقراض؟ - #الإمارات #بالعربي,OBJ
662,قافل التحرير رغم انه فاضي ومحاصر مسجد القائد إبراهيم ومسجد الإيمان والشوارع اتملت دبابات ومدرعات!!! مش إحنا قلة؟؟ خايف من ا…,OBJ
663,لوحة شرف بأسماء المحافظين النشطاء والمنجزين # #,OBJ
664,علاء الأسواني يكتب: قبل أن تقطعوا أيدينا …,OBJ
665,سعدت بلقاء أهالى المنصورة و فخور بأعضاء حملتي بالدقهلية الذين اتاحوا لي هذا اللقاء ورتبوا زيارة الكنيسة ولقاء القوى السياسية,POS
666,#سحاق #ممحونه #ممحونة #لحس #مخانيث #اليمن #أسوان #مصر #المنيا,OBJ
667,مرشحي الرئاسة يقترحون جدولا زمنيا تبدأ في انتخابات البرلمان في 28 نوفمبر 2011 على 3 مراحل ثم تليها انتخابات,OBJ
668,ياجماعه هو انا غلط لما احترم واؤيد #ابوالفتوح و #البرادعى ؟ هو انا كده مجنون ؟ هو انا لازم اشتم واحد فى الاتنين,OBJ
669,_ مفرش صيفي 9قطع للتواصل 0555252656 #ريتويت #تصاميم #ملابس #بخور #غرد_بطولك,OBJ
670,هناك الكثير من المصريين الذين يهاجرون وهناك أيضاً الكثير ممن يعودون إلى أرض مصر ولابد من أن نعطيهم حقوقهم كاملة,OBJ
671,لا لازدواجية المعايير عند نبذ العنف، لا لتبرير العنف بالسياسة أو أهدافها أو اختلافاتها، لا للإقتتال الأهلي عبر دوائر العنف والعنف المضاد,NEG
672,الآن: الإعلان الدستوري في آخر كلام مع د حسام عيسى، د حسن نافعة و د جمال زهران على 12053 - 12398 #,OBJ
673,الأسواني : اذا قارنّا نسبة التحرش الجنسي في السعودية بالدول الأوربية كألمانيا وبريطانيا نفاجأ أن >المقال كاملاً>>,NEUTRAL
674,#انتخبوا_ هذا مافعله  في أهل مصر,NEG
675,قد يتخلي عنك كل شئ عنك و يبقي الله معك فكن مع الله يبقي كل شيء معك,OBJ
676,"البيان: ""البورصة العربية"" وناسداك أو إم إكس تطوران الأسواق - #الإمارات #بالعربي",OBJ
677,الحفاظ على الأمن والإستقرار لا يعنى ولا يستلزم ممارسات تتعدى بشكل صريح أو مبطن على حقوق المصريين وحرياتهم,OBJ
678,خمس الاف متابع بـ 200 ريال #سلمان_العودة #تغريدة #اقتباس #طارق #السويدان #طارق_السويدان #أعجبني #العريفي # 395,OBJ
679,تعرضت لكل هذا من معسكر أخر بعد قانون العزل وواجهته وفندت زيفه أرى نفسي في كتلة ثالثة ليست مع عودة النظام القديم ولا مع هيمنة فصيل واحد,NEG
680,تصديت للدعوات القائلة بأن المرأة لا يمكن ان تكون رئيسة للدولة وناديت بتساوي الحقوق بين الرجال والنساء,OBJ
681,كِتَابٌ أَنزَلْنَاهُ إِلَيْكَ مُبَارَكٌ لِّيَدَّبَّرُوا آيَاتِهِ} تعرف على أخطاء القراءة الشائعة في,OBJ
682,#كائنات_فكاهيه مره جماعة - عارفة نفسها - اهتمت بالسياسة و أهملت #العلم_الشرعي 80 سنه و #فجأة فشلت فيها هيا كمان ، يااااادي …,OBJ
683,ولم يتم استبعاد القضاة الذين اشرفوا على التزوير ولم يتم تغيير النائب العام الذي حفظ بلاغات التزوير من قبل كما ان البلطجية في كل مكان,OBJ
684,الأميرخالد الفيصل #وزير_التعليم يوجه بوضع خطة عمل للوقاية والتوعية بمرض #فيروس_كورونا #حسم #اعتقال,OBJ
685,حازم الببلاوي هراب ومتراجع ولا يستطيع تحمل المسئوليات وحكومته فاشلة #السادة_المحترمون …,NEG
686,#مكملين | #تغطية_خاصة | مظاهرات حاشدة في #عرب_الرمل ب #المنوفية في جمعة #زواج_أمريكا_من_مصر_باطل,OBJ
687,"وكله كوم والتعليقات بتاعة الفيسبوك اللي تلاقي فيها واحد بينه وبين إسراء بتاع 8 سنين ويقول لي:""إزيك ياض يا وائل"" ياض؟ جيل أساحبي صحيح :)",OBJ
688,حكاية ثورة كاملة بكل معانيها #باسم_محسن,OBJ
689,مواضيع الفايسبووك : #الحب / # الخيانة / #عنيبات_الموسطاشات / #كرة_القدو / #الالتراس ◀سؤال: واش غير هاد الشي اللي,OBJ
690,ومع ذلك سقطت بالأمس وإلى الأبد مقولة أن التيارات الديمقراطية لا شعبية لها وأن للإخوان ولحلفائهم احتكار الارادة الشعبية وتوكيل الصناديق,NEUTRAL
691,_ صحيح ولهذا كتبت في تغريدة تالية:,OBJ
692,كل مصرى حر فى المانيا يتوجه ظهر غد الى وزارة الخارجية الالمانية فى برلين لاعلان معارضته لمؤتمر الانقلاب وترعاه ملكة الاردن,NEUTRAL
693,أمريكا تدير شبكات اجتماعية محلية في العشرات من الدول حول العالم #شبكات_اجتماعية #أمريكا #مصر #الربيع_العربي,OBJ
694,بقية تشكيل وزارة شفيقفائزة ابو النجا تعاون دولي احمد الزند للعدل مصطفى بكري للإعلام اسامة الغزالي للخارجية ضياء رشوان رئيسا للأهرام,OBJ
695,خواطر شريرة لعقل برىء - باسم يوسف - بوابة الشروق,OBJ
696,3 في اجتماع اليوم، طالبت الرئاسة بالشفافية الكاملة وبتقديم كشف حساب عن إدارتها لملف السد الإثيوبي خلال الأشهر الماضية وإخبار الرأي العام,OBJ
697,#ﻣﻘﺪﺭﺵ_ﺍﻧﺴﻰ اول هدية جاتلي 3,OBJ
698,#عاجل موجة غبار تقترب من #حائل وأخرى تقترب من #القصيم وتزحف نحو #الرياض و #الشرقية #السعودية,OBJ
699,يعني مثلاً مبسوط إنهم بيتقتلوا وبهرج على الموضوع ده؟ جايز تكوني فهمتي كده لو متربصة بس إنما بدون تربص المعنى واضح جداً,NEUTRAL
700,5 سقوط الكنيسة مع البابا المتطرف تواضروس مفهوم ومرتبط بالمصلحة فى تقويض مكانة وهيبة الاسلام فى مصر واستفاد بخبث من مبدأ استعمارى (فرق تسد),NEG
701,من استراتيجيات حملتنا أنها ايجابية لا سلبية د محمد الشهاوي - مدير الحملة - متحدثا عن استراتيجيات الحملة :,OBJ
702,الأدمن: انتظروا حلقة #امريكا_بالعربي النهاردة الساعة 8,OBJ
703,التفتوا إلى القرى والنجوع، حكومة وأحزاب ونخب وإعلام فهذه هي مصر الحقيقية، مصر كما ذكرتني بها قرية كفر هلال بالمنوفية والتي زرتها أول أمس,OBJ
704,3 عمنا كامل الشناوي كان راجل لارج في المواضيع دي من أيام إني رأيتكما وتباعدت وتدانت والحاجات اللي تخالف شرع الله دي,OBJ
705,كفر_الدوار #كفر_الشيخ #ملوي #دكرنس #دمياط #نويبع #الصعيد #القليوبية #الغربية #الفيوم #الدقهلية #البحيرة …,OBJ
706,البرنامج - الحلقة 24 كاملة,OBJ
707,اليوم، هو ثاني أيامنا في جوبا، عاصمة دولة جنوب السودان التي يبلغ عدد سكانها9 مليون نسمة، كثيرين منهم يتكلمون,OBJ
708,ليه بتتحمرشوا بالبنات؟ #المواطن_المصري,OBJ
709,#أماني_الخياط عايزه الرئيس يلغي قانون التظاهر علشان شوية شمامين مش عاجبهم !؟ باي صفه بتكلمي و الدوله مش بيتلوي ذراعها يا أماني,OBJ
710,#السيسي يحارب رابعة السيسي يحارب سيناء السيسي يحارب دلجا هو الراجل ده تخصص حرب مع مصريين بس ولا إيه ؟!,NEG
711,أبو الفتوح لشرف: تحسين الأداء أو الرحيل,OBJ
712,كلما تكلم ابو الفتوح عن اضرار الانقلاب على الحريات والاقتصاد والانقسام اتذكر قاتلا ينعى ضحيته منحته صوتى للاسف,OBJ
713,الأسواني:كيف تسببت المرونة السياسية لدى الزعيم سعد زغلول في تفريغ الديمقراطية المصرية من محتواها لمدة ثلاثين عاما>>,OBJ
714,هؤلاء في #سجن_جو يدفعون ضريبة الثورة في كل نفس منذ مارس 2011 ولازالو، واجبنا أن ننصرهم حتى ننتصر #اعتقال #البحرين,OBJ
715,واقفه احتجاجيه بناصية شارع عبد المنعم رياض بالوراق الساعة 9:30 الدعوه عامه للجميع #انزل #احشد #شارك,OBJ
716,القبض على قيادى من حزب النور فى بنى سويف اكيد اخوان ايه المانع اهلاوى بيشجع الزمالك,NEG
717,بالفيديو عكاشة: والله #هيفاء_وهبي ست مش طرية واللى يتجوزها يبقى خد خازوق !! #بوابة_القاهرة #مصر #توفيق_عكاشة,NEG
718,خلصنا من وين طلع لنا خيري أخلص يا خيري,OBJ
719,يازين #مضامير اشتقنا لها 😿,OBJ
720,زبيدة ثروت #مزز_ما_قبل_البلاستيك,POS
721,الشعب انقسم بعد الانقلاب الى جزءين أقلية من الاغنياء مع الاغبياء مع الانقلاب أغلبية من الشرفاء والفقراء لن تهدأ الا باسقاطه,NEUTRAL
722,#الببلاوي #أنتخبوا_ #الهاشتاج,NEG
723,تأجيل نظر عودة #الحرس_الجامعي إلى جلسة 29 إبريل,OBJ
724,الحمدلله ، الجمجمة تستر الأفكار ، تخيل لو أن افكارك عرضة لفضول الناس !! #افكار #افكار_ع_المخده,OBJ
725,شاهد - بطل مصر والعالم رامي عاشور في آخر كلام #,OBJ
726,اللى كان بيدعم #أبوالفتوح فى الجوله الاولى بيدعم حمدين دلوقتى و كتتيييييير من اللى كان بيدعم #حمدين بيدعموا #السيسي !! ه…,OBJ
727,في أول رسالة فيديو عبر موقعه حمزاوي: أشكر من لم يعطني صوته وسأدافع عن الدولة المدنية - بوابة الأهرام,OBJ
728,الخميس 15 سبتمبر : د عبد المنعم أبو الفتوح فى مؤتمر جماهيرى بمنيا القمح 830 مساء,OBJ
729,من أرشيف الصور: أثناء زيارة بورسعيد إلى أي مدى ترى أن المواطن المصري البسيط احسن بايجابيات الثورة حتى الان ؟,OBJ
730,أشكركم جميعاً على وقتكم الثمين والساعة لا تكفي معكم,POS
731,#الكويت #السعوديه #البحرين #قطر #ا?مارات #عمان #العراق #مصر #تونس #الجزائر #المغرب #ا?ردن #السودان #لبنان 475,OBJ
732,#الاندلس_مول #علاء_المنصري #حماس,OBJ
733,شاهد - آخر كلام: إحنا الخونة من أعماق قلوبنا، شكراً #,OBJ
734,للاسف ما يسمى صفحة التراس باسم يوسف بدأوا يستعملوا لغة سيئة جدا وانا بعد ما ساندتها لا استطيع مساندة هذا الاسلوب السيئ,NEG
735,#غزة_تحت_القصف أنباء غير مؤكدة بعد ،، أصابة عدد من جنود الاحتلال بجروح بعد استهداف درويتهم من قبل المقاومة شرق #غزة قبل قليل,OBJ
736,#برنامج_كفو | قريباً | #قناة_مجد :,OBJ
737,كلو يوم بمر الناس بتنسي عشان كدا لازم نذكر و نتذكر #السودان,OBJ
738,سبحان المعز المذل قصة علي العريض من السجن إلي وزير داخلية تونس,NEG
739,عملت بها لمدة خمسة سنوات وكنت خلالها في اجازة خاصة من عملي في جامعة القاهرة، من 2005 الى يناير 2011,OBJ
740,المرأة كالدنيا فيها تقلبات الفصول الأربعةد#مصطفي_محمود,OBJ
741,ندوة د علاء الأسواني بساقية الصاوي >>> الخميس القادم 2/8/2012 >>> الساعة التاسعة مساء بقاعة النهر >>>,OBJ
742,الأحمري المتجنس في #قطر يستمر في #تحريض الفتنة في #مصر، ويشبه قواتها الباسلة بجيش الاحتلال الفرنسي!!! …,NEG
743,فى بور سعيد ضحايا شافوا الغدر قبل الممات #07 #افتكروهم #74شهيد فى الجنة,OBJ
744,: #اذكر_الله ,OBJ
745,_22 اممم بص النتيجة واحدة نقي انت #ديموقراطية,OBJ
746,عضو في مجلس الشعب #ماهر عبد الحفيظ حجار يعلن ترشيح نفسه للانتخابات الرئاسية في #سوريا,OBJ
747,هل يمكن ان نترك الثورة تنكسر خوفا من ان يستغل الاخوان النصر لصالحهم ام واجبنا ان ننصر الثورة ثم نحمي النصر من الاستغلال سؤال اوجهه للجميع,OBJ
748,فيديو سحل وضرب الأمن المركزى لمواطن على كوبرى قصر النيل,OBJ
749,لا تقتلوا هريدى,OBJ
750,#مطابخ فرح فريده من نوعها مضمونه مدى #الحياة لمن تبحث عن #التميز و #الجوده هاتف الرياض 4538565-(011) …,OBJ
751,سقوط فرع شجرة يؤدى لإصابة العشرات بـ #مليونية_الشرعية وحالات إغماء بين #المتظاهرين,OBJ
752,آهـٍ يا #نفسي أما آن لك أن تتوبي وترضخي أما آن لك أن تستسلمي وتقري فالحب و #المشاعر لم تخلق لك ولي أرجوك يانفسي يكفيني عذابا…,NEUTRAL
753,شكر خالص للانقلاب جعلتنا نعرف من هم الاخوان,NEUTRAL
754,اعلام العار ادعى الوطنية عند خسارة مصر من غانا 6-1 واليوم يهاجم محمد يوسف بطل العالم للكونج فو لارتداء تيشيرت,NEG
755,"دعمرو حمزاوي برنامج "" أخر كلام "" 11 إبريل 2012",OBJ
756,احببت فيك هذا الضني الناطق المعبر انها الانسانية كلها في قلب رجل #مصطفي_محمود #ضي,POS
757, أكملُ المؤمنين إيمانًا أحسنُهم خُلقًا ،وخيارُكم خيارُكم لنسائهم رواه الترمذي #يوم_الم…,OBJ
758,_ مشهد ينشر لأول مرة يظهر إطلاق النار عمداً على متظاهر أعزل أثناء فض إعتصام #النهضة,OBJ
759,انشقاق عبدالله بن عباس عن علي واخذهم من بيت المال حتى قال عليه علي انه يأكل ويشرب من حرام,OBJ
760,يا أستاذ عمرو يا دكتور محمد فى مخرج شاب إسمه رامى الجابرى فيلمه فى إحدى مسابقات المهرجان إدع,OBJ
761,"د علاء الاسواني يكتب مقاله الأسبوعي بعنوان: "" كيف للرئيس أن ينام ؟! "" على هذا الرابط >>",OBJ
762,حصلت معأأك قبل #كدة #لما تكون خأأرج واول #متقفل الباب تفتكر انك #نسيت حاجة ! :),OBJ
763,خطوات الفحص الذاتي للثدي، #سرطان_الثدي #المرأة,OBJ
764,#مصطفى_حسني أسًتُغّـفُر ٱللۂ عدُدُ حًبّٱتُ ٱلمطٌر أسًتُغّـفُر ٱللۂ عدُدُ ٱلرمل,OBJ
765,#الوطن | رئيس المجلس المصري للشؤون الخارجية يغادر إلى #نيويورك #مصر #اخبار,NEUTRAL
766,قلت للرئيس شباب الثورة لفقت ضدهم التهم من اجهزة الأمن وانت تسال اجهزة الأمن عن الأبرياء فيهم هل تتوقع ان تعترف اجهزة الأمن بالتلفيق وتعتذر,NEG
767,الفرسان كورة - #وائل_جمعة : مباراة العودة أمام #الدفاع_المغربى لن تكون سهلة لهذا السبب,OBJ
768,حد يعرف المعبد اليهودى اللي ف كامب شيزار فين بالظبط؟ #اسكندرية :),OBJ
769,عودة لسجون مبارك,NEG
770,: تايمز سكوير #نيويورك #غرد_بصورة #سياحة #سفر #صور #امريكا ,OBJ
771,بطيء عندما تنتظر، سريع عندما تخاف، طويل عندما تحزن، قصير عندما تفرح،،،,OBJ
772,مافيش شخصية بيهاجمها الإخوان دلوقتي إلا ورئيسهم ليه فيديو بيمدح فيها حتى الزند وعكاشةالعدو الأول لمرسي بعد نفسه وخيرت هو اليوتيوب حفظه الله,NEUTRAL
773,179 #غرد_بطولك,OBJ
774,إلي المجلس العسكري ووزارة الداخلية : أوقفوا القتل وسفك الدماء فورا الدم المصري خط أحمر,NEUTRAL
775,الأسواني:هل صدق مبارك حين أعتقدأن الشعب المصري لايصلح لممارسة الديمقراطية وعليهم أن يختاروا بين الاستبداد والفوضى؟! >,OBJ
776,مثلهم مثل أنصار مبارك وأنصار كل مستبد يتصورون مشكلتهم مع الكتاب والإعلاميين ثم يفاجأون أن مشكلتهم مع الواقع الذي امتلأ بالمظلومين والمحبطين,NEG
777,#قول_كلمه_للسيسي_وخد_فولو_هديه : ربنا يقويك وتكون عند حسن ظننا بيك,OBJ
778,وزير الغلابة #باسم_عودة معتقل ف سجون العسكر لان كل حلمة هو تقديم #افضل_منتج_لاكرم_شعب #انا_مش_رقم #انتفاضة_السجون …,NEUTRAL
779,#ولاد_البلد #المنصورة #مصراوي جنايات المنصورة تؤجل قضية خلية المنصورة #الإرهابية لجلسة 30 إبريل لإستكمال سماع الشهود …,OBJ
780,دضياء رشوان: أن الدكتور عبد المنعم أبو الفتوح الأكثر اعتدالاً سياسيًا وديننًا، كما أنه اجتهد فى مقاصد الشريعة,POS
781,طبقا لأرقام متواضعةخسرت مصر منذ الانقلاب ضعف ماتعهدت بدفعه السعودية والامارات والكويتالانتاج لا المعونات هو الذي ينعش ال…,OBJ
782,بشرى اقتصادية اليوم صباحا فشلت ثلاثة محاولات لصرف أو سحب أية مبالغ مالية من حسابى في البنك التجاري الدولى,OBJ
783,النائب العام للتجميع والتوزيع أصدر النائب العام قرارا بالتحفظ على أموال الدكتور محمد محسوب ، عميد كلية الحقوق,OBJ
784,#عاجل #الرياض #مكة #خواطر #غرد_بصورة #غرد_بصوره #دبي #غرد_بذكر_الله [31543451],OBJ
785,تعليقاتكم على الصورة #غرد_بصورة #الوقت #الفراغ,OBJ
786,شاهد - آخر كلام: كيف يحدد خصم قواعد اللعبة #,OBJ
787,: المحلاوي يطالب بتسليح الإسلاميين لفرض الأمن,OBJ
788,ثقافة القطيع وحشة جدا زي موضوع تشومسكي اللي جريوا كلهم وراه وطلع متفبرك في الآخر بنص كلام تشومسكي,NEG
789,إستخدام المساجد في العمل السياسي ونشر العنف # #,NEG
790,إنتظروا د عمرو خالد على قناة العربية فى تمام الساعة العاشرة مساءاً و حديث عن إنطلاق منتدى أهل مصر,OBJ
791,(أم اتخذوا من دون الله شفعاء قل أولو كانوا لا يملكون شيئا ولا يعقلون) #غرد_بذكر_الله,OBJ
792,الدنيا مش ابيض يااسود دنيا كل الالوان حط لوني على لونك نوصل ابعد مكان كل حلم وله بداية بس شرط تكون معايا #كاريوكى,NEUTRAL
793,شاركوا معانافى الهاشتاج ده #محبي_حازم_عبدالعظيم_ضد_الخونه عايزينه تريند #ريتويت #جيش_تويتر #سأنتخب_السيسي #باسم_طلع_حرامى #ا…,NEUTRAL
794,#احمد_موسى: #خيرت_الشاطر قال أن من أخطاء #الحرية_والعدالة أنه لم يضم أعضاء #الحزب_الوطنى إليه # #,OBJ
795,‏مبارك عليكم الشهر! ‏#رمضان_كريم‏,POS
796,رفض دعاوى وقف انتخابات نادي قضاة #مصر ,OBJ
797,#شذى العمل تتجه لإلزام مكاتب الاستقدام بالتأمين على العمالة المنزلية للحد من الهروب والامتناع عن ال…,OBJ
798,بنات عمارة انت الامل فى العيون #بنات_هندسة,POS
799,النوم على طهارة #صورة #طهارة #النوم #نشر_سيرته #,OBJ
800,من قفز ببراشوت على موقع وظيفي يعود الى موقعه الاساسي #السادة_المحترمون,OBJ
801,ماذا بعد انا شاهد الجميع الإخوان وهم يحاولون حرق #مصر و مذابح ضد المدنين العزل والجنود والضباط هل هناك من لازال يتحدث عن مبادارات و صلح؟!,NEG
802,لبيك اللهم لبيك لبيك لا شريك لك لبيك إن الحمد و النعمة لك و الملك لا شريك لك,POS
803,ابراهيم صلاح ضحى ب 3 مليون من الهلال السعودى او اتحاد جدة ، وإختار الزمالك #زملكاوى,POS
804,بالفيديو : الرئيس السابق حسني مبارك يلوح لأنصاره من خلف زجاج غرفته في المستشفى #مصر #حسني_مبارك,OBJ
805,"#لازم نتعلم علم ال "" "" هيريح نص الناس الى على #تويتر",OBJ
806,عندما تسامح من أساء إليك،فأنت ﻻتغيرالماضي؛بل تغيرالمستقبل,OBJ
807,الرسالة رقم 13 من الجزء الاول لكتاب رسائل سجين سياسى الى حبيبته,OBJ
808,#النيابة تعاين سيارتين ملاكي أحرقهما مجهولين أمام مدرسة بـ #المحلة_الكبرى,OBJ
809,احقر انسان هو اللي سكت عن الانقلاب في مصر وعقبها قال ما يجوز الخروج على السيسي لانه ولي أمر #إنصاف_الإخوان,NEUTRAL
810,#اخر الليل #حلل_الويكند,OBJ
811,#ذات_مومنت لما البنت تكون عاملة شي وبيا يجي عالبيت يقول مين الحيوان لي عامل هيك بكون شكلا هيك #,OBJ
812,خمس الاف متابع بـ 200 ريال #سلمان_العودة #تغريدة #اقتباس #طارق #السويدان #طارق_السويدان #أعجبني #العريفي # 217,OBJ
813,اقتحام السفارة مش سلمي,NEG
814,المادة التاسعة وأسباب أخرى لرفض مسودة مبادئ الدستور (1) - عمرو حمزاوي - بوابة الشروق,NEG
815,د جابر نصار يتقدم بالشكر لتبنى قناة أون تي في إنقاذ مستشفى الحروق بجامعة القاهرة #مصر # #الإمارات #السعودية,OBJ
816,الرياض #القصيم #واحد_فاضي #الهلال #السعودية #النصر #النصر_الهلال #البدائع #الزلفي #حفرالباطن #مكة #جدة [2635558],NEG
817,"تعلم الحب الراقى من "" على بن أبي طالب "" كرم الله وجه لزوجتة ""فاطمة الزهراء"" بنت الحبيب محمد صلى الله عليه و سلم",OBJ
818,1997 #دراما #جريمه مشاهده #سينما #افلام #عالم_سكر # #,OBJ
819,هذه المقولة كانت أول ما نشر علي الصفحة في بدايتها في 11 يوليو 2009 هل تذكروها؟,OBJ
820,ما ذنب الفيروسات ؟؟,OBJ
821,2008 بعد ان عرفنا من ابو الفتوح حزب النور مش حزب ديني والاخوان مجرد جمعية سلمية تأكدت ان بن لادن كان مجرد كابتن فري,NEUTRAL
822,انت بتحور يا مغير، انا و انت متفقين على خطأ استعمال دور العبادة سيبك من دي و جاوبني،فين التحريض على الحرق و العنف,NEUTRAL
823,#حمدي_قنديل انت مقتنع باللي بتقوله ده؟؟!!,OBJ
824,مبروك على مصر وأهل مصر اﻷبطال اﻷشاوس المحترمين المتعلمين المثقفين كل شعب مصر شعب راقي كلمتكم الموحده و #سأنتخب_السيسي,POS
825,الحلقة العاشرة - الجزء الثاني - قضيب الغضب,OBJ
826,د علاء الأسواني: ماذا يريد أنصار الأخوان من اسكندر طوس ؟! >> أقرأ المقال كاملاً على هذا الرابط : … …,POS
827,يلتقى د عمرو خالد معكم اليوم الخميس بإذن الله بمسجد المجمع الإسلامى بالشيخ زايد بعد صلاة العشاء و لقاء جديد فى,OBJ
828,الله يمسيك بالخير #خالد_على,OBJ
829,لما يتم تفجيرات لمدارس البنات في افغانستان تحت دعوى تعليم البنت حرام يبقى ارهابي,NEG
830,الوطن | تجديد التبرؤ من مرض عضال! | عمرو حمزاوي:,OBJ
831,#شعر #النصر #الهلال #متصدر_لا_تكلمني #الامارات #عمان #سوريا #غرد_بالخير #رتويت #دعاء [2949972],OBJ
832,# #تصبحون_على_وطن #وقت_النوم #غداً_نلتقي #تدوين #مفيد,OBJ
833,اللي شتموا وكفروبلال والاسواني دلوقتي زي العسل على قلبهم عشان مع القرار واللي اتهموا البرادعي انه عميل بيستشهدوا بيه ضد القرار #عبث,NEUTRAL
834,سبتمبرذكرى وفاة محيي الدين اللبّاد رسام وفنان تشكيلي،والد مصطفى اللباد خبير الشؤون الإيرانيةوالتركيةوالفنان,OBJ
835,الناس اللي بتحب باسم يوسف ينفع اللي عمله معايا ده؟,NEUTRAL
836,انتي اصلا مافيك فايده #كلمه_بتتقال_في_البيت_كل_يوم,NEG
837,البلاغة في الرد:,OBJ
838,الدراما المصرية في تقدم مبهر مسلسل #نيران_صديقة راااائع جداً جداً,POS
839,( فألقيه في اليم ولا تخافي ولا تحزني إنا رادوه إليك وجاعلوه من المرسلين ) هذه الآية تبعث الأمل ،، #ل…,POS
840,المحامي طارق عبدالعزيز المحامي بالنقض ضيف #يوسف_الحسيني الان في #السادة_المحترمون,OBJ
841,صدور قانون تشكيل الأحزاب دون أي حوار ونفس الحال بـالنسبة لقانون مباشرة الحياة السياسية يقلص مضمون أي حوار وطني ويفقده جانب كبير من مصداقيته,NEG
842,033 _12 _ على أساس أن تحرير #الأقصى أولوية لدى آل سعود!!,OBJ
843,إن كان من عادوا للتأسيسية يرون في هذا عملا وطنيا فهذا لهم ولا يحق لا لي ولا لغيري رغم اختلاف الموقف والتقدير المزايدة على وطنيتهم,NEUTRAL
844,أيامنا هذه هى أيام اختلال مفزع لمعايير الحكم على الأمور فى المجال العام فى مصر وفى بلاد العرب,NEG
845,عمرو عبد الهادى : المواطنين الشرفاء بتوع #الداخليه زي المحامين الشرفاء بتوع #سامح_عاشور و زي اﻻعلاميين الشرفاء بتوع #نجيب_ساويرس,NEUTRAL
846,"#اعتراف : غيابك المر شتت زاهي حضوري !""",NEUTRAL
847,"بيننا وبين ""التقوى"" مخافة الله سبحانه وتعالى لكن بيننا وبين التدين الشكلى مجرد موس حلاقة (جلال عامر) #جلال_عامر",NEUTRAL
848,مباراة #المصري و #المنيا مذاعة على قناة الصعيد - السابعة سابقاً - تردد 11227 رأسي,OBJ
849,عنان كان دفاع جوي مع ان دايما رئيس الاركان مشاة او مدفعية الله يرحمك يا ابو غزالة، عبقري المدفعية في القرن العشرين,POS
850,الأسواني: كيف يتعامل نظام مرسي وأنصاره من الأسلاميين مع الأعلام المعارض لهم ؟! >> المقال كاملاً>> …,OBJ
851,هامش للديمقراطية كارثة المعايير المزدوجة - عمرو حمزاوي - بوابة الشروق,OBJ
852,#قطر الدولة الوحيدة في العالم لها سفير في #غزة وأميرها الحاكم الوحيد الذي جرم #إسرائيل وحملها مسؤولية العدوان بينما مسوخكم جرّموا #حماس,NEUTRAL
853,يجب ان يشكل المجلس المنتخب حكومة تقوم بتشكيلها الاغلبية او حكومة ائتلافية يستطيع مجلس الشعب أن يسائلهاوإلا سوف يتكرر الامر مرات ومرات,OBJ
854,#قمة_الكوسة في البلد دي #إلهام_شاهين تتكلم في الدين و #سما_المصري يحبسوها #الحرية_للمناضلة_سما_المصري :),OBJ
855,ما يدعو للضحك والرثاء معا انا الإخوان بسبب غبائهم الفطري و نقيصتي الخيانة و الجبن المتأصلتين بهما يظنون ان الفرد يدافع عن بقائه لا وطنه #مصر,NEG
856,الرؤية والخبرة والكفاءة و المصداقية سلع نادرة في الإدارة الحالية للبلاد ماذا حدث لمصر الثورة ؟,OBJ
857,دعما لـــــ #ثورة_الانترنت #ثوره_الأنترنت #ثورة_الأنترنت #ثوره_الانترنت,OBJ
858,#محمود_الجندي يبكي حينما تحدث عن ذكراه مع #عمار_الشريعي #,OBJ
859,ألقطر كان بيوصل لبنان !!,OBJ
860,عرض الاسبوع 36 ألف متابع #وش_أكثر_شي_يسهرك #صيام_الإثنين #خد_موقف_من #صلاة_الوتر #فى_تويتر_تلاقى #الدمام [91766],OBJ
861,شموسه شنو احلى اغنية عجبتج من البوم #شيرين,NEG
862,رئيس يطبق الشريعة دون أن يكون مسلما ولايسير في مواكب مصفحة ولا يكذب على الناس بحركات إستعراضية ويفتح قصره للفقراء,POS
863,"البديل | البديل "" أبو الفتوح: توريط الجيش في السياسة أكثر من اللازم خطر على الأمن القومي",NEG
864,#حملة_الا_يوسف_الحسينى #يوسف_الحسيني حرقهم علشان كاشفهم من زمان أويغلطة ومش هيكرروها تاني …,NEUTRAL
865,وماذا عن كفاءتها فى تأمين الانتخابات ومحاكمة مبارك وبيوت وأسر لواءات المجلس العسكرى؟,OBJ
866,إشتراك نادي الصيد بقى ب 250 ألف و كاش #معلومات_لا_تهمني #بيقولك_أعرف_بلدك,OBJ
867,مذبحة ميدان رابعه العدويه جريمه نكراء وسيحاسب الشعب المصري مرتكبيها #رابعه_العدويه,NEG
868,بعد أن كان الاسرائيليون يتوسلون غاز #مصر يتوسل الانقلابيون الآن عبر وساطة قبرصية لشراء بعض غازهم وبأضعاف اسعار كانت تدف…,OBJ
869,النائب فى الدائرة مهمته يخدم الدائرة من خلال برامج تنموية حقيقية على مستوي الدائرة بصفة خاصة و الوطن بصفة عامة,OBJ
870,محكمة النقض تحدد جلسة 13 يوليو لنظر أولى جلسات طعن #هشام_قنديل على حكم حبسه,OBJ
871,رنا سماحة تحضر لعمل فني مع الملحن عمرو مصطفى,OBJ
872,مهمتنا تغيير المعيار و فتح افاق جديدة حتى و لو كانت غير مقبول في البداية,OBJ
873,من يريد السفر سيعرف الفارق بين حكم مرسي وزمن العسكر، مفيش دولارات في البنوك ومتقدرش تسحب من حسابك المصرى الا اقل القليل,NEUTRAL
874,_ مش قالولك متهنيشويلك ويلك على كل شكرا,OBJ
875,#شخص_تتمنى_له_عاما_سعيدا_2014 ♡ _333,OBJ
876,الحب اللى بيبقى ف #النور قدام #ربنا #احلى #بكتر من الكلام ف الموبايل بليل وانك #تستخبى من #اهلك,NEUTRAL
877,#مقال: #المسؤولية_المجتمعية لـ #الجامعات تتعدى أسوارها المصدر: #صحيفة_الحياة، السبت 26 جمادى الآخرة 1435هـ 26,OBJ
878,​أحياناً يكون الألم النفسي أصعب و أشد ألماً من الألم الجسدي ٣٤ #مذبحة_بورسعيد #المجد_للشهداء #إفتكروهم,NEUTRAL
879,تحتاج ل #قفزة_فيليكس,OBJ
880,مواجهة سابقة بين ارسنال ونيوكاسل في الهايبري #ارسنال,OBJ
881,لا إله إلاَّ اللَّه وَحْدَهُ لا شرِيكَ لَهُ، لهُ المُلكُ ، وَلهُ الحَمْدُ ، وَهُوَ عَلى كُلِّ شَيءٍ قَدِيرٌ #غرد_بذكر_الله #كنز_المسلم,NEG
882,عيد أضحى سعيد على شعبنا المصرى والعربى وأمتنا الإسلامية كل عام وأنتم بخير,OBJ
883,#تونس : إيقاف حكم مباراة #الصفاقسي و #بنقردان في #مباراة_الكأس,OBJ
884,هل تعرف ما هو اسم الله الأعظم -تعلم واحد من أهم الأدعيه النبوية في 3 دقائق في حلقة جديدة من برنامج بسمة أمل,OBJ
885,الميرغني,OBJ
886,الاخوان يستهدفون بالاغتيال ضباط الامن الوطني المسؤولون عن ملفات التنظيم #السادة_المحترمون,OBJ
887,يوسف الحسيني ضياء رشوان #السادة_المحترمون تابعونا,OBJ
888,"قالك مريم اشرف ٨ سنين خدت الرصاصة في قلبها وماتت بين أيدين أبوها ماتت مش نامت ولا لعبت لا ماتت كفرة""",OBJ
889,مواعيد العرض على سي بي سي الليلة منتصف الليل الساعة الثانية صباحا على +2 الساعة العاشرة صباحا يوم السبت و الساعة الثانية عشر +2,OBJ
890,تابعواالأن #نقطة_لقاءمع #يوسف_الحسينى دمجدى عبد الحميد المنسق العام للجنة الشعبية المشاركة في إعداد الدستور …,OBJ
891,"أهالي إمبابة مسلمين وأقباط يحيطون بالكنيسة ويهتفون ""مسلم مسيحي يد واحدة"" والجيش يطارد مطلقي النيران # #",OBJ
892,طب ينفع المجلس الأعلى للقضاء يفكر يروح بكامل هيئته لحد؟,OBJ
893,عصام-سلطان على المكشوف,OBJ
894,شاهدوا في الحلقة 23 من برنامج: عُمر صانع حضارة، كيف كان التراحم الاجتماعي بينه وبين الناس سبباً في إقامة دولة,OBJ
895,#فودافون بتعمل جمعيات !! هو احنا بنأمنك علي الرصيد لما هنأمنك علي فلوس 😃😒,OBJ
896,"نسأل الله أن يحفظ شيخنا من كل مكروه ويمن عليه الصحة والعافية #سلامتك_يا_خليفة """,POS
897,#بيقولك_أعرف_بلدك مدينة الآثار تحت الماء او مملكة كليوباترا، خليج ابو قير/ اسكندرية,OBJ
898,أفَلا أكون عبدًا شكورًا قالها صلى الله عليه وسلم ليخبرنا بأن بالشكر تدوم النعم ويجد الإنسان سعادته الحقيقية #الشكر…,POS
899,: عمرو أديب : حمدين #صباحى أعلن أنه لو أصبح #الرئيس هيدى كل شاب فدان و 10 الف جنيه  وترابيزات بلياردو وبينج,OBJ
900,فن خسارة المعركة اقرأ المقال كاملا على موقع #الشروق,OBJ
901,مين الآي فتى بكده؟ أومال اللغة القبطية دي إيه واللغة النوبية إيه؟,OBJ
902,«ماسبيرو» يسدد 24 مليون جنيه ديوناً لـ«الإنتاج الإعلامى»,OBJ
903,قتلوا وحرقوا وأصابوا واعتقلوا ولاحقوا وطردوا واهانوا وشوهوا كل الشرفاء، كلنا غداً في الشارع احشد ٣٠ أغسطس لإسقاط الانقلاب,NEG
904,7_: #خريجات_جامعيات_قديمات_عاطلات #رتويت #دعم #ظلم #قهر ,OBJ
905,#ﺍﻹﺧﻮﺍﻥ ﻳﺸﻌﻠﻮﻥ ﺍﻟﻨﻴﺮﺍﻥ ﺑﻨﻘﻄﺔ ﺷﺮﻃﺔ #ﺍﻟﻄﺎﻟﺒﻴﺔ ﺑـ #ﺍﻟﺠﻴﺰﺓ حسبي الله ونعم الوكيل #,OBJ
906,تقدمت في البرلمان بطلبات تطهير الداخلية والقضاء أكثر من مرة لكن لم يتم الرد,OBJ
907,46572581 ههههههههههه انا و ام ابني المستقبلية بنفتح من اكونت واحد,NEG
908,لصوص مصر يسجنون شرفاء مصر عواجيز مصر يريدون ابادة شباب مصر هذا هو العنوان الاكبر للانقلاب العسكرى,NEG
909,التعليم: ضعف مستوى التعليم الحكومي وازدهار المراكز الخاصة في الدائرة بعيداً عن رقابة وزارة التعليم,NEUTRAL
910,#المصيبه اللي تقربك من #ربنا احسن من #النعمه اللي تنسيك #فضله,NEUTRAL
911,بسمة أمل - قصة التاجر صاحب الأخلاق,OBJ
912,_ يااااااه يا مالك بترد على حالة مر عليها 31 يوم؟! :) حالة الانقسام التي شهدتها القوى الديموقراطية هي التي أدت لذلك,NEG
913,وصول 500 مهاجر من ميانمار وبنغلاديش إلى إندونيسيا,OBJ
914,على مقهى في شارع الدم! اقرأ المقال كاملا على موقع #الشروق,OBJ
915,"شاهد فيديوللرئيس الأميركي يلعب كرة القدم مع ""روبوت"" ياباني #أوباما #اليابان",OBJ
916,السفارة المصرية العظيمة في السعودية بتوزع منشورات علي المصريين لكي يصوتوا بنعم في الاستفتاء علي الدستو,NEUTRAL
917,أتمنى إن لايعتمد مرسي على تقارير الأجهزة أو الجماعة التي تنصح بالمزيد من الإجراءات الإستثنائية لإنها مانفعتش اللي قبلهبادر يامرسي وكن قدوة,OBJ
918,#اعترافات_الطفولة حرامي دجااج,OBJ
919,#خبر دراسة لتغيير مواعيد الدراسة بسبب مشروع #مترو الرياض #تعليق : يعني بتخلونها في الليل :(,OBJ
920,اى دين او ملة اى رجولة او شهامة اى مهنة او مهمة تسمح لرجال بالمدافع يهاجمون نساء فى منازلهن للقبض عليهن ثم اتهامهن بحمل سلاح مصر اتهانت,NEG
921,# احلي حاجة في الحلقة #رجعوا_الجماهير,POS
922,اولاد رجال الاعمال الاوساخ واولاد تجار المخدرات واولاد الجنرالات والمعرصين والمعرصات متجمعين فى مكان واحد فقط ! تايم لاين #حازم_عبد_العظيم,NEG
923,العصابة الموجودة في سجن طرة لا يزال لها رجالها وأموالها خارج السجن وتدير عملية الانف,NEUTRAL
924,"رسمياً ""#الفيفا"" يوافق على إقامة الدورة الرباعية للدوري #المصري بالتزامن مع كأس العالم",OBJ
925,ملامح عثمانيه… جامع علي باشا حكيم اوغلو (ابن الطبيب) بني عام 1735 في #اسطنبول #تركيا,OBJ
926,هذا هو رأيي الشخصي أيضا,OBJ
927,"انتظروني اليوم مع الإعلامي محمود سعد في برنامج ""آخر النهار"" الساعة 9:30 مساءً على قناة النهار الفضائية تردد ١١٤٨٨",OBJ
928,"استمعوا لحلقة جديدة من برنامج بسمة أمل - الفرق بين الاسم و المسمى ""القهوه الحرام"" !!",OBJ
929,#ميلان #من_الذاكرة_الميلانية ميلان يقلب الطاولة علي الانتر من التأخر 2-0 الي فوز 3-2 موسم السك…,OBJ
930,1 اصحي من النوم 2 افتح الملزمة اتنح 3 اقفلها ازهق 4 اقوم انام تاني -_- #ثانوية_…,OBJ
931,"#الشروق ""الداخلية"": 400 ألف مواطن تقدموا لأداء الحج وبدء إجراء القرعة 10 مايو المقبل",OBJ
932,نحيي شباب حزب الوسط على مجهودهم الرائع فى الانتخابات والذى كان سببا فى حصول الحزب على ما يقرب من مليون صوت ممن صوتوا لنا عن اقتناع,POS
933,"باحث فلسطيني: المصالحة بين ""#فتح"" و""#حماس"" غير واضحة المعالم قال الباحث الفلسطيني أحمد الدبش، إن المصالحة",OBJ
934,يا مقرفين ده فيه محجبات بيتم التحرش بيهم دي لو لابسة درع حرب من العصور الوسطى حيتحرشوا بالخوذة العيب فيكم يا معفنين,NEG
935,2 فأوضحت ماذا أقصد بالتغريدة وابتعادها الكامل عن إهانة القضاء، وقدم المحامون معي العديد من المقالات والتغريدات التي تدلل على احترامي للقضاء,OBJ
936,إن خلوت بنفسك فلا تجعل الله أهون الناظرين إليك,OBJ
937,المسار,OBJ
938,#عمرو_سلامة : لما أعمل فيلم أخد موافقة مين؟,OBJ
939,صوتكم يمكن أن يجعلنى أفوز وإذا كنتم تريدون نجاح #السيسي فاقعدوا فى البيت هو الراجل…,OBJ
940,جماعة الإخوان منحلة منذ عام 1948 وهي خارج الشرعية #السادة_المحترمون,OBJ
941,#ولاد_البلد #المنصورة #مصراوي تجمهر أهالي القتيل أمام مستشفى #طلخا المركزي، ومديرية الأمن تدفع بتشكيلات أمن,OBJ
942,تقرير ناري #الجزيرة تفضح علاقة #وزير #الداخلية بالبلطجي صبري نخنوع _,NEG
943,طوارئ #بمستشفيات #المنوفية تحسبًا لمظاهرات #الإخوان,OBJ
944,دور #البرادعي على المستوى الدولي كسفير ل 30يونيو يبعث برسائل للعالم كله انها ثورة شعب وليست انقلاب كما تصور أمريكا لن ينساه …,OBJ
945,#جمال #خيال #حقيقه #جميل #درر #حكم #أعجبني #حكمه #بقلمي #شوق #بوح #شعر #قصيد #رتويت خمس الاف متابع بـ 200 ريال /3684,OBJ
946,#اذكر_افيهات_الثورة لقينا في خيم المعتصمين عند #الاتحادية #الإتحادية خمرة و مطهرات مهبلية :,NEUTRAL
947,"متحدث #الحرية_والعدالة : عملي مع #الإخوان ""سبوبة"" والنيابة تأمر بحبسه ميمو",NEUTRAL
948,اللي بيطالب ان الازهر هو اللي يفسر مبادئ الشريعة في الدستور حيكون ده رآيك لما قيادته تتغير؟بصوا على الهجمات المسعورة ضد المفتي وشيخ الازهر,OBJ
949,هناك فارق بين ان يكون المرشح يسعى لهذا المنصب ليلبى طموحا شخصيا لديه فى اعتلاء المناصب وبين أن يترشح لخدمة الوطن,NEUTRAL
950,مسيرة مدينة مصر غير مسبوقة يا ويلكم يا انقلابيين من ثورة الشعب العظيم,NEG
951,#مسلسل_منفوخ الهاشتاق اللي سويته صار #ترند !!! شكرا لكم,OBJ
952,"مع ﺑﺎﻳﺮﻥ ﻣﻴﻮﻧﺦ ﻟﺎﻧﻲ ﺑﻜﺮﻩ ﺗﺸﻴﻠﺴﻲ ﻋﻤﻰ #ﺍﻋﺘﺮﺍﻑ"" علاقة البايرن شنو !؟""#اختاه خليك مع الميك أب",OBJ
953,على المجلس العسكري تلبية مطلب الامة بتسليم السلطة كاملة لجهة مدنية منتخبة في ابريل القادم والعودة لثكناته,OBJ
954,هو دة الحال بالظبط في المدارس المصرية يا عابلة : )) ونحمد ربنا على نعمة الربرابية #إخوان #شرطة #فلول,OBJ
955,"#اعترافات_الطفولة كنت اصوت حق بشار الشطي من فون ابوي كل ما يطلع نومينيه 😂😂""",OBJ
956,مترجعوا #مبارك و اقتلوا الشباب اللى باقى هو ده اللى ناقص يا #جيش_كامب_ديفيد #سيسى_كوهن,NEG
957,"الثورة وحدهاهي المؤهلة لاستقطاب الموت,#الثورة وحدهاهي التي توجه الموت,وتستخدمه لتشق سبلا للحياة غسان كنفاني #مقاومة …",OBJ
958, أقم الدولة الإسلامية في نفسك يقيمها الله على أرضك  #حسن_البنا,OBJ
959,"حاطين جاموسة ع الجوازات بتنادي ع الخواجات كده: ""بِس بسبس بس"" حاجة تعر",NEG
960,شاهد الان أولى حلقات برنامج #عمر_صانع_حضارة على قناة النهار الفضائية,OBJ
961,تثبيت احكام اﻻعدام علي قيادت اﻻخوان المسلمين #ميدو,OBJ
962,إبراهيم الهضيبي ونادر بكار يناقشان السلفية في آخر كلام 11م,OBJ
963,#البوابة_نيوز: القبض على تاجر مخدرات حاول ذووه إشعال النيران في سيارة شرطة بــ #دمياط,OBJ
964,لا يوجد دم إخواني وآخر معارض ومتمرد، فقط دم مصري، نبذ العنف ضرورة والسلمية مسئولية وطنية وإنسانية، أنعي الشهداء,POS
965,اتهموا الاخوان بالارهاب قالوا ودفعوا ملايين الدولارات فى اعلانات بصحف امريكا انهم حرقوا الكنائس بعدها الداخلية,OBJ
966,"كتاب الظلام :) """,OBJ
967,وزير الداخلية شخصيا يعرف الذين اعتدوا على د أبو الفتوح ويخشى الاقتراب منهم,OBJ
968,تم بحمد الله اتخاذ مقر جديد للحملة فى 243 شارع رمسيس أمام محطه مترو غمرة ليكون سهل على الجميع الوصول,OBJ
969,لا افهم سبب الاصرار على قانون الانتخابات الذي رفضت كل القوى الوطنية والسياسية د عبد المنعم أبو الفتوح في ندوة بنادي هليوبوليس,NEG
970,1946: ان شاء الله لايحرمك من مصر وهى فى فلوبنا جميعاوطنيتك وحبك لمصر كنت اعرفها اثناء دراستنا فى سويسرا(,OBJ
971,#أشاهد_الآن الحكم على 1 حمل تطبيق # الحكم,OBJ
972,عرض الاسبوع 36 ألف متابع #وش_أكثر_شي_يسهرك #صيام_الإثنين #خد_موقف_من #صلاة_الوتر #فى_تويتر_تلاقى #الدمام [865178],OBJ
973,#الحقيقة_مباشر_مصر|#انقلاب_3يوليو استنفار أمني بالغربية لتأمين مؤتمر دعم السيسي بحضور غادة عبد الرازق ومحمد فودة,OBJ
974,#عندنا_في_المريخ لو زعلت الماوس هيزعلك,OBJ
975,يتناول #يوسف_الحسيني اليوم نتائج زيارة رئيس المخابرات العامة المصرية ووزير الخارجية ومساعد رئيس الجمهورية لواشنطن …,OBJ
976,التعذيب خط أحمر لا أتصور أن أحدا مهما كان عاقلا أو نصف عاقل أو خائف على مصر يمكن أن يوافق على التعذيب ولوجاء من الجيش ولو,NEG
977,"#التحرير | بالصور جورج كلوني ""أشهر عزاب هوليوود"" يخطب بريطانية من أصل لبناني خطب الممثل جورج كلوني للصور …",OBJ
978,#حركة_كايدينهم #مصر #قول_كلمه_للسيسي_وخد_فولو_هديه ياسيسى يا زعيييييييم #سأنتخب_السيسي #احنا_شباب_هنصوت_للسيسى,POS
979,#اعتراف انهرده كان يوم عالمى وكله بان على حقيقته,NEG
980,تنظيم الاخوان اصبحت اياديهم ملطخة بدماء المصريين #السادة_المحترمون,NEG
981,كثيرا ما نضيع أوقاتنا في التعامل مع أعراض المرض بدلا من استثمار الوقت في العمل على علاج المرض ذاته,OBJ
982,المشكلة من زمان لما اكتشفنا الغاز حولنا محطات الكهربا من مازوت لغاز ده كان كويس لان السولار اغلى سبع مرات,NEG
983,أذا أقنعت شابا بالكذب بانه يجاهد في سبيل الله ثم أعطيته مسدسا وجعلته يطلق النار على ضابط شرطة فقام بقتله ستكون انت من قتلت الشاب مع الضابط,NEG
984,لا علاقة لا للمساجد ولا للكنائس باستفتاء الدستور ومواقفنا تأييدا أو رفضا، على أئمة المساجد اليوم الامتناع التام عن تناول الاستفتاء والدستور,OBJ
985,أيها المتطرف في أي مكان في العالم اسحل المسلمين كما تشاء وإن لامك أحد فقل له هل يرضيك ماحدث للشيعة والبهائيين والمسيحيين في مصرقانون الغابة,NEG
986,عارف يا مالك منين؟بتبقى صفحة تعبانة على الفيس بوك تقول اي كلام ومحرر كسلان ينقلها للجريدة وكله ينقل بعد كده,OBJ
987,حقارة صحيفة الفجر او الفجور علاء صادق يشترى منزلا فى الوكرة ويتخذ قطر وطنا عندما تكذب كما تتنفس,NEG
988,ائمة ودعاة وشيوخ البيادة يتحملون وزر قتل الابرياء فى المظاهرات كالقتلة تماما,NEG
989,مصر ستبقي متأججة على فوهة بركان طالما بقي الانقلاب جاثما على صدرها بين شعب غاضب ثائر ونظام قاتل جائر,OBJ
990,لو عمرك ما دخلت بيدج و كتبت ممكن اكون #ادمن معاكن يبقى انت كدا واد #اسطورة # 3,OBJ
991,شاهد - آخر كلام: تعديل مشروع قانون عزل الفلول #,NEG
992,قتل صحفيين ابرياء اعتقال وسجن صحفيين ظلما ترهيب صحفيين ومنعهم من عملهم حرية الصحافة ترقص على واحدة ونص,NEG
993,موقع #اتحاد مكتبات #الجامعات المصريةحاجة مبهرة وخدمة عظيمة للباحثين واضافة رائعة للمحتوي العربي علي الانترنت,POS
994,"هاشتاق "" #ارسلي_لأخوك_كلمة_أحبك_وصوري_ردة_الفعل اللهم اجرني في مصيبتي رومنسي ربي يسعده "" #تخي…",OBJ
995,أتضامن مع المستشارين حسن النجار وعلاء شوقى وأشرف ندا معا من أجل استقلال القضاء ومحاكمة المدنيين أمام قاضيهم الطبيعى لا للمحاكمات العسكرية,OBJ
996,الحق عبد الحليم قنديل علي يمين #المشير وبيضحك اه يا مرارتك يا مجيدة بالقوي,OBJ
997,د جابر جاد نصار استاذ القانون الدستوري جامعة القاهرة ضيف #يوسف_الحسيني الآن في #السادة_المحترمون,OBJ
998,ﻣﻴﮕﻦ #ﻣﺤﻤﻮﺩ ﺭا ﺗﻮ ﻳﻜﻲ اﺯ ﺟﺰﻳﺮﻩ ﻫﺎﻱ اﺳﭙﺎﻧﻴﺎ ﭘﻴﺪا ﻛﺮﺩﻥ! اﺣﺘﻤﺎﻻ ﺭﻓﺘﻪ ﻣﺎﺩﺭ ﻣﺮﺑﻲ ﺗﺎﺯﻩ اﺯ ﺩﺳﺖ ﺭﻓﺘﻪ ﺑﺎﺭﺳﺎ ﺭﻭ ﺑﻐﻞ ﻛﻨﻪ :ﺩﻱ,OBJ
999,شاهد - آخر كلام: عودة أبطال مصر في الباراليمبياد إلى القاهرة #,OBJ
1000,#رفا_فقيره ادعولها محتاجة دعائكم يارب مد بعمرها ورجعها لنا سالمه وعافيها من كل مكروه #لمى_الروقي #8 _ …,OBJ
1001,من شيكاغو أميركا #سوريا_فى_القلب,OBJ
1002,--: جمال الطبيعة و #النيل في #أسوان #نوبة,OBJ
1003,ما هي قيمتك الحقيقية أموالك - نسبك - أخلاقك - علمك ؟ ما هو أعظم ما تمتلك فس الحياة ؟ هل أنت صفر أم واحد صحيح ؟,OBJ
1004,في اجتماع الآن مع رؤساء الهيئات البرلمانية في مكتب د الكتاتنى لمناقشة المقترح الذي قدمته بتشكيل لجنة لإدارة الأزمة بين الحكومة والبرلمان,OBJ
1005,عدم الصبر على النصر,OBJ
1006,الاثنين.. نظر طعن علاء عبدالفتاح ضد حبسه,OBJ
1007,فوز الاهلى مرتين متتاليتين بكأس افريقيا من غير دورى يؤكد أن نقص الامكانات لا يمنع الانجازات بشرط توافر النوايا الطيبة ربنا يحفظ تريكه,POS
1008,يوميات شيزوفرنيا,OBJ
1009,#سنن_نبوية || #النوافل_التي_تؤدى_في_اليوم_والليلة 1 - السنن الرواتب قال - صَلَّى اللَّهُ عَلَيْهِ وَسَلَّمَ -: (ما من عبد مسلم يصل,OBJ
1010,الصفحة الرسمية الجديدة بدلا من الصفحة المسروقة على هذا اللينك >> ميشيل جورج سكرتير د علاء الأسواني,OBJ
1011,"بالفيديو زياد العليمي لـ #البرادعي: ""اللي أقولوه هيمشي جوه ائتلاف شباب #الثورة"" التفاصيل والفيديو على الرابط",OBJ
1012,نفسي حد يغنيلى اغنية #اهواك #عبدالحليم_حافظ فرحه برده :))) #حلم,POS
1013,"#ثوار رواية الزميلة المهندسة ""داليا رضوان"" عن إعتداء #بلطجية_الداخلية عليها اثناء مرورها بأحد الكمائن",OBJ
1014,_ وبالمقالة دعوة للإسلاميين للعودة للجماعة الوطنية ولبقية القوى للحوار معهم من أجل حمايتنا من خطر استئثار العسكري بكل شيء,OBJ
1015,#واحد_فاضي #الهلال #السعودية #النصر #النصر_الهلال #غرد_بصوره #الرياض #زيادة_المتابعين #رتويت #هاشتاق_خاص [259150],OBJ
1016,#ﻟﻮ_ﺍﻟﻌﺎﻟﻢ_ﻣﻔﻬﻮﺵ_ﻣﺼـﺮﻳﻦ_!! ﻛﺎﻥ #ﺣﺴﻨﻲ_ﻣﺒﺎﺭﻙ ﺍﺗﻌﺪﻡ !!,OBJ
1017,حواري مع الأستاذ غسان شربل رئيس تحرير الحياة اللندنية,OBJ
1018,"#حركة_كايدينهم صباحى للوطن: ""السيسى"" ليس مجرماً هو قائد جيش عظيم انحاز لشعبه فكيف أحاكمه؟ ما ترسالك على بر يا حمضين قاتل ولا مقاتل ؟ #هع",OBJ
1019,#خرجوهم_يمتحنوا مش هتخسروا حاجه والله -- #الحريه_لطلاب_صيدله_المنصوره,OBJ
1020,باسم يوسف لذيذ,POS
1021,كسرنا حاجز الخوف: دستور يجهض حقوقنا و حرياتنا هو دستور سنسقطه اليوم قبل الغد قوتنا في إرادتنا,NEG
1022,فيديو - 50 عاما على أول بث تلفزيوني سعودي ولقاء مع المذيع #محمد_رمضان #,OBJ
1023,"الدكتور أبو الفتوح: ""محتاجين مصانع محتاجين مزارع محتاجين شقق للشباب لكي يتزوجوا، و لسنا نحتاج لمساجد أو كنائس فهي أكثر من الحاجة""",NEUTRAL
1024,الناصبي مرسي ف اخر ليلة له استخدم مفردة #الشرعية عشرات المرات لأن عقدة الشرعية عنده وصلت حدها وهذا عقدة نقصه شرعية قيادة البحارنة من زمان,NEG
1025,اعتقال الفتيات دون 20 عاما لرفضهن الانقلاب ثم اجراء اختبارات حمل لبعضهن تصرفان تعكس وضاعة الانقلاب وخسة من ينفذونها,NEG
1026,مرسي عمل مناورة وللأسف الناس اللى راحوا ساعدوه بحسن نيةمرسي مصر على فرض دستور الاخوان لكنه لايخدع أحدا على مرسي ان يتراجع تماماً او يرحل,OBJ
1027,شاهد - آخر كلام: الإسرائيليون في رحم مصر انزعج لو سمحت #,OBJ
1028,شاهد - آخر كلام: لماذا نتوقع من هذا النظام أي خير؟ #2 #,OBJ
1029,الإخوان مجموعات إرهابية يهربون مثل الفئران ويحتمون بالنساء والأطفال …,OBJ
1030,#عالم_بدون_مجاملات وينك من زمان عنك ؟ - والله موجود بس مابي اشوفك لانك حيوان,OBJ
1031,هل الشرطة والجيش سيطبق عليهم حدود الأجور دي؟,OBJ
1032,كلامي لا يخص شرعية مواجهة القذافي كلامي يخص من توقعوا أن أستمر في حواري مع ضيف الاستوديو في موضوع آخر وكأن شيئا لم يكن,OBJ
1033,أحد أعضاء مجلس سيد قراره عن حزب التجمع مات إمبارح هممم,OBJ
1034,2004 #مثير #جريمه مشاهده 63 #سينما #افلام #عالم_سكر #حصري # …,OBJ
1035,إقالة يحى حسين بكل رقيه الاخلاقى وإخلاصه الوطني وكفاءته المهنية جريمة جديدة لسلطة غشوم جهولسينتصر يحيى مجددا ويندحر الصغار المنتفخون,NEUTRAL
1036,1 ده حلم قديم يبدو أنه اقترب تحققه بإذن اللهكان عندي مشروع مسرحية من كام سنة مع الفنانة سهير البابلي بس مااكتملش للأسفيامسهل,NEUTRAL
1037,"علاء الأسواني يكتب مقاله الأسبوعي بعنوان: ""ست خطوات للتمكين"" >> … … ينشرصباح غد في جريدة المصري اليوم",OBJ
1038,#حاجة_تستاهل_الحمد كل حاجه ف حياتنا اكيد !!!,POS
1039,اخترقنا عيد الأقباط ليس تماماً كي نحميهم بل كي نحتمي بهم في لحظة ضعفنا نحن - من مذكرات مستقبلية لمسؤول مصري,OBJ
1040,الطعم هنا للشعب الغلبان اللي نفسه يخلص من النائب العام يعني بيقوللك قول أيوة على دستور معيوب واحنا نشيله وتلبس انت ابدي!,NEG
1041,د علاء الأسواني : كيف كان يعيش المصريون تحت حكم مبارك ؟! أقرأ المقال كاملاً على هذا الرابط:,OBJ
1042,#جلال_عامر الغائب الحاضر,POS
1043,#كريستيانو_رونالدو صاروخ ماديرا او قاذفة اللهب او الدون او التورنادو او السيداو الامراطور و المهم انه افضل لاعب عالمي,POS
1044,"#الحقيقة_مباشر_مصر|#انقلاب_3يوليو ""برهامي"": إذا كانت قوة المسلمين أقل من نصف عدوهم ""يجوز"" الانصراف من المعركة",OBJ
1045,عزيزي الإخواني: اللي بيعصبك مش وصفي لرئيسك مرسي بإنه فاشلاللي بيعصبك إنك متأكد إنه فاشل بس لازم تشتم اللي بيقول عليه فاشل لتخفي فشلك وفشله,NEG
1046,شاهد - آخر كلام: فيفتي فيفتي ليه يا حكومة، هي تورتة و اللا زتونة؟ #,OBJ
1047,المظاهرات أمام سفارة #الامارات_عاهرة_الخليج في #جمعة_الحسم #راجعين_30 #الانقلاب_العسكري,NEG
1048,#الفيوم مصرع 10 وإصابة العشرات في تصادم اتوبيس بالفيوم لقي 10 أشخاص مصرعهم وأصيب آخرون فى حادث تصادم أتوبيس بعدد,OBJ
1049,تلك الايام لما كنا ننتقد الاخوان يقولوا مش وقته تغلطونا دلوقتي،نخلص من العسكر و بعدين اعملوا اللي انتوا عايزينه، هيييه دنيا!!,NEG
1050,مترو موسكو، أو قصر تحت الأرض كما يوصف أحيانًا بسبب فخامة تصميمه الكلاسيكي،، #عمارة #روسيا #تصميم #تصميم_داخلي #مترو …,NEG
1051,"اسكندرية تحذير هام جداً جداً وصلتنا رسالة تحذير بخصوص حالة ""ثبيت وسرقة""",NEG
1052,مصر تحتاج سنويا ضخ 2000 ميجاوات كهرباء في شبكة الكهرباء #السادة_المحترمون,OBJ
1053,#القمة_الحكومية عجمان تطلق رؤيتها الاستراتيجية 2021 مبروك وحفظ الله وطننا لما تصبو إليه,OBJ
1054,عرض الاسبوع 44 ألف متابع #أذكار_المساء #بصراحه_مليت_من #خد_موقف_من #علمتني_الحياة #الحياة_تحتاج_إلى_شيئين [943598],OBJ
1055,الجزء الاول من حلقة الليلة٬ مباحث امن الدعوة,OBJ
1056,اشارة رابعة اشبه بنار تحرق الانقلابيين,NEUTRAL
1057,الغشيم فعلا يا هيموتك يا هيزنقك تموته أخطر خصم في الحقيقة,NEG
1058,الوطن | الدستور نقاش ما بعد صلاة العيد | عمرو حمزاوي:,OBJ
1059,جانب من المشاركة النسائية في مسيرة #شبرا_الخيمة المناهضة للانقلاب اليوم,OBJ
1060,موعد صلاة العصر-#بوسطن(الذين يقيمون الصلاة ويؤتون الزكاة وهم بالآخرة هم يوقنون(4)أولئك على هدى من ربهم وأولئك هم المفلحون(5)),OBJ
1061,أيمن نور في التسعينات كان سكرتير بحزب #الوفد,OBJ
1062,ليس لى أى علاقة بهذا الشخصلقد قمنا بدعم علاج مصابين داخل مصر وخارجها لكن الحالات التى دعمنا علاجها بالخارج كانت بباريس وليس ألمانيا,OBJ
1063,يعنى مش عارف بياكلوا الظباط خرا عشان يجى لهم قلب يكهربوا طفل فى سنة سادسه ابتدائى ولا ايه #باسم,NEG
1064,الاسواني: كثيرين لا يحبون ديانتك ولا يعترفون بها وبالتالي ما أن تنطق باسمك الذى يدل على دينك حتى >> المقال كاملا>>,OBJ
1065,يا الله أنت العزيز الجبار ليس لنا ملجأ ولا ملاذ سواك أنت ترى وتسمع وتعرف الاسرار اذا كان عبادك المطالبين بالشرعية,OBJ
1066,شيخ الازهر مع اشتون وتواضروس مع الكونجرس الدين فى السياسة لناس ناس,OBJ
1067,الوطن | الجامعة المصرية | عمرو حمزاوي:,OBJ
1068,الله يبارك فيكي يا هند,POS
1069,"#اخر ساعه ف يوم الجمعه -أدعو ل راز - بالتوفيق """,OBJ
1070,#عدلى_منصور يضع إكليلين من الظهور على قبر الجندي المجهول والرئيس #السادات # #,OBJ
1071,"إنشاء قناة ""تركيا مباشر مصر"" بدعم ""أردوغان""",OBJ
1072,رب اجعلني مقيم الصلاة ومن ذريتي ربنا وتقبل دعاء ♡ #دعاء #دعائي #غرد_بذكر_الله #أدعية #يارب,OBJ
1073,احداث العمرانية وصمة على جبين كل مصرىالدين لله و الوطن للجميع,NEG
1074,أنزل انتخب ساعات قليله ويتحدد مصير مصر مدنيه أم دينيه أرجوك حرك كل من حولك,OBJ
1075,د علاء الأسواني: ما سر لهوجة المجلس العسكري السابق ؟! أقرأ المقال كاملاً على هذا الرابظ : … …,OBJ
1076,الرضا #خلق_جميل,POS
1077,#غرد_بصوره #تصوير #تصميمي #مطر #جونا_خقه أتمنى يعجبكم وهلون،،،😗,OBJ
1078,اللي بيقول التحرش نقص دين في اوروبا معظم النتس مش متدينين ده نقص اخلاق و اللي يقولك حرمان كتير من المتحرشين متجوزين,NEG
1079,_96 سامي يعبث بتاريخ الزعيم جعل اكبر افراحنا الفوز ببطولة اولمبي #ارحل,NEUTRAL
1080,: #جمعة_مباركة #اني_وداني ,OBJ
1081,إوعي تفرطي في الدورارات اللي معاكيعشان نهضة خيرت الشاطر العظيمة هتمرمط الجنيه وملايين الدورارات هتأمن مستقبلك,NEUTRAL
1082,د علاء الاسواني يكتب مقاله الاسبوعي بعنوان: أن تكون مسلما في بريطانيا ! ينشر صباح غد بجريدة المصري اليوم >>,OBJ
1083,ما ان اذكر المرشد او شفيق او مبارك بنقد حتى تنفتح صفائح القمامة وتنهمر شتائم مقذعة هل يوجد تشابه في طريقة التفكير بين الاخوان والفلول,NEG
1084,الطرطور: 30 يونيو رد فعل رافض لاستنساخ النظام الأسبق سؤال للطرطور:ماذا فعل القضاء الشامخ للنظام السابق؟,NEG
1085,بيان من أبو الفتوح حول صدور قانون مباشرة الحقوق السياسية,OBJ
1086,"العليا ل #إضراب_الأطباء: ""#محلب"" وافق على الشق الإدارى لمشروع الكادر| إتبطيتوا واللا لسة مكملين ؟!!",OBJ
1087,جميل : ان يكتشفوا حسن نوايك تجاههم بعد ظنهم السيئ وعجيب:انت تكتشف سود نواياهم وانت تعتقد انها بيضاء #بقلمي #يوسف,NEUTRAL
1088,اختيار محمود غزلان أمينا عاما لتنظيم الاخوان المسلمين #السادة_المحترمون,OBJ
1089,شاهد - آخر كلام: هل مصر على أعتاب جمهورية جديدة #,OBJ
1090,وفجأة طلعت حملة انت الرئيس بتاعت أحمد شفيق !!,OBJ
1091,"#الموجز #خالد_علي يعلن تضامنه مع ""ثوار الاتحادية"" يؤكد: التظاهر باطل",OBJ
1092,في ماليزيا221 سجينا إيرانيا من بينهم 31 امرأة، و190رجلا متهمون بجرائم تهريب المخدرات #السعودية #الامارات #,OBJ
1093,3 لما يتم رجم سيدات لجريمة الزنا مش عشان فيه اربع شهود عدول ولكن لمجرد الشيهة يبقى هو اسس لفكر ارهابي ٤,OBJ
1094,"تنعقد بعد قليل ندوة توقيع روايته ""نادي السيارات"" لــ دعلاء الأسوانى بمكتبة ديوان الاسكندرية التفاصيل",OBJ
1095,عاجل : خمس الاف متابع خليجي بـ 200 ريال #الامارات #ابوظبي #دبي #قطر #الدوحة # #حمد #تميم #الكويت #السعودية 557,OBJ
1096,#أشاهد_الآن #صديقات_العمر_الحلقة_1 على شاهدنت عبر,OBJ
1097,انتهى الآن التجهيز للمؤتمر الشعبي للدكتور عبد المنعم أبو الفتوح بالمطرية، و بدأت تتوافد الجماهير إلى مكان المؤتمر في ترقب وصول الدكتور,OBJ
1098,الحل في قوانين بغرامات و قرارات إدارية تنشر تكذيب بمساحات كبيرة تتدرج حسب تكرار و حجم الخطأ، المنع و المصادرة غباء ##############################################,OBJ
1099,3 يتناقض مع واجب الشرطة التورط في العنف أو التصعيد مع المتظاهرين,NEG
1100,#6ابريل #افرجوا_عن_مصر #يسقط_قانون_التظاهر منذ قليل والمسيرة تقترب من #الإتحادية …,OBJ
1101,انا مش فاهم واحد عنده اكتر من عشرين الف متابع لمجرد انه حاطط صورتي و محور في اسمي ريبورت و سبام من فضلكم,NEG
1102,"04681953 2000 الجروب المشار إليه في ال-"""" هو الجروب الرسمي ل #يوسف_الحسيني …",OBJ
1103,تجاهل مبارك للفقراء لم يكن نابعا عن إهمال فقط وإنما فلسفة تقوم على احتقار الفقراء لأنهم فشلوا فى الثراء,NEG
1104,#تنويه_البرنامج ممنوع منعا باتا المشاهدة العائلية كل واحد يتفرج لوحده,OBJ
1105,التوجيهي أصعب فترة تحدي والناس يقولوا ما بتقدري تقدمي والتوجيهي صعب وبدو جهد بس كنت أقول الله بلش معي المشوار أكيد ما…,NEUTRAL
1106,فقط في مصر،الدواء يباع في #كلام_و_كلام #يوسف_الحسيني #السادة_المحترمون,OBJ
1107,' كله كاتب فــ الـ #ثانوية_عامة -_- #ثانوية_عامة بقيت موضه -_- -,NEG
1108,#ناشرون_الأخبارية : #حمدي_قنديل قانون الطعن فى العقود دا خلانا طراطير والشعب طرطور والحكومه ومجلس الدوله والشعب طرطو,NEG
1109,عرض الاسبوع 10 ألاف متابع #درر #حكم #حكمه #حكمة #ابيات #النصر #الهلال #الفتح #كلمات #كلمة #بوح #الاتحاد [2287315],POS
1110,: #أحمد_ماهر يكتب دولة القوات المسلحة الشقيقة ,OBJ
1111,"اللواء #شمس_بدران (وزير الحربية الاسبق)لـ #البلد_اليوم: #السادات حفر اسمه في التاريخ من خلال #حرب_اكتوبر 1973 _قناة #صدى_البلد""",OBJ
1112,رسالة إلى الشعب المصرى العظيم فى 30 يونيو,OBJ
1113,القانون لا يجب ان يترك للتقدير الشخصي لمن ينفذه لايمكن ان نترك للضابط تقدير من هو البلطجي القضاء المدني كفيل بتحقيق العدالة,NEUTRAL
1114,#موافي و #عنان يؤسسان حزبيين لخوض الانتخابات البرلمانية #,OBJ
1115,جهاد الحداد يؤكد عدم ترك الشوارع قبل عوده الرئيس الشرعي ،، جدير بالذكر إن جهاد عمل من 2007 إلي 2012 المدير الإقليمي لمكت…,OBJ
1116,"روسيا القرار المقترح في الامم المتحدة ""غير مقبول"" #السادة_المحترمون",OBJ
1117,هل تستخدم الشرطة غير العسكريين لقمع التظاهرات ولماذا ؟! الأسواني يكتب مقاله بعنوان : متى يرحل مرسي >> … …,OBJ
1118,#المولد_النبوي غار حراء من الداخل من الأثار القليلة المتبقية لرسول البشرية ص,OBJ
1119,الضيوف على القنوات التونسية الرسمية انفك لسانهم فجأة نفسي أصدق أنها مش عملية تنفيس محترفة # #,NEUTRAL
1120,هو جامع السلاب في #المنصورة حصله ايه !!,OBJ
1121,_ الورق و القانون هو اللي حل مجاس الشعب، الورق اقوى مما تتخيلي,OBJ
1122,"شاهد ""#برنامج_كفو | قريباً | #قناة_مجد"" على -",OBJ
1123,خالد و البسطويسي و وابو العز مرشحو الثورة شخصيات وطنية عظيمة اتمنى ان يتوحدوا خلف حمدين لانه في رأيي الأقدر والأقرب للفوز,NEUTRAL
1124,2 ألف شكر,POS
1125,#الحقيقة_مباشر_مصر|#انقلاب_3يوليو صرح وكيل وزارة الاوقاف لشئون المساجد حتى لو حمل ياسر برهامى شهادات أزهريه فلن,OBJ
1126,"إسعاف #مبارك إثر تعرضه لوعكة صحية أثناء محاكمته في ""قضية القرن"" #حسني_مبارك #مصر",OBJ
1127,كنت واثق ان احداث #رابعة والدماء التي سالت سوف تكون لها اثارلكني لم اتخيل ابدا انها تصبح وقود يلهب مشاعر الملايين وتحي…,NEUTRAL
1128,قصيدة #دبي الشاعر / محمد حمد المحيني,OBJ
1129,وزارة الصحة لم تنتظر اكثر من ساعة بعد التفجير لتعلن اصابة 8 اشخاص نفس الوزارة التى انتظرت اياما لتقلل ضحايا المجازر,OBJ
1130,#اكتب_رساله_لشخص_دون_ذكر_اسمه ابي اعرف ذنبي وش سويت عشان تسوي معاي كذا ليه قساوة القلب نسيت شلون كنا واليوم شلون صرنا #ملكه,OBJ
1131,: من رأى منكم منكرا فليغيره بيده فيه إعتراض ع القرآن? ??? فعلا؟انت بتعتبر التحرش تغيير منكر باليد؟,OBJ
1132,_712 بصراحة طظ في أي جمهور زي حضرتك وده رأي مش كره والله,NEG
1133,_: نيوزويك: مصلحة الجيش في الدستور تطالبه بالوقوف في صف الإخوان ,OBJ
1134,#اعترافات_الطفولة عمري مالعبت وانا صغيره مع البنات،كنت دايم العب مع صبيان الي بشارعنا كوره وهجوم بعد،وسباق قاري نفر الشارع ونرد صبي مو بنت,OBJ
1135,قد وجب اقالة وزير الداخلية وتطهير جهاز الأمن من كل فلول واتباع النظام,OBJ
1136,#دكتور_جميل_القدسي_الدويك #الاردن #الجين #الموجود #في #القمح هدير المصريه دكتور جميل انا ناويه احضر ماجيستير,OBJ
1137,صلاة العصر #بوسطن (يا بني أقم الصلاة وأمر بالمعروف وانه عن المنكر واصبر على ما أصابك إن ذلك من عزم الأمور),OBJ
1138,حين يكافئ من تفوه بعبارات كراهية وعنصرية ضد المسيحيين بتعيينه في لجنة الدستور و حين يخرج من مزق الانجيل بكفالة فلا تندهش مما يحدث الان,NEG
1139,سُبْحَانَ الله وَالْحَمْدُ لله وَلَا إِلَهَ إِلَّا الله وَاللَّهُ أَكْبَرْ #اذكار #غرد_بذكر_الله #ذكر_الله #تسبيح,OBJ
1140,#الكويت #السعوديه #البحرين #قطر #ا?مارات #عمان #العراق #مصر #تونس #الجزائر #المغرب #ا?ردن #السودان #لبنان 181,OBJ
1141,تناسوا الشهداء وتذكروا الكورة أول لطمة على قفا كل انقلابي عامل فيها ناسي جات له امبارح من كوماسي,NEG
1142,تحية لشباب ٦ إبريل على جهدهم غير المسبوق في توعية الشعب من خطر عودة الفلول ؛ وتحية أخرى لهم على الحملة الرائعة (:,POS
1143,بيان حزب المصريين الأحرار عن التحالف الداعي إليه الأخوان والوفد,OBJ
1144,شبكه اخبار #المحله | عاجل | تشديدات امنيه بمحيط مجمع محاكم المحلة الكبرى وجارى المتابعه لمعرفه التفاصيل,OBJ
1145,لا اعرف الدكتور هشام قنديل و من عدم الإنصاف ان نحكم عليه قبل ان يبدأ لننتظر التشكيل الوزاري و نعطيه فرصة ليعمل ثم نقيم اداءه,NEUTRAL
1146,سينزل المصريون يوم الجمعة حتى يثبتوا للعالم انهم خلعوا الاخوان بإرادة شعبية حقيقية وحتى يفوضوا الجيش في حمايتهم من الإرهاب في حدود القانون,OBJ
1147,شاهد - آخر كلام: كتابة الدستور تاريخياً وسياسياً #,OBJ
1148,هذه المقالة هي التي دشنت الاتفاق الامريكي الاخواني في مصر، وتصريحات كيري بخصوص سوريا تشابهها,OBJ
1149,كان حلم حلو فى اوله شوقنى انى اكمله  #25_يناير,NEUTRAL
1150,واحد زملكاوي فرحان في خسارة الاهلي #في_عالم_موازي,OBJ
1151,شيزوفرنيا رائعة على تايملاين دباسم يوسف,OBJ
1152,نزل الزباله معك تلاقيها عند الباب #كلمه_بتتقال_في_البيت_كل_يوم,OBJ
1153,عرض الاسبوع 44 ألف متابع #أذكار_المساء #بصراحه_مليت_من #خد_موقف_من #علمتني_الحياة #الحياة_تحتاج_إلى_شيئين [918324],OBJ
1154,رابعا: أقض حوائج والديك تكسب رضاهم #خطى_الحبيب,OBJ
1155,": #تركيا كبير القضاة يتهم #أردوغان بـ فساد الضمير"" ويتعهد صون كرامة الأتراك وحرياتهم """,POS
1156,"ﺗﺄﺟﻴﻞ #ﻣﺤﺎﻛﻤﺔ_ﻣﺮﺳﻲ ﻓﻲ ""ﺍﻟﺘﺨﺎﺑﺮ "" ﻟـ28 ﺇﺑﺮﻳﻞ ﻣﻊ ﺣﻈﺮ ﺍﻟﻨﺸﺮ ﻓﻲ ﺍﻟﻘﻀﻴﺔ #",OBJ
1157,خلاص يازين من حبهم عزلنا #اكتب_عبارة_على_باب_قلبك,NEUTRAL
1158,رؤوس النفاق المعرصين #هز_ديلك #انتخبوا_ #اعدموا_ ##نكاح_الكاراتيه #الداخلية_بلطجية,NEUTRAL
1159,الشيخ صالح الفوزان يتحدث عن دولة الخلافة … : #في_الذكرى_التاسعة_نجدد_البيعة #سيد_قطب,OBJ
1160,"د عمرو حمزاوي، يتقدم بسؤال عاجل إلى وزير الداخليةعن سبب عدم القبض على ""أحمد مرتضى منصور""",OBJ
1161,#أحمد_ماهر يكتب من طره انت ناصري سيساوي ولا ناصري صباحي؟,OBJ
1162,بتشوفيهم هلى الفيس بوك صح؟ يعتمد على الصفحات اللي متبعاها,OBJ
1163,أرفض البيان وادعو للاستجابة لمطلب العزل السياسي للوطني المنحل وإنهاء الطوارئ وجدول زمني لنقل السلطة لرئيس منتخب بعد انتخاب البرلمان,NEG
1164,"• اللاعبين بعــد هـدف الاعجـوبة "" #ميسي "" ، في مرمى ""فيـاريال""",OBJ
1165,و فجأة فيس بوك كله بقي و !! عن #الامتحانات أتحدث !,OBJ
1166,لما بتحكي عن كل المحارم فاين #حافظ_مش_فاهم,OBJ
1167,يتقدم الشعب المصري بخالص الشكر والامتنان للمشير السيسي لمجهوده الجبار في حل النزاع الوطني بين مرتضي منصور واحمد شوبير #هاشتاج,POS
1168,) من يعطل القانون وجب وقفه ولكن السباب ينافى الكثير من الاخلاق والمبادئ !,NEUTRAL
1169,كونوا على يقين أن هناك شيء ينتظركم بعد الصبر ليبهركم فينسيكم مرارة الألم و الحزن و التضحيات,NEUTRAL
1170,ابتسم :) لعل ابتسامتك تكن سببًا في تغيير حال شخص آخر!,OBJ
1171,مصنع الرجال وعرين الأبطال صدعوا بكلمة الحق وجاهدوا بالنفس والمال #تعظيم_سلام_للاخوان_المسلمين #حسن_البنا …,POS
1172,"ودا قمة السفه في الصحافة !! ""الفن بعد ثورة 23 يوليو وبعد ثورة 25 يناير #مصر #الثورة """,NEG
1173,6 علاج السكري #اف_نتشورال #السعودية #العراق #اليمن #مصر #قطر #الكويت #عمان #سوريا #ليبيا 71,OBJ
1174,القُنعة #كلمة_تستحق_التأمل,OBJ
1175,شكرا إن حضرتك دورت على المعلومة واقتنعتأنا ليس لي مصلحة وأكتب مايرضي ضميري والعلم عند الله,POS
1176,ما بعد أردوغان #اسماعيل_ياشا #قرأت_لكم #مقال_اليوم #تركيا #اردوغان,OBJ
1177,#اللهم أرحم من رحلو عنآ دون #ودآع :(,OBJ
1178,_ قمع الثورة في البحرين بطريقة همجية جريمة تم التغاضى عنها لاسباب طائفية الانسان يجب ان يتمتع بحقوقه مهما يكن دينه او مذهبه,NEG
1179,حساب عن سيرة سيد الخلق محمد بن عبدالله عليه افضل الصلاة والسلام انشر ولك الاجر #الرسول #النبي #محمد,OBJ
1180,رووح يحرم نوم عيني لو يجيني و ما يجيبك لي حلم روح لو ضاعت سنيني بنتظارك مو خساره مو ظلم ♡ #عبدالمجيد,OBJ
1181,#تحيا_مصر ✌ 😁 #سأنتخب_السيسي,POS
1182,اهم تعاقدات الانديه ! #ارسنال اوزيل #تشيلسي ماتيتش، شورليه، ويليان #مانشستر_سيتي نيقريدو، يوفيتتش، فيرناندينو #ليفربول اسباس ، موزيس ساكو !!,OBJ
1183,حين يصبح مصطفى بكري شبه متحدث باسم المجلس العسكري ، اعلم أن هناك الكثير يجب عمله، حتى تنجح,NEUTRAL
1184,#الشروق | المستشار #عبدالمجيد_محمود يعتزم تقديم استقالته خلال أيام #النائب_العام,OBJ
1185,لا يوجد تيار بقوة هذا الشعب العظيم الذي قام بالثوره,POS
1186,تخللوا أنتم وواقعكم~ #نوبة جنون,OBJ
1187,#رصد| هنية: ليست لنا أرض غير فلسطين ولن نقبل تهجيرا أو توطينا,OBJ
1188,شاهد - آخر كلام: الانقسام حول لائحة انتخابات اتحادات الطلاب #,OBJ
1189,ارسل ترا ودي اتابع رسايلك #الكويت #السعوديه #البحرين #عمان #قطر #شعر #بوح #ابيات,OBJ
1190,الوطن | الطائفية المريضة وحصادها | عمرو حمزاوي:,OBJ
1191,"وين سارح؟ فاقد الإحساس واضح كنت ترسم ما كتبت وكانت عيونك ""مسارح"" كان يا ماكان،فيك الشوق فاضح #سري",NEUTRAL
1192,#بيع_متابعين #انستقرام #الكويت #السعودية #قطر #البحرين #مصر #درر #بوح #حكم [2870336],OBJ
1193,يسعدني أن أتلقى أسئلة المصريين واستفساراتهم وأن أجيب عن أكثر عشرين سؤالًا تم التصويت عليها,OBJ
1194,د عبد المنعم أبو الفتوح يهنئ الشعب الليبى العظيم,OBJ
1195,#لما الموب بتاعي يبوظ #بس الايام مش سيباناااااا مش سيباناااا في حالنا :) :) 2,NEUTRAL
1196,معني ان يستغيث اهالي دلجا من الارهاب فتستجيب #كلام_و_كلام #يوسف_الحسيني #السادة_المحترمون,OBJ
1197,وزارة الأوقاف بمصر تمنع #برهامي من الخطابة #الجمهور |#مصر #الشيخ_ #حزب_النور #الانقلاب_العسكر…,NEG
1198,#ولاية_الانبار _ ------------------------ #الشعب_يقول_كلمته #السودان #الفرات #اسيو…,OBJ
1199,لو اقدر اخليك جنبي ع طول ♡',POS
1200,#الماده_الاولى مشاركة لا مغالبة ** **,OBJ
1201,د أبو الفتوح مع متطوعي الحملة جمدت نشاطي الإداري مع الإخوان من يوم سقوط مبارك و أرسلت مذكرة للجماعة بذلك,OBJ
1202,"توقَّف عن قومنا الواتساب ؛ فعاشوا فراغًا وضاقتْ صدور! ألاَ ليتهم يفتحونَ الكتاب فيتلونَ من آي ربي سُطور!* #الواتساب_معلق""",NEUTRAL
1203,صناع الحياة: مجموعة من الشباب جمعتهم المودة و الحب في الله و حثهم حبهم للخير في محاولة عمل إيجابي لإرضاء ربهم و,NEUTRAL
1204,#عيد_الأم مافيه شي أسمه عيد أم تحب أمك أدع لها بكل وقت,OBJ
1205,"#قناة_اليوم_السابع #7 بالفيديو أحد أبطال #حرب_أكتوبر يكشف استسلام جنود إسرائيليين خوفا من علبة ""فول""",OBJ
1206,يجب وضع محافظة الوادي الجديد على الخريطة السياحية في في مصر #السادة_المحترمون,OBJ
1207,وكل عيد قيامة وأنتم ومصر بخير,POS
1208,أخي العزيز: إياك أن تتخيل إني لما أعملك بلوك يعني عدم إيماني بحرية الرأيبالعكس أنا بأميط الأذى عن طريقي وإماطة الأذى عن الطريق صدقة,NEUTRAL
1209,وزير الداخلية وقائد المنطقة العسكرية يشرفان على تأمين محاكمة مرسي #السادة_المحترمون,OBJ
1210,معلومة عدد بطولات الحارس بينتو وهو على دكة احتياط #برشلونة آخر ٥ سنوات اكثر من عدد بطولات #ريال_مدريد آخر ١٧ عام مضى وا…,OBJ
1211,علاج السكري #اف_نتشورال #السعودية #العراق #اليمن #مصر #قطر #الكويت #عمان #سوريا #ليبيا 78,OBJ
1212,تكتلات المصريين في الخارج حلم يقترب من التحقق # #,OBJ
1213,_ للأسف وقف :( خيرها في غيرها,OBJ
1214,هل سيكون هناك ورش عمل في جميع دوائر الإقتراع لشرح الدستور ومعنى كل مادة لكل مواطن أمي؟ ولا هتمشي عبده فهلوة ومحسن فريكيكو؟,NEUTRAL
1215,"دعمرو حمزاوي الآن على قناة برنامج ""هنا العاصمة """,OBJ
1216,بث تليفزيون اسرائيل لاغنية تسلم الايادى هو الحدث الاول من نوعه فى التاريخ العار يكسو كل مصرى وعربي ومسلم,OBJ
1217,أحيى قواتنا المسلحة والشرطة فى سيناء لقيامهما بتعقب المجرمين، طالبا ألا يقع منهم أي مظالم على أهل سيناء الوطنين حراس الحدود الشرقية لمصرنا,POS
1218,"الدكتور عبد المنعم أبو الفتوح يقطع سفره و يعود من تونس غدا في الصباح الباكر ليشارك في جمعة "" الثورة أولا""",OBJ
1219,منتصر الزيات: سأنتخب عبدالمنعم أبو الفتوح إذا ترشح لانتخابات الرئاسة،,OBJ
1220,إلى زملائي المحامين الراغبين في الانضمام لمبادرة(سامعين صوتك)التى تهدف لدمج متحدي الاعاقه في المجتمع يسعدنا اشتراككم,POS
1221,أطالب وزارة الخارجية المصرية بالتدخل فورا لحماية المواطن المصري أحمد الجيزاوي انتهي زمن إهانة أي مصري بالخارج كرامة المصري فوق كل اعتبار,NEUTRAL
1222,باﻷحضان يا غالية #الجونة,POS
1223,و الكائن الهلامي المعرض اللي كان مقوم الدنيا على حكومة #هشام_قنديل و ساكت على حكومة #محلب رمز الحزب الوطني #حرامية_الدعم,NEG
1224,#محمود_سعد اعلامي قذر بعد اذاعة فيديو خيانة #حمدين قال لم اسمعه جيدا ولم يعلق عليه لانه ليس اعلامي بل افاق ومن…,NEG
1225,"#البحوث العلمية عالية التأثير متاحة الآن للمجتمع بأكمله #اصدارات_مدينتك #نيتشر""",OBJ
1226,يا استاذنا العزيز ﻻ تكاد تويتات حضرتك تخلو من ذكر #اﻻخوان أين أنتم من المعتقلين و مجزرة #رابعة_العدوية إنظر إلى…,OBJ
1227,عرض الاسبوع 40 ألف متابع #شوارعنا #فن_تتقنه_النساء #ذلك_الشخص #شي_ودك_تجربه #بوح #درر #عجبني #حلو #مكه [2087480],OBJ
1228,ألرحمة !,OBJ
1229,شاهد - رئيس الإدارة المركزية للموازنة العامة للدولة يتهرب من مشكلة مستشفى الحروق بجامعة القاهرة …,OBJ
1230,#مرتضي_منصور يهاجم #ميدو و #ابراهيم,OBJ
1231,شاهد - آخر كلام: لم يعد مجدياً أي حديث مع بشار,NEG
1232,اخر اتنين ريتويت تعبر عن شيزوفرينيا التايم لاين عندي:),OBJ
1233,في مواجهة نظام الملالي المجرم فالحل الوحيد هو الصمود والنضال ضد غاصبي حق سيادة الشعب والعمال والكادحين #عيد_العمال #اي…,NEG
1234,الرياض #القصيم #واحد_فاضي #الهلال #السعودية #النصر #النصر_الهلال #البدائع #الزلفي #حفرالباطن #مكة #جدة [2649581],OBJ
1235,مفيش حاجة اسمها دولة وطنية في حاجة اسمها الجماعة التنظيم طز في مصر #السادة_المحترمون …,NEG
1236,1 123 اعمل حلقة على ما لم يحدث ؟!!! ان كنت انت ترى ذلك فلتكتب و تتحدث في ذلك و آتنا بالأدلة,OBJ
1237,#صور إطلالة نجوم بوليوود في اليوم الختامي من #مهرجان # #شاهد ما رأيك؟ #,OBJ
1238,دماء شهداء فلسطين تمتد لتتلاحم مع دماء شهداء الثورة فى مصر وتونس وليبيا واليمن وكافة أقطار أمتنا العربية لتفتح باب الأمل فى مستقبل عربى مشرق,OBJ
1239,_117 لا تأسفن على غدر الزمان لطالمارقصت على جثث الأسود كلابا لا تحسبن برقصها تعلو على أسيادهاتبقى الأسود أسودا و الكلاب كلابا,OBJ
1240,وزير الداخلية اللي قاعد يتكلم قدامنا لا يستطيع أن يعطي أمرا لأصغر ظابط دون الرجوع إلي عضو المجلس العسكري المسئول عن وزراة الداخلية,OBJ
1241,حكومة الجنزوري استلمته 37مليار وسلمته 17 حكومة قنديل استلمته 17 وسلمته 19 حكومة الزبلاوي استلمته 19 والي…,OBJ
1242,ما يحدث في اركان هو جريمة ضد الانسانية و ليس فقط ضد المسلمين ما يحدث عار على الانسانية كلها,NEG
1243,خلط للأوراق وتضارب في اختصاصات مؤسسات الدولة، وتحايل قبل أشهر من الانتهاء من نقل السلطة,OBJ
1244,هناك مكان في قاع الجحيم لمن اخترع تويتر,NEG
1245,و كأنى أحكى نفس القصة (( فَلَنْ تَجِدَ لِسُنَّةِ اللَّهِ تَبْدِيلًا وَلَنْ تَجِدَ لِسُنَّةِ اللَّهِ,OBJ
1246,تحية لرجـــالة #الإتحادية ;) يا ريتني كنت معاااااكم,OBJ
1247,ناس كتير قاعدة على #تويتر تحس إنها ناس فاضية بتهري و خلاص #مرار_طافح,NEG
1248,الشيخ الدكتور علي جمعة، مفتي الديار المصرية السابق، رئيساً لأكاديمية الداعية المعاصر التي تستهدف إخراج نماذج من,OBJ
1249,قاللك هيعملوا موقع بدل يوتيوب وهيسموه يوتيوس وهيبقى عليه رقابة من الخرفان,NEG
1250,لو إستمر مرسي في سياسة العناد الفاشلة سيكون الفرق الوحيد بينه وبين المخلوع مبارك أنه لا يحب أن يقضي أجازته في شرم الشيخ، على الأقل حتى الآن,NEG
1251,1 فكرة المقالة حلوة وأسلوبك في توصيل الفكرة حلو كان ناقصها بس شوية أمثلة لتأكيد المعنىبس الله ينور عليك,POS
1252,من الطرفين,OBJ
1253,الاناضول: اشتباكات عند أبواب المسجد الأقصى بين المصلين والشرطة #الإسرائيلية #القدس,OBJ
1254,ﺍﻟﺠﻴﻮﺵ ﺍﻟﻌﺮﺑﻴﺔ ﺃﻛﺬﻭﺑﺔ ﻛﺒﻴﺮﺓ ﻓﻘﺪ ﻛﺎﻧﺖ ﺃﻭﻝ ﺣﺮﺏ ﺧﺎﺿﻬﺎ ﺍﻟﺠﻨﺮﺍﻝ العسكري الكبير عبدالفتاح ﺍﻟﺴﻴﺴﻲ ﻓﻲ ﺣﻴﺎﺗﻪ ﻫﻲ ﺣﺮﺏ ﺭﺍﺑﻌﺔ ﺍﻟﻌﺪوية,NEG
1255,كذب البلتاجي وجماعة الإخوان #يوسف_الحسيني #السادة_المحترمون,OBJ
1256,قرية المسيد في قنا، كوبري بدلا من عبارات الموت ووعد من محافظ قنا …,OBJ
1257,_ أكيد فيها,OBJ
1258,#عيد_الأم الام هي عيد الحياة,POS
1259,ميليشيات بكل ما تحمله الكلمة من معاني وجاهزين تماماً وبيحدفوا مولوتوف دلوقتي,OBJ
1260,تفاؤلى نابع من إيماني بأن (الله لا يضيع أجر من أحسن عملا)ولا يوجد أحسن وأعظم عملا من أن يضحي الشعب بدمائه من أجل الحفاظ على وطنه وعرضه,POS
1261,بورك لك في المولود أدعو الله ان يجمع شمل الأسرة في بيتهم الطيب و يجعل من خالد نعم الإبن لنعم الأبوين #,POS
1262,"خليكوا فاكرين ان #6ابريل دول كانوا بيقولوا #مرسي عايز يأخون القضاء لما حب يطهره""",OBJ
1263,ملاحظ إن لوجو رابعة قرب ينقرد,OBJ
1264,صح !,OBJ
1265,وإكمن كلوا أذاك قررت تعشق ملاك ياللي عشقت الملاك حتى الملاك #صدك #دينا_الوديدي :),OBJ
1266,رموز قبطية ترفض مقابلة هيلاري كلينتون إحتجاجا على تدخل الإدارة الأمريكية في السياسة المصرية وإنحيازها للتيارات الإسلامية,OBJ
1267,7 مبدئيا عشان نتفق مافيش أحلى من سمك مصر بشكل عاموالله السمك في نيويورك ولا بريطانيا ولا تركيا ماليه لازمة جنب سمكناعاش سمكنا,POS
1268,#خايف #بحبك #نفسي #انتي,OBJ
1269,لا يجوز للسلطة التنفيذية ان تتدخل لمصادرة اي منتج ابداعي فيلما او كتابا او ايا كان نحن في حاجه للمبدعين,NEG
1270,ما فائدة ان نتناقش حول دستور كتبه الاخوان وجهزوه في مكتب المرشد ويملكون بتشكيل اللجنة الأغلبية لفرضه علينا نريد دستورا للمصريين جميعا,NEUTRAL
1271,#خلق_جميل إذا جفت ينابيع السعادة فهاجر إلي كتاب ربك,POS
1272,ابتسم | من تعليقات احد المتطوعين : واحد اتصل بى الساعة 5 صباحا على تليفون الحملة بيسأل عن برنامج الدكتور و لما,OBJ
1273,انا اللي مش #اخوان و انا اللي مش #عسكر,OBJ
1274,بيان أسرة البرنامج عن عدم إذاعة الحلقة الثانية,OBJ
1275,المرأة كتاب عليك أن تقرأه بعقلك أولًا وتتصفحه دون نظر إلى غلافه د / #مصطفي_محمود,OBJ
1276,#عاجل | #أوباما : الولايات المتحدة توسع اليوم الاثنين عقوباتها ضد #روسيا #أمريكا,OBJ
1277,"فريق عمل مسلسل""الخطيئة""يستعد لتصوير المشاهد الخارجية ب #أكتوبر و #المقطمالعمل على غرار المسلسلات التركية وبطولة #شريف_سلامة …",OBJ
1278,الرئيس وجماعته يدفعون بمصر إلى مرحلة ظلامية بامتياز، قرار ديكتاتوري بالاستفتاء على دستور باطل يقسم المجتمع ثم حصار للسلطة القضائية لتعويقها,NEG
1279,هل تستخدم الشرطة غير العسكريين لقمع التظاهرات ولماذا ؟! الأسواني يكتب مقاله بعنوان : متى يرحل مرسي >>,NEUTRAL
1280,لازم تقفل المكان عليك طول السنة ماينفعش يكون في عروض تانية,OBJ
1281,قلمين عقب أسبوع من محمد محمود المجد لأبطال محمد محمودهتفضل مصر شايلة جميلهم دائما وأبدا,POS
1282,ينهي الان د/ عبد المنعم ابو الفتوح كلمته: باننا لم نأتي فقط لنتكلم ولكن لنستمع لأرائكم واقتراحاتكم لان ما سنقوم,OBJ
1283,حزب مصر الحرية عضو في تحالف الثورة مستمرة,OBJ
1284,مقالة: الإمام حسن البنا في الجمعية التأسيسية,OBJ
1285,#تونس | رئيس الحكومة التونسية يبدأ اليوم زيارة إلى #فرنسا و #الاقتصاد و #الأمن يتصدران المباحثات,OBJ
1286,134 شهيد و3400معتقل قتل وتعذيب واعلان دستوري يجعل إرادة مرسي فوق القانون لكن اردوغان لم يعترض الا عندما خلع الشعب مرسي الاخوان ملة واحدة,NEG
1287,#أوباما: ليست هناك حماية كاملة لحقوق الأقلية المسلمة في #ميانمار التي لن تنجح إذا قمع المسلمون#أميركا #العرب,OBJ
1288,ماذا رأيتم من الانجغة حتي تكرهوها !!!,OBJ
1289,بيع متابعين #السعودية #الكويت #برشلونة #النصر #الهلال #الإتحاد #الإمارات #الرياض #الدمام #بوح #عمان #دبي #جدة 093,OBJ
1290,"حرائر #الاسكندرية يبدأون اضرابا جزئياالبيان رقم ""1"" #اكسر_كلابش #انتفاضه_السجون """,OBJ
1291,بدل الضايع 3 دقايق والدقيقه وصل ل 50 #لازم الليفر يجيب تعادل,OBJ
1292,#لما_أموت نفسي ربنا يغفرلي,OBJ
1293,"الاعتداء على التظاهرات السلمية مسؤلية من بيده السلطة ،و لا يمكن ان يقال انه ""خطأ غير مقصود"" التعامل الآمنى هو استمرار ""لمصر القديمة "" !",NEG
1294,بالنسبة للهجمات المتواصلة على الأمن والجيش في سيناء هل هناك أي تصريح يدين هذه العمليات على لسان أي من قيادات الإخوان؟,OBJ
1295,الأحد 3 يوليو: أبو الفتوح فى ندوة بالمؤتمر السنوى لهندسة عين شمس 5 مساء,OBJ
1296,تحذيرات قوات الأمن لسكان رابعة والمتظاهرين قبل فض الاعتصام #السادة_المحترمون,NEG
1297,اليوم الساعة 5 عصرا اجتماع متطوعي الجيزة بنادي أعضاء هيئة التدريس أمام كوبري الجامعة و مسجد صلاح الدين للاستعلام,OBJ
1298,أكد مراسل قناة سكاي نيوزالإخبارية، إنه تم القبض على رجل الأعمال الإخواني حسن مالك,OBJ
1299,أعتقال الناشط اليساري هيثم محمدين يكشف بوضوح أن العسكر يستهدف المد الثوري أي كان لونه أو شكله أو إنتماءه وأن …,NEG
1300,#جمال #خيال #حقيقه #جميل #درر #حكم #أعجبني #حكمه #بقلمي #شوق #بوح #شعر #قصيد خمس الاف بـ 200 ريال 28,OBJ
1301,اليوم لدينا فرصة ذهبية لكي نعود إلى حدود 11 فبراير وكل من يتخيل أنه سيستطيع بعد ثورة أن يحكم منفردا ويطيح بالباقين هو واهم سيفشله الواقع,OBJ
1302,صح وعارف انه لا بكاء على دم الارهابي اومن يمارس عملا عدائيا تجاه الوطن او اقترف عملا من اعمال العدو ومصريتنا ليس رقم قومي وحسب,NEUTRAL
1303,عائلة إماراتية في سوق واقف ومشاعر أخويه غير مستغربه #سحب_السفراء_من_قطر,OBJ
1304,_ علاج السكري #اف_نتشورال #السعودية #العراق #اليمن #مصر #قطر #الكويت #عمان #سوريا #ليبيا 46,OBJ
1305,"أمير العمري: ""الشتا اللي فات"": شهادة سينمائية بليغة عن الثورة",POS
1306,"يقول الله تعالى: "" فاصفح الصفح الجميل "" الصفح الجميل هو الذي ليس معه عتاب سامح من تحب إذا أخطأ بلا عتاب",OBJ
1307,صور الحفلات و هاتهالي،يا محمد ، انا حيطة سد يا ابني و مش هاتخد معايا لا حق ولا باطل اسأل عني كويس و إكبر بأه,OBJ
1308,"قبل نزولك في مسيرة #ضدالإنقلاب جدد نيتك لله وحاول تصلي ركعتين بنية التوبة "" سيد الشهداء حمزة ، ورجل قام إلى إمام جائر فأمره …",OBJ
1309,#رؤية_التعليم_العالي_المستقبلية لابد أن تتضمن هدم أسوار #الجامعات لتندمج في المجتمع لتقوم بالمشاركة الحقيقية في تنميته دون فوقية أو حُجُبْ,OBJ
1310,جزاكم الله خيراً على تفاعلكم مع سيرة صحابة رسول الله  #دولة_الخلفاء_الراشدين #أبو_بكر_الصديق #عمر_بن_الخطاب #عثمان_بن_عفان #علي_بن_أبي_طالب,OBJ
1311,ﺩﺧﻞ ﺍﻟﺸﻴﺦ ﺍﻟﻲ ﺍﻟﺠﺎﻣﻊ ﻓﻮﺟﺪﻩ ﻣﻤﺘﻠﺊ ﻋﻠﻲ غير العآدة فقآل ﺍﻫﻼ ﺑﺎﻟﺮﺟﺎﻟﺔ اللى ﻋﻨﺪﻫﺎ ﺍﻣﺘﺤﺎﻧﺎﺕ #محمود,OBJ
1312,مداخلتي مع برنامج مانشيت بالأمس حول تجمهر انصار مرسي في الفعاليات الثقافية المصرية في باريس ومحاولاتهم تعطيلها …,OBJ
1313,واجب الرئيس مرسي ان يحل مشكلة الجيزاوي المحبوس بدون محاكمة عادلة ويفرج عن المعتقلين المصريين في السعودية هذا ما نتوقعه من رئيس منتخب,OBJ
1314,ندوة دعمرو حمزاوى يوم الاحد 20/5/2012 الساعه 11 ظهراً بمدرج د/مجدى الريان بكليه الهندسه -جامعة المنصورة,OBJ
1315,و كانت هذه القشة التي قسمت ظهر البعير # #مصر,OBJ
1316,- — - عايز #الشهرة خد #شهرة - عايز تعمل #الحفلات أعمل #حفلات -عايز تبقى #مسيطر #سيطر -عايز و عايز و #عايز,OBJ
1317,الرئيس مرسي يواجه نظام مبارك وامامه طريقان اما ان يعقد صفقة مع العسكري فيخسر كل شيء واما ان يعتمد على الشعب فينتصر وتنتصر الثورة وتحرر مصر,OBJ
1318,المتفائل إنسان يرى ضوء غير موجود و المتشائم يرى ضود ولا يصدق,OBJ
1319,رسالة كل يوم 30 اغسطس 2013 موعدنا فى الشوارع والميادين مصر تحتاج كل مواطن حر شريف لاسقاط الانقلاب,OBJ
1320,شاهد - آخر كلام: أحداث ماسبيرو من يدفع الفاتورة # #,OBJ
1321,هل حملة تمرد فكرة خيالية أم أسلوب مقاومة فعال ؟! أقرأ مقال د الأسواني على هذا الرابط >>,OBJ
1322,كيف يمكن لصحفي أُرغم على خوض بحر من القاذورات أن يخرج منه وهو يفوح عطراً درس سلامة أحمد سلامة,OBJ
1323,انضم الآن لحزب مصر المستقبل وسجل بياناتك على هذا الرابط,OBJ
1324,#حاجات_بتفرح **,OBJ
1325,اختيار الدكتور عمرو خالد، ضمن أكثر 10 شخصيات تأثيرًا في العمل الاجتماعي في مصر لعام 2012,POS
1326,عظيم نجاح أجهزة الدولة وبالتعاون مع أهل سيناء في إطلاق سراح الجنود المختطفين دون إراقة للدماء، هذه إدارة أزمة ناجحة ينبغي الإشادة بها,POS
1327,ارحل صحيفة التحرير عدد الأحد,OBJ
1328,فيديو: حلقة د عبد المنعم أبو الفتوح فى أنت وضميرك,OBJ
1329,عصام-سلطان/137923242939959 المستشار عبد الرازق,OBJ
1330,ابو العلا ماضي ع قناة النيل للأخبار برنامج هنا القاهرة 10 ونصف مساء الليلة,OBJ
1331,اعتصام عمال ''بلاتنيوم'' داخل ميناء السخنة #حاميها_حرميها #الجيزة,NEG
1332,"‏#لماذا_تخلع_البنت_الحجاب ""ضعف الدين تساهل الولي تأثير الصحبة التمرد على الحياء"" استنباط الإمام ابن باز …",OBJ
1333,حينما ينتصر الشعب ويشرق شمس الحرية بعد هذه الغيوم الانقلابيه يمكن ان يسترد ما سرق من #ثورة_يناير,NEUTRAL
1334,الكل يحتفلون بأعياد ميلادهم، حتى الناس البيض,OBJ
1335,- #المصيبه اللي تقربك من #ربنا احسن من #النعمه اللي تنسيك #فضله,NEUTRAL
1336,مسيرة حاشدة الان تخرج من امام مصنع بسكو مصر بالعوايد #الإسكندرية #انزل,OBJ
1337,_ 6363 #السادات كان عسكري و كان وراه جيش #مصر,OBJ
1338,عرض الاسبوع 44 ألف متابع #أذكار_المساء #بصراحه_مليت_من #خد_موقف_من #علمتني_الحياة #الحياة_تحتاج_إلى_شيئين [927665],OBJ
1339,( #رجعوا_الجماهير,OBJ
1340,# الفيلم دا كان لازم ياخد #الاوسكار بجد,POS
1341,عرض الاسبوع 44 ألف متابع #أذكار_المساء #بصراحه_مليت_من #خد_موقف_من #علمتني_الحياة #الحياة_تحتاج_إلى_شيئين [925981],OBJ
1342,أغيب هذا الأسبوع لا لتحضير مفاجأة ولكن للتركيز في موضوع معقد التفاصيل :),NEUTRAL
1343,#صور نادرة لـ #عمرو_دياب :)) نشر عمرو دياب على صفحته الخاصة على موقع التواصل الاجتماعى انستجرام صورا له، حينما,OBJ
1344,"احضن اللى بتحبه "" بكلامك "" ! - قوله كلمة حلوة #فجأة :"") ! ^_^ #",OBJ
1345,دعلاء الأسواني: لماذا يتحرش المصريون بالنساء ؟! أقرأ المقال كاملاً ؟! >> … … …,OBJ
1346,التليفزيون يعرض ميادين خالية اغلقها الجيش ويترك اربعين مليونا بلا تغطية درية شرف الدين فين مظاهرات الشعب اهوه,NEG
1347,اللهم إن هذا إقبال ليلك ، وإدبار نهارك ، وأصوات دعاتك ، فاغفر لنا- #كلنا_قطر #كلنا_تميم #مرسي_رئيسي,OBJ
1348,فالنسيا يحسم مصير #الريال في الليجا للموسم الثاني توالياً,OBJ
1349,يا رب… إن عبدك جلال عامر جعلنا جميعاً نبتسم في الدنيا وأدخل السرور إلى قلوبنا، اللهم أجعله مبتسماً عندك، مسروراً في جنتك,POS
1350,80 #3 تم بالفعل تقديم طلب إحاطة بهذا الشأن وسنتابعه بالغد شكرا,OBJ
1351,#مرصد_طلاب_حرية #جامعة_المنصورة #محاكمات أمرت محكمة جنايات المنصورة بتأجيل محاكمة 17 طالبا من كلية الهندسة الي,OBJ
1352,ديننا يلزمنا باحترام دولة #القانون وأضاف الهلالى أثناء حديثه لبرنامج السادة المحترمون مع الإعلامى يوسف ا…,OBJ
1353,رب أَنِّي مَسَّنِيَ الضُّرُّ وَأَنْتَ أَرْحَمُ الرَّاحِمِين ♡ #دعاء #دعائي #غرد_بذكر_الله #أدعية #يارب,OBJ
1354,بسمة أمل - إن لم تستطع فعل أشياء عظيمة فافعل أشياء صغيرة بشكل عظيم,OBJ
1355,دعم المعتصمين والثوار واجب وطني,POS
1356,وبإذن الله لن يكون للفكر الصفوي الضال أي تواجد في ارض مصر,NEG
1357,الشروق - عن تفتيت الأصوات فى الانتخابات وواجب المشاركة:,OBJ
1358,أحياناً يكون العدو الذكي أفضل من الصديق الغبي,OBJ
1359,رفض التلفزيون المصري ظهوري في برنامج عمرو خالد حملة التعتيم و التشويه مازالت مستمرة,NEG
1360,انتى عايشه فى مسرحيه عاوزانى اكون كومبارس فى الخلفيه #كاريوكي,NEG
1361,المحكمة الافريقية تقبل دعوى الحرية والعدالة و تلزم مصر بوقف إعدامات محكمة المنيا,OBJ
1362,#نبض_الاخوان ا #زواج_أمريكا_من_مصر_باطل من مسير أحرار مدينة #السادات بـ #المنوفية اليوم ضد الانقلاب #مكملين,OBJ
1363,#كلمه_بتتقال_في_البيت_كل_يوم وين امي ؟احد شافه,OBJ
1364,#الحب_هو كلمه ولكل شخص معناها الخأص به ~,OBJ
1365,ساهم بفكرة في سلة أفكار ابداعية لرمضان و #راف تحول افكاركم الى مشاريع رائدة #افكار_رمضانية_لمؤسسة_راف #قطر #رمضان …,OBJ
1366,ومن شجاعة بديع أنه عندما إنتقب لم يخشى التحرش,OBJ
1367,قبل حدوث #الحرب_العالمية_الثالثة ستظهر قوى اخرى غير #روسيا و #الصين على هيئة دول او تحالفات عظمى #تنظير #سياسي,OBJ
1368,اساند من رفض الوقوف للسلام الجمهوري لانه بدعة،بس بالمرة بقى موبيلاتكم وعربياتكم و الدش اللي بتتفرج عليه,NEUTRAL
1369,د عبد المنعم أبو الفتوح فى مصر الجديدة,OBJ
1370,#الرئيس #عبد_الفتاح_السيسي #بالصور و كلمة المشير السيسي خلال لقاءه بوفد #المستثمرين فى #قطاع #السياحة التفاصيل,OBJ
1371,1 حكومة اليمين في اسرائيل مستمرة في جرائمها ضد غزة وأهلها وتستعد الآن لهجوم بري، سيناريو حرب 2008 وقتل المدنيين يتكرر,OBJ
1372,ادعوا لنا بالتوفيق ان نحقق الحلم الذي كان يراودنا عن شكل البرنامج و حجمه،لن يكون مجرد برنامج لكن فكرة و هدف جديد ربنا يستر ٧ و الاخيرة,OBJ
1373,#مرسى_رئيسى #كانوا_رجال #الشعب_يرد_تحية_الرئيس #أنا_حازم #سنحيا_كراما,OBJ
1374,"دعمرو حمزاوي الان في برنامج ""كلام مصري "" قناة يستضيف أستاذة مني ذو الفقار -المحامية و عضو المجلس القومي لحقوق الانسان",OBJ
1375,الحسن قبلك مايصير وبعدك محد قد صادفه ️#عبدالمجيد,OBJ
1376,#انت #ليه #كل #كلمة #تحطها #فى #هاشتاج ؟,OBJ
1377,شاهد - آخر كلام: جمعة النهاية طبول التحدي تقرع #,OBJ
1378,يا مرسي يا خاين يا عميل، عيالك الأمريكان قتلوه,NEG
1379,"رحم الله من قال : "" أقم الدولة الإسلامية في نفسك يقيمها الله على أرضك "" #حسن_البنا",OBJ
1380,جيش السيسي يهدم بيوتنا؛ لإقامة منطقة عازلة بين سيناء وغزة أين أقنية التصهين؟ لا ورواري العربية يلطم، ولا منتهاه,NEG
1381,"يحيطك دائما بما يشغلك #فضيحة_المحلة #مرتضى_سما #ابله_فاهيتا الخ يتغير الزمن ولا يتغيرون يلهونك بقنابل الدخانليطبخ ""برواقه"" الله غالب",NEG
1382,ان دفن جثث بعض الشهداء دون فحص اسباب الوفاة يعتبر مشاركة في جريمة قتلهم مع #اسرائيل… هنا #فلسطين,NEG
1383,بسمة أمل _ لا تنظر للعيوب فقط وارسم صورة ايجابية لمن حولك,OBJ
1384,"دعمرو حمزاوي برنامج ""بلدنا بالمصري ""5 يناير 2012",OBJ
1385,تابعوا الدكتور عمرو حمزاوي على قناة الجزيرة مباشر في تمام الحادية عشر والنصف مساء,NEG
1386,#معرض_الكتاب التصرف في المال العام - حدود السلطة في حق الأمة( رسالة ماجستير) وهذا الكتاب له قصة دخالد الماجد,OBJ
1387,#شكلك_مش_غريب #الاهلي_الافريقي ,OBJ
1388,#اعتقال تنفيذ مشروعين لخدمة حجاج بيت الله الحرام الاول معبر مشاة علوي والاخر مواقع تخييم بالمناطق المحيطة بمحطات,OBJ
1389,"إنتهى الدرس يا غبي و""العيال كبرت"" عنوانين هامة للمرحلة",OBJ
1390,"#ولاد_البلد محمد الحلواني: مدينة بورفؤاد: أوشكنا على الانتهاء من طريق ""احمد عبد الله""",OBJ
1391,لو دفعت اسرائيل مليارات الدولارات ليكره المصريون 6 اكتوبر ما تمكنوا من تحقيق ما حققه سيسي,OBJ
1392,682 #الراتب_مايكفي_الحاجة #الاتحاد #الهلال #النصر #الاهلي #مرسي,POS
1393,#ارسنال  #الدوري_الانجليزي  #ارسنال_نيوكاسل  اليوم  الساعة 10:00  القناة 9  عصام الشوالي,OBJ
1394,#انتخبوا_البرص مشكلة,NEG
1395,د علاء الأسواني يكتب مقاله الأسبوعي بعنوان : أخبار متنوعة عن صباح مؤكد >>>,OBJ
1396,الوطن | أسباب رفض الحوار وسبل تجاوزها | عمرو حمزاوي,OBJ
1397,#الوفد - #ﺍﻟﻌﻠﻴﺎ_ﻟﻼﻧﺘﺨﺎﺑﺎﺕ: ﺃﻭﺭﺍﻕ #ﺍﻟﺴﻴﺴﻲ ﻭ #ﺻﺒﺎﺣﻰ ﺻﺤﻴﺤﺔ,OBJ
1398,بيألمنى شعور انك قدرت فى لحظة تظلمنى تنام مرتاح و انا منك دموعى تزيد #حمزة_نمرة,OBJ
1399,رسميًا الحكومة تسمح لشركات الأسمنت باستخدام الفحم #أوقفوا_الفحم,OBJ
1400,صلي الله عليك يا حبيبي يا رسول الله يا أيها الذين آمنوا صلوا عليه و سلموا تسليما,OBJ
1401,ابتسامتك ^_^ #خلق_جميل,POS
1402,عندما تثق فى احد بشكل كامل بدون ادنى شك ستحصل على نتيجتين اما شخص يحفظك مدى الحياة واما درس تحفظة مدى الحياة !!! #ابر…,OBJ
1403,ولماذا تجزم ان حبك لي شيء مفيد؟,OBJ
1404,لن يعود لمصر توازنها الا بحل سياسي يبدأ بالشفافية و المصداقية وبحكومة انقاذ وطني من أجل استعادة الأمن وتعافي الاقتصاد وبدستور لكل المصريين,NEUTRAL
1405,#مصطفى_حسني : إلهي وسيدي نفسي أشكرك على أي حاجة هتعملها قبل ما تعملها لإني متأكد إنك مش هتعملي إلا كل خير #أحبك_ربي,POS
1406,نيللي كريم ، بشرى ، نودي السباعي فيلم 678 تجربة في كشف تشوهات المجتمع لماذا لا تكرر #مصر #,OBJ
1407,اللّهُـمَّ إِنِّـي أسْـأَلُـكَ العَـفْوَ وَالعـافِـيةَ في الدُّنْـيا وَالآخِـرَة ، اللّهُـمَّ إِنِّـي أسْـأَلُـكَ,OBJ
1408,7_ أقرب مما تتصور وإحتمال كبير تلاقيها عند بتاع الطعمية وتترحم عليا وتقول ماكانش يومك يابلال,NEUTRAL
1409,#الأردن_ينتفض وقريبا #الجزيرة_تنتفض #بلاد_الحرمين_تنتفض #الجزائر_تنتفض #العراق_تنتفض,OBJ
1410,تفتكروا فيه استراحة في الخطاب ده؟,OBJ
1411,فريق العمل بحملة الدكتور عمرو حمزاوي يستقبل الأعضاء المتطوعين فى المقر يومياً من الساعة العاشرة صباحاً حتى العاشرة,OBJ
1412,انا بحب أخويا,POS
1413,مقال دعمرو حمزاوي -جريدة الوطن 30ابريل2012,OBJ
1414,#خالد_علي: رفع الدعم عن الكهرباء والغاز والسولار والبنزين إجرام سياسى ضد الفقراء #حرامية_الدعم اللي بيدعموا,NEG
1415,عزيزي #ابراهيم_محلب تغطية عجز الموازنه بزيادة الاسعار سياسة المسئول الفاشل قليل الحيله,NEG
1416,لمشاهدة الحلقة الخامسة عشر من #قصة_الأندلس، اضغط على الرابط التالي:,OBJ
1417,يوسف الحسيني يطالب بمقاطعة المسلسلات التركية # #,OBJ
1418,الذين يدعون ان هذه الثورة العظيمة هى انقلاب عسكرى يجهلون او يكذبون وفى الحالتين يهينون الشعب المصرى ويستهينون بتضحياته وبدم شهدائهم الأبرار,NEUTRAL
1419,#السيسى_هايصالح أحمد عز وزينة وهاياخد العيال يربيهم علشان يتفرغوا لخلفة عيال تانية #الجيش_قتل_رضا #حاميها_حراميها #الداخلية_بلطجية #المشيرة,NEG
1420,تفتكروا فيه أمل لسه ولا خلاص انتهينا هو ممكن نقوم ونفوق كلنا من القرف والعفن إلى على عقولنا ونصحى من الغيبوبة ونركز في تحقي…,OBJ
1421,يكون مصير قيادات الحزب بين الإعدام و السجن مدى الحياة ويوقف نشاط الحزب السياسى والإجتماعى ويمنع من المشاركة…,OBJ
1422,شاهد - الانتخابات الرئاسية شراء الأصوات عنوان اليوم #24 # #,OBJ
1423," #كاف  يدعو "" #شحاتة و #ابو_تريكة"" لحضور قرعة #كاس_الامم و #ابطال_افريقيا #مصر #الزمالك",OBJ
1424,الانقلاب حرق برادعى وصباحى ابو الفتوح وحزب النور الضحية القادمة من عيار ثقيل,NEG
1425,شاهد - باب الخروج: رسالة علي المفعمة ببهجة غير متوقعة في آخر كلام #,OBJ
1426,بعد استقالة رئيس #المحكمة_الدستورية ننتظر استقالة #رئيس_القضاء #السودان,OBJ
1427,عاجل | طائرات الاحتلال تستدف موقع القادسية التابع لكتائب القسام في خانيونس #غزة_تحت_النار,OBJ
1428,بين الشباب و الهرم عمر يمر فاعمل في شبابك لهرمك و اعمل في دنياك لاخرتك,OBJ
1429,مخيم الشاطئ للاجئين الفلسطينيين في #غزة و فيه يعيش رئيس الوزراء اسماعيل #هنية,OBJ
1430,#اللهم اجعلني من أعظم خلقك نصيبا في كل خير تقسمه،وفي كل نور تنشره، وفي كل رزق تبسطه، وفي كل ضر تكشفه، وفي كل بلاء ترفعه يالل…,OBJ
1431,أحيي الذين سيخرجون اليوم معلنين رفض الانقلاب ، فسكوت الشعب استقرار لحكم العسكر الباطل #مصر,NEUTRAL
1432,جابر نصار رئيس جامعة القاهرة انقلابي عايش فى بلد تانية غير مصر يقول: الوزير مايقدرش يطرده لأنه منتخب هو مرسي,NEG
1433,لا يجوز أن تستسلم لنصف الثورة او لثلاثة أرباع الثورة ولا بديل لنا سوى اكمال الثورة,OBJ
1434,"إنذار ""#صلاح"" ضمن أبرز 6 أرقام بقمة #تشيلسى و #ليفربول",OBJ
1435,د عبد المنعم أبو الفتوح: أبعث بتهنئتى وتحياتي الى شباب الثورة الذي مازال يدافع من أجل استمرار مسيرة الثورة,POS
1436,حديث خاص مع وائل غنيم عن عامين من الثورة وماذا انجزنا وفي ماذا اخطأنا وكيف نصحح مسارنا وجه سؤالك له #جملة_مفي,OBJ
1437,"اختبار طبي لـ""#جدو"" يحسم مشاركته أمام الدفاع المغربي",OBJ
1438,أهلاً بك ياأخي الكريم والله إلمامي بهذا التويتر يقترب قليلاً من إلمامك باللغة الصينية :),OBJ
1439,__ شكرًا جزيلا,OBJ
1440,: أسعار #البنزين في #ايران تقفز بما يصل الي 75 بالمئة ,OBJ
1441,مرة جماعة اتبهدلت من عبد الناصر جم عملوا إيه بالظبط #تاتاراراتتت,NEG
1442,مجهود رائع لفريق القاهرة اليوم فى ميدان التحرير لجمع التوقيعات ايه اخبار باقى المحافظات عايزين نوصل ل40 الف توقيع سريعا,OBJ
1443,) كله بحسابه ويوم الميزان موعدنا,OBJ
1444,الملتقي التدريبي و التوظيفي الاول -الاربعاء 4 يوليو الساعة 5 مساء جمعية رسالة مصر الجديدة تخت رعاية دعمرو حمزاوي,OBJ
1445,#الكويت #السعوديه #البحرين #قطر #ا?مارات #عمان #العراق #مصر #تونس #الجزائر #المغرب #ا?ردن #السودان #لبنان 358,NEUTRAL
1446,يا بنى يا رامىلا تلعب فى شنب الأسد و اللى بيته من قزاز,OBJ
1447,الله أكبر الله أكبر الله أكبر لا إله إلا الله ، الله أكبر الله أكبر ولله الحمد #عشر_ذي_الحجة,OBJ
1448,أما بالنسبة للشامخ فده يدلَّع ونقوله يا أبو شامخة,NEG
1449,#ذات_مومنت لما تكون قاعد في الامتحان ويجي المراقب يقولك #ماتتكتبش_حاجه_علي_ورقه_الاسئله يا اخي اتنيل مش لما اكتب في ورقه الاجابه الاول,OBJ
1450,لقاءات ولقطات حول اعتداءات الإخوان على كنيسة مارجرجس بسوهاج #السادة_المحترمون,OBJ
1451,الى من الغوا عقولهم و قالوا ان فيديو القصاص مفبرك الفيديو الاصلي اهوايام ترشيح خيرت الشاطرلم ادعي في الحلقة ان مرسي كان رئيسا وقتها 1,NEG
1452,كيري وأمريكا ومصر والإخوان:,OBJ
1453,اثبت مكانك يا سيسي لا لأمريكا ومشروعها الإخواني الفاشل,NEUTRAL
1454,#خلق_جميل الحياء/ الرجولة,POS
1455,مايكل أوين: أعتقد أن أعظم لاعب لعب لـ ريال مدريد في كل العصور هو كريستيانو رونالدو، يليه بوشكاش #اسطورة,POS
1456,قطع اذن مواطن واحراق الكنائس والاعتداء على اهالي الشهداء كل هذا مسموح به وعندما يكتب شاب ثوري على الحائط يقدم لمحاكمة عسكرية اين العدل,NEG
1457,"# #ليبيا المرغني يتوعد ""المجرمين"" في #بنغازي تابع التفاصيل",OBJ
1458,أبو الفتوح اعتذرعن المشاركة فى ندوة مركز الشرق للدراسات الإقليمية والإستراتيجية,OBJ
1459,وصلت المطار بدري ولحقت الطيارة :),OBJ
1460,نجيب ساويرس، ووزير خارجية دولة #الإمارات، قاموا بتمويل حركة #تمرد ضد #مرسي …,OBJ
1461,100 ألف متابع #الكويت #الامارات #دبي #مصر #البحرين #المنامه #السعوديه #الرياض #سوريا #عمان #قطر #الدوحة [1785725],OBJ
1462,كلما خالطت الناس ستزداد يقيناً بأن الأخلاق مثل الأرزاق قسمة من الله سبحانه فيھا الغني وفيھا الفقير ! #كلمة_تستحق_التأ…,OBJ
1463,الاخوان يطالبون الشرطة بالاعتذار لأنهم غطوا عيني جمال صابر اثناء القبض عليه وماذا عن 80 شهيدا هل دمهم حلال لأنهم ليسوا إخوانا سقوط أخلاقي,NEG
1464,مقتطفات مختارة من معصرة هذا الأسبوع يقدمها صديق لنا على تويتر له خالص الشكر والتقدير,OBJ
1465,ما هي الهوية المصرية اللي مكتوبة في دستور الجماعة؟ وهل لها علاقة بإطلاق اللحية وحف الشارب؟,OBJ
1466,: أخي أنت حرٌّ وراء السدود أخي أنت حرٌّ بتلك القيود #مرسي #محاكمة_مرسي ,OBJ
1467,#فودافون رايحة بينا علي مصنع الكراسي ودة قمة الاستهبال العلمي,NEG
1468,الاستاذ خالد داوود المتحدث باسم حزب الدستور ضيف #يوسف_الحسيني الان في #السادة_المحترمون,OBJ
1469,مشايخ البيادة عكس اسمائهم احمد الطيب اقسي قلب مسلم على جمعه ألغى صلاة الجمعه احمد كريمة ابخل فى الحق,NEG
1470,كل شعور انخلق منك وعاش لك ، لا تسمح له يروح لغيرك #حاول,OBJ
1471,2014 #مثير #جريمه مشاهده #سينما #افلام #عالم_سكر,OBJ
1472,74] #صآلح #غرد_بالخير,OBJ
1473,كيف تختار البطيخة الحلوة و الجيدة😘 #غرد_بمعلومة #غرد_بصورة,POS
1474,محمد شردى لم يهزه السباب الذى وجهه عمرو اديب لمرسي والاخوان ولم يهزه حجم التحريض لقتل الالاف فى رابعة ومزعله انى قلت الانقلاب مش نحس,NEUTRAL
1475,#ارجع_يا_بوب,OBJ
1476,بوابة الشروق| اتفاق مبدئى بين الحكومة ولجنة #إضراب_الأطباء على حل أزمة الكادر,OBJ
1477,هجوم البلطجية تحت حماية الجيش والشرطة انطلق فى بورسعيد والزقازيق وبنها جرائم جديدة فى ملف عصابة الانقلاب الملف اكتظ وفاض,NEG
1478,الى الشيخ احمد الطيب انا مسلم سنى وانت لا تمثلنى احترم الازهر لكننى احتقرك جدا,NEUTRAL
1479,صباح الجمال والعسل يا اسكندرانية #اسكندرية #الاسكندرية,OBJ
1480,تسجيلات صوتية لصفوت حجازي أثناء التحقيق معه #السادة_المحترمون,OBJ
1481,انفجارات موكب محمد ابراهيم فكرتني باخر مشهد من فيلم بطل من ورق لما رامي قشوع خرج مالقطر بعد مانفجر وراح عشروميت حتة وهو صاغ …,OBJ
1482,هيئة مستشارى قضايا الدولة ترفض تعديلات الدستور مؤكدة انه يفتح الباب للفساد وشهد شاهد من اهلها,NEG
1483,مقدرش أحترم رأيك لو انت من #الاخوان او من #النكسجيه بتوع #ثورة_يناير ناقص تقولي إحترم رأي أعداءنا الاسرائيليين #مصر #الاخوان_المعرصين,NEG
1484,#اعتراف ما زلت احب سيريلاك بالقمح 😔,POS
1485,خلي بالك من لغاليغك!,OBJ
1486,من الطبيعي ان تجد شخصا منافقا ومن الممكن ان تجد رجل دين منافقا لكن ما يفعله على جمعه تخطى كل الحدود,NEG
1487,الصحفيةمي الشامي تتعرض لإعتداءغاشم أثناء مظاهرةالاخوان بالمهندسين #السادة_المح…,OBJ
1488,مقال د علاء الاسواني بعنوان لماذا فاز محمد مرسي ؟! ينشر صباحا بجريدة المصري اليوم,OBJ
1489,وحشتني النيابات والمحاكم والله ياعش كلما كنت أروح تحقيق أيام مبارك أطلع بخمس ست قصص من صميم الحياة المصرية,OBJ
1490,موقف الدكتور الطيب من أزمة سوريا كان له تأثير على قرارات وزراء الخارجية العرب #السادة_المحترمون …,OBJ
1491,استاذ يسرى ادخل عندى هتلاقى زرار مكتوب عليه فلو دوس عليه هينور ازرق بجد و الله هينور ازرق و لو مش مص,OBJ
1492,مفاجأة رد الشيخ حازم على فتوى برهامى الاخيره: فك الله أسرك يا إمام يا من علمتناكيف نحياكراما #سنحيا_كراما بإذن الله,POS
1493,#ﺍﻟﺸﻌﺐ_ﻳﺮﺩ_تحية_الرئيس #انتخبوا_ #خليك_مصدق ان حزب النور اسلامي!!!,NEUTRAL
1494,#شكرا لكم على دعمكم المستمر لنا في #تويتر #الفيس_بوك #جوجل_بلس ونحتاج المزيد منكم لنستمر ب #ريتويت #شير #لايك لإعلانات وصفحات #وظائف_للجميع,OBJ
1495,"من الذي زار مرسي في مخبئه السري؟! دعلاء الأسواني يكتب مقاله بعنوان : "" كيف للرئيس أن ينام ؟! "" على هذا الرابط >>",POS
1496,__ نفسي أحس ان ربنا راضي عنينفسي أسلم علي #الحبيب و أقعد معاه #نفسك_فى_أية_فى_الجنة_,OBJ
1497,بمناسبة رحيل أرمسترونج أنصح بقراءة رواية ساخرة لأستاذنا العبقري أحمد بهجت إسمها تحتمس 400 بشرطة,OBJ
1498,والله انا كمان نفسي يبقى فيه جزء ثاني لأبواب الخوف ربنا يسهل ونعمل كده قريب,OBJ
1499,#مباشر_مصر | #القاهره | #المرج تم تحرير الخمس فتيات اللي تم اجتجازهم في قسم المرج,OBJ
1500,اللهم استجب ياارب يارب #مصر_الليلة #كل_الناس #الشرقاء,OBJ
1501,المتحدث العسكري: القبض علي 3 عناصر تكفيرية بسيناء #مصر #ميدان_التحرير,OBJ
1502,اى حد يعرف صحابة بيمثلوا او بيغنوا ياريت يبعتلى ^_^ #مامادو #تمثيل #غناء #صحاب,OBJ
1503,الوطن | الدستور الدولة والمجتمع (5) | عمرو حمزاوي:,OBJ
1504,أرواح شهداء #غزة تنادى فى السماء أفيقوا يا شباب و انهضوا و اعملوا و تحركوا لنسترد كرامتنا ~ عمرو خالد,OBJ
1505,اليوم السابع| السفير حسام القاويش، المتحدث باسم #مجلس_الوزراء، للإعلامية #جيهان_منصور في برنامج #صباح_التحرير:,OBJ
1506,د/ الجنزوري يتميز بسمات إيجابية وسياسية جيدة ولكنه محمل بأثقال الماضي الذي ثار عليه المصريين,OBJ
1507,ﺗﺨﻴﻠﺖ؟؟ﺇﺣﺴﺎﺳﻚ ﺇﻳﻪ ﺑﻘﻲ!!ﺧﻠﻴﻚ ﺭﺍﺟﻞ ﻭﻗﺪﺭ ﻣﻌﺎﻧﺎﺓ ﺍﻟﺒﻨﺖ ﻓﻰ ﻣﺠﺘﻤﻌﻨﺎ ﺩﺍﻓﻊ ﻋﻨﻬﺎ ﻭ ﺣﺎﻭﻝ ﺗﺨﻔﻒ ﻣﻦ ﻋﻠﻴﻬﺎ ﻣﺘﺒﻘﺎﺵ ﻋﺎﻫﺔ ﻣﻦ ﺿﻤﻦﺍﻟﻌﺎﻫﺎﺕ ﺍﻟﻠﻰ ﺑﺘﻮﺍﺟﻬﻬﺎ #ﺍﺳﺘﺮﺟﻞ,NEUTRAL
1508,الوطن | فى ضرورة تأجيل قانون الطوارئ الجديد | عمرو حمزاوي:,OBJ
1509,قريباً #تويتر تطلق ميزة و وظيفتها تعطيك إحصائيات عن تفاعل متابعينك مع تغريداتك #تقنية #نيوتك,OBJ
1510,يارب انصرنا #زملكاوى,OBJ
1511,عمرو خالد: التعايش هو أن تقبل الآخر ثم تحترمه ثم تتعامل معه، وهو مفهوم قرآني تكرر في عدد من الآيات شاهد خطبة الان:,OBJ
1512,طاقه ايجابيه شبابية في تصوير اليوم الاول من #أرب_ايدول #الموسم_الثالث كان يوم رائع جدا انتظرونا #قريبا …,POS
1513,نفسي أصحى بُكرا ألاقيه يوم 12 فبراير 2011 ! #حلم #طموحات_و_أماني #ثورة_يناير,OBJ
1514,جمعة مباركة :),POS
1515,البرنامج كان بيستضيف الكل مش المتفق معايا بس,OBJ
1516,لا تنس يادكتور مرسي أنك طلبت من الناس أن تقومك إذا رأت فيك إعوجاجاالشعار دخل مرحلة التطبيق أمام قصركإقرأ الواقع جيدا ولا تقامر بالوطن,NEUTRAL
1517,تأجيل الدراسة بالجامعات خوف ورعب جديد للانقلاب ولكن ستهربون الى متى والى اين؟ شعبنا يلاحقكم وارضنا تلفظكم,NEG
1518,_ #حازمون باذن الله أن نسير على دربه حتما #سنحيا_كراما,OBJ
1519,#اتجنن واكتب فى اي صفحه (#اجابة_السؤال_فى_الخلف) واكتب في الورقه الي بعدها (#عليك_واحد),OBJ
1520,100 الدكتور الأسواني لم يؤيد مرسي ولم ينتخبه وقاطع الانتخابات ودعا الى مقاطعتها في مقاله بتاريخ 4يونيو في المصري اليوم شكرًا الادمن,OBJ
1521,خفضوا الأسعار شويتين عشان نجيب بدل الخروف إتنين,OBJ
1522,2016: رونالدو خامس لاعب يسجل 100 هدف في البرنابيو #ريال_مدريد ,OBJ
1523,بلير يدشن حربه الصليبية الجديدة على الإسلام السياسي #بريطانيا #انقلاب_3يوليو,OBJ
1524,"موسوعة "" مسائل الجمهور "" في الفقه",OBJ
1525,كل عام وكل كادح في كل مكان في العالم بالف خير قال صلى الله عليه وسلم أعطي الأجير اجره قبل ان يجف عرقه صدق رسول الله …,OBJ
1526,شاهد - نسمة طازجة من نسمات الجنوب العصي مصطفى رزق في آخر كلام #,OBJ
1527,يفضح كذب قناة الجزيرة ويكشف تمثيل الاخوان دور الموتى,NEG
1528,"#فكرة_جميلة وش رايكم؟ """,OBJ
1529,اكتب_عبارة_على_باب_قلبك ياقـلب يوم إنّي نهيتـك عن الحب ما أبيك لعبـه في يدين المخـآليـق,OBJ
1530,#يوسف_الحسيني الاخوان تنظيم منتهى,OBJ
1531,من لايعرف أمه إلا يوما في #السنة فهو عاق لها ومن يصلها ويهديها ويبرها #كل_يوم فلا معنى لـ #عيد_الأم عنده فعيد الأم مناسبة للعا…,NEUTRAL
1532,من فعاليات الحملة : يقوم د عبد المنعم أبو الفتوح اليوم بجولة ميدانية يلتقى خلالها ببعض اهالى الجيزة للتواصل معهم بشكل مباشر,OBJ
1533,اكثر شعور يوجع ! ^#لما تجوع في بيت مو بيتكم ☺**,NEG
1534,الوطن | لماذا لا يريد الإخوان انتخابات الآن؟ | عمرو حمزاوي:,OBJ
1535,#موقف_نفسي_اعيشه_مع_مراتي ونغسل المواعين مع بعض طبعآ,OBJ
1536,#صباح_الخير #بعد_منتصف_الليل #غرد_بذكر_الله #صور_كنك_بنت #لو_كنت_المتحكم_بالتويتر #رتويت خمس الاف بـ 200 ريال 5,OBJ
1537,باقي من الزمن اربعة اسابيع 4,OBJ
1538,#كن_من_المسبحين #غرد_بالخير #غرد_بذكر_الله سبحان الله الحمد لله لا اله الا الله الله اكبر ولاحول ولاقوة الا بالله,OBJ
1539,لن ندخل في حرب مع أحد لان مشروعنا الرئيسي هو بناء الوطن وجزء من هذا بناء جيشنا ليس من أجل الاعتداء على أحد ولكن,OBJ
1540,لابد من أن نرتفع لمستوى المسئولية، فالوضع في سيناء أصبح بالغ الخطورة التكاتف لإتخاذ الإجراءات الفورية والسريعة التي أشرت لها هو الحل,OBJ
1541,"#عطوان:هل يشرب #عباس ""حليب السباع"" ويتحدى #نتنياهو و #أميركا قلل الكاتب الفلسطيني، عبد الباري عطوان، رئيس تحرير",OBJ
1542,انا اسف اني اقول ان مش وقته خالص سؤال :حتعمل ايه بعد ما مرسي يمشي فعلا؟ افيهات و خطابات اهم من البلد؟ يتحرق البرنامج يا عم,OBJ
1543,هل سنرى اليوم الذي نعود فيه إلى حياة طبيعية دون مظاهرات أو اعتصامات أو إضراباتو لا اتهامات و محاكمات و انتقام ؟ نرجع إلى عملنا و حياتنا,OBJ
1544,"الله ينور عليك يا دكتور عبد المنعم ابو الفتوح، الهي ما تنضام ابدا انا من عندياتي باحبك #3""",POS
1545,توجه شباب #الاولتراس_حلوان الان الى #طلعت_حرب والاعداد مشاء الله نسئلكم الدعاء لهم المجهولون الان وعدد كبير من,OBJ
1546,#وائل_جمعة عمل المعلق بيقول مش هنعتبر وائل هو اللي عمله خلاص نعتبره #كمال_جمعة او #جمال_جمعة_جيمي :) :) :),NEG
1547,ذو العقل يشقى في النعيم بعقلة و أخو الجهالة في الشقاوة ينعم #أروع_أبيات_الشعر_العربي,NEUTRAL
1548,#اسكندرية : طلباتكم آوامر :) كنت عايز دكتور قلب شاطر لو سمحتوا ضروووري,OBJ
1549,ايه اللي بيحصلنا واحنا نايمين ؟,OBJ
1550,وَاتَّقُواْ يَوْماً لاَّ تَجْزِي نَفْسٌ عَن نَّفْسٍ شَيْئاً وَلاَ يُقْبَلُ مِنْهَا شَفَاعَةٌ وَلاَ يُؤْخَذُ,OBJ
1551,صلاة المغرب #بوسطن قال تعالى(واستعينوا بالصبر والصلاة وإنها لكبيرة إلا على الخاشعين),OBJ
1552,أجور العمال في شركات الأسمنت أقل من تكلفة ورق شكائر الأسمنت #أوقفوا_الفحم,NEG
1553,كام واحد هنا فهم إني قاصد أقول إننا حيوانات في زريبة مش إن ده لسان حال اللي بيقولوا إن حقوق الإنسان سلعة غربية؟ #مرار_طافح,NEG
1554,"من قال استغفر الله الذي لا إله إلا هو الحي القيوم و أتوب إليه ثلاثاً غفرت ذنوبه و إن كان فاراً من الزحف"" #الوتر سورة #الملك ت…",OBJ
1555,قيل للحسن البصري : ما بال المتهجدين بالليل من أحسن الناس وجوها ؟ فقال لأنهم خلو بالرحمن فألبسهم من نوره,OBJ
1556,أمراض السياسة حين تؤلم شخصيا,NEG
1557,احضن اللي بتحبه #بكلامك قوله كلمة حلوة #فجأة ! اه والله عـادى,OBJ
1558,شاهد - منتج فيلم مبارك و العائلة حسين الرزاز في آخر كلام #,POS
1559,#مصر لا يوجد خبر أسخف من حل الإخوان ما جرى منذ الانقلاب أسوأ كثيرا من الحل ،البلاد بلا دستور ولا قانون واختطف …,NEG
1560,مرسي يعطل القانون ويشق الوطن ويخاطر بالصالح العام من أجل تمرير دستور يخدم صالح جماعة في حتة مزنوقة لا تخضع لأي رقابة أو قانون,NEG
1561,"بالصور #بوتين يواصل إحياء ""التقاليد السوفيتية"" بمسيرة ضخمة في ""الميدان الأحمر"" …",OBJ
1562,ناس زى منى ولميس ومنال ودرية لما الدنيا تضلم ويحطوا راسهم على المخدة بيقولوا لنفسهم ايه,OBJ
1563,تعليق الدكتور إبراهيم الدميري وزير النقل على حادث قطار دهشور #السادة_المحترمون,OBJ
1564,سمعتها كتير بس اول مرة احسها وافهمها وعرف انها حلوه اووى كدا اغنية #شيرين انا كلى ملكك,POS
1565,امثال #حازم_عبد_العظيم ده نعمل فيه ايه,OBJ
1566,#انشر للفائده عشبه الجنسينج من اكثر الاعشاب فائده في تقويه الذاكره وزياده الاستيعاب والحفظ والتركيز يفضل استخدامها للطلاب ك…,POS
1567,_: عاجل: القضاء الإداري يقرر وقف الانتخابات البرلمانية، وتحيل القانون إلي المحكمة الدستورية,NEG
1568,#نجيب_ساويرس يتحكم ف النادي الاهلي! احمد سعيد رئيس حزب #ساويرس اصبح نائب رئيس #الاهلي بدل من محمد عبد الوهاب صاحب التاريخ ا…,OBJ
1569,دا خنقنى من ساعة مدخلت على طنيطر والصدمة اللى جبتلى الشلل لما عرفت انه مسيحى ا,NEG
1570,#جمال #خيال #حقيقه #جميل #درر #حكم #أعجبني #حكمه #بقلمي #شوق #بوح #شعر #قصيد #رتويت خمس الاف متابع بـ 200 ريال 734,OBJ
1571,#تقول_الأسطورة إن المجرم لازم يرجع مسرح الجريمة,OBJ
1572,خمس الاف متابع بـ 200 ريال #سلمان_العودة #تغريدة #اقتباس #طارق #السويدان #طارق_السويدان #أعجبني #العريفي # 418,OBJ
1573,موقفي غير هذا يا نجاد وأرجو مراجعة ما قلت في اليوم السابع ومع هالة سرحان بالأمس,OBJ
1574,#تعارف_بلاك_بيري #لستات_بلاك_بيري #قروب_بلاك_بيري #اضافات_بلاك_بيري #الخبر #عاجل #الدمام #الجبيل #الرياض #ريتويت,OBJ
1575,أحجل بعيد ياموت بعيد عن الناس والبيوت لسه الحياه يادوبها بتدب في عروق مولودي 3 #دينا_الوديدي,OBJ
1576,موقفنا في شأن المحاكمات العسكريه للمدنين ثابت منذ اكثر من15عام واتسائل عن ما قدمه فعليا من يدينها علي صفحات الجرائد فموقفنا لا يقبل المزايده,OBJ
1577,خريطة 2 لفتح الأندلس #قصة_الأندلس توضح الخريطة تحركات طارق بن زياد وموسى بن نصير وعبد العزيز بن موسى من أول دخول,OBJ
1578,الاسواني يروي عن مملكة الخرفان : ذات ليلة بينما الزرافة تتجول وحدها وهي حزينة اعترض طريقها خنزير وقال :>>,OBJ
1579,#مصر • كاريكاتير _ #انتخبوا_,NEUTRAL
1580,#جمعية_الاقل_من1000_فولورز #أجب_تتفلوِل انتهت 2-0 للأهلى بعد انسحاب الزمالك لاعتراضهم على جول حسام حسن,OBJ
1581,اجي من هنا زحمه اروح هنا زحمهعن لجنه اﻻمتحانات اتحدث #محمود,OBJ
1582,"#مطر ☔️☁️ """,OBJ
1583,#الحكومة لا تلتـزم بـ القـانون للأسف #حقيقة,NEG
1584,"#اه_والله "" للأسف هذا ما يصيبنا دائماً",OBJ
1585,#حسن_الخلق يستر كثيراً من السيئات كما أن #سوء_الخلق يغطى كثيراً من الحسنات,NEUTRAL
1586,من أعذب مفردات #الحياة وأجملها هو #اعطاء العذر لغياب البعض ! [[ لان سيد #البشر تحدث عن #التماس العذر ]] ، صلوات الله ع…,POS
1587,(خديجة خيرت الشاطر ) وكعادتي ألتقي بأبي الحبيب #خيرت_الشاطر مرة كل بضع شهور أذهب و الهم والأسي يعتصر قلبي لأعود,OBJ
1588,مشكلة اليسار مش اللي قاله العريان مشكلته إن رغم كونه الفصيل الأكثر فاعلية ونضالية في الثورة المصرية لم يستطع طرح شكل,NEG
1589,"القوات المسلحة أو الشرطة ستدرب أمن الجامعات مهنيًا ومهمتي توفير الدعم من ""المالية …",OBJ
1590,#حازمون و السيساوية ' هههههههههه #مرسى_ستايل,OBJ
1591,#زمكان - #مصر | بكرة افتتاح المؤتمر الدولى الرابع لشباب الباحثين فى جامعة #اسيوط اسيوط - محمد فوزى,OBJ
1592,وقار الدين : يدعو إلى نصرة مسلمي #الروهنجيا في جامعة أمريكية #بورما #أراكان #ميانمار,OBJ
1593,"بدء #محاكمة_مرسي و130 متهمًا في ""اقتحام السجون"" وعصام العريان يطلب عملية جراحية | …",OBJ
1594,الابتذال ملا الشوال! #شبرا #القاهرة #مصر #افريقيا #كوكب_الارض #مجرة_درب_التبانة | شبرا,NEG
1595,لماذا ترشح ابوالفتوح؟,OBJ
1596,#شخص_تتمنى_له_عاما_سعيدا_2014 _____ 7_ 20,OBJ
1597,الشيخ طلحة توفيق (سورة #الملك) 1412هـ - #شغلات_تعدل_مزاجك #مزامير #ما_يعدل_مزاجي_غير,OBJ
1598,ونسميها جمعة الجي سترينج,OBJ
1599,ملح البحر الأحمر معجون بالتمرد، و رائحته بعد الغروب طرحةٌ من الحرير,OBJ
1600,د عبد المنعم أبو الفتوح : تروي كتب السيرة أن عمر بن الخطاب كان إذا حزبه أمرا فزع إلى الشباب يبتغى حدة ذهنهم ،,OBJ
1601,جعل الغياب اللي خذاك يموت ويحيا بداخلك وصل غاليك #يوسف #بوح,NEUTRAL
1602,17 أنا معنديش أدمن,OBJ
1603,في حالة تشاور مستمر حول الخطوة القادمة من اجل توافق وطنى على حكومة الانقاذ مع السيد حمدين صباحي ود البرادعي #,NEUTRAL
1604,ع سبيل النكد #باسم مش جاى النهاردة :(,NEG
1605,نبدعفيتعلم اﻷخرون #وايت_نايتس,OBJ
1606,"#حازم_عبد_العظيم وهو بيرد عليا على تويتر أيام حكم #مرسى ويقولى "" الجيش يدخل ليحل وليس ليحكم"" وحازم دلوقتى فى",OBJ
1607,الوزراء اغلبهم أكاديميين من حملت الدكتوراه نتمنى #مجلس_الوزراء يجمع الأكاديمي والناجح من القطاع الخاص,NEUTRAL
1608,شاهد - آخر كلام: مصر ودماء الاتحادية وماذا بعد؟ #,OBJ
1609,ليه البنت اللى #تحب فى مجتمعنآ بيعاملوها انها عملت #جريمه وبتبقا بنت مش #محترمه,NEUTRAL
1610,إذا كان بيسمع الشيخ بيقوله ربنا خلق لنا الغرب الكافر عشان يخترع ويكتشف وإحنا ناخد على الجاهز لازم يصدق إشاعة زي دي طبعا,OBJ
1611,عاجل : باسم يوسف يتعاقد على برنامج طبخ ماحدش بياكلها بالساهل,OBJ
1612,شاهد - آخر كلام: ماذا حدث مع أحمد عرفة كيف نقرأه الآن #,OBJ
1613,لجنة الخمسين تجاوزت اللائحة لتجعل التصويت (50+1) بدلا من 75 صوت بحجة الغاء الشورى! وطبعا القادم محاكمات عسكرية وتحصين وزي…,NEG
1614,بيع متابعين #السعودية #الكويت #برشلونة #النصر #الهلال #الإتحاد #الإمارات #الرياض #الدمام #بوح #عمان #دبي #جدة 051,NEG
1615,لا نريد أن يسجل في تاريخ القوات المسلحة كارثة انسانية وهذا ندائي للقوات المسلحة,OBJ
1616,"#الوطن| ""#الخارجية"" تدين الاعتداءات #الإسرائيلية على المصلين في المسجد الأقصى",NEG
1617,هل تعرف من هو صاحب القصة القادمة من بسمة أمل؟ شاهد برومو الحلقة الجديدة من حلقات بسمة أمل أنيماشن وتعرف على,OBJ
1618,سنة كنا بنضحك فيها علي قنوات الفتنة لكن و انت بتضحك البلد كانت تحت رحمة تحريضهم المهم البلد الحمد لله,OBJ
1619,وزير الداخلية يدشن خدمة إصدار جواز السفر إلكترونياً #الجوف #سكاكا #القريات #عرعر #سكاكا_الجوف #دومة,OBJ
1620,يعني لو سكتنا كانت هتكمل صح؟,OBJ
1621,رصد| نظَّم التحالف الوطني لدعم الشرعية بمدينة #بني_سويف مسيرة حاشدة #2011,OBJ
1622,#مصر ≡ مصر سلطات الانقلاب توقف وفد حقوقي بمطار القاهرة (Ҩ) #انتخبوا_,NEG
1623,بوابة #التحرير,OBJ
1624,يرجى التواصل مع منسق لجنة المصريين في الخارج الاسم:م أحمد عبد الفتاح الموبايل : 0101004800 الايميل:_,OBJ
1625,مباشر من التحرير: وجود المشير غير دستوري لأن تنحي مبارك غير دستوري !!,OBJ
1626,شاهد - آخر كلام: طيب الله أوقاتكم، و صبّرنا و صبّركم #,OBJ
1627,لاشهاده لفاسق,NEG
1628,كلمة الدكتور أحمد الطيب شيخ الأزهر للشعب المصري ـ 17 أغسطس 2013,OBJ
1629,: نتهم عصام العريان وحزب الحرية والعدالة بإحداث فتنة وقتل وإصابة مصريين ,NEG
1630,ألقاكم بعد ربع ساعة من الأن في برنامج (الحياة اليوم) على قناة الحياة، للحديث عن قضية الإساءة لرسولنا الكريم، صلى الله عليه وسلم,POS
1631,_ أسد فالبرلمان ياسيادة النائبوالحق معاك عمره مايضيعاحنا وراك من مصرى مغترب فالكويتعضو حزب الوسط,OBJ
1632,أخبروه أن #الأنبياء آباء بنات #حكيم #الرسل #ال…,OBJ
1633,الاهم في العقد الجديد ان المسرح اللي حنذيع منه والمكتب اللي بنعد فيه مستقلين بذاتهم بعيدا عن اي قناة واستديوهاتها ومافيش تدخل في البرنامج,OBJ
1634,لو لسه مصدق وهم نعم من أجل الإستقرار يعني جرب تسمع كده جايز تغير رأيكألا هل بلغت ونهاركم سعيد,NEUTRAL
1635,واضح إن أمي دعت عليا وأنا صغير وقالتلي روح ربنا يفرّج عليك خلقو، قام ربنا طلعني مذيع #,POS
1636,هذا الإعلان لصالح مجموعة وسيعرض بالفواصل في رمضان ان شاء الله صوره من الإعلان # #رمضان,NEUTRAL
1637,أول ما الإخواني يتزنق يقولك هناك ملائكة تسجل ماتقوله طيب مش هي الملايكة بتسجل كذب قياداتكم ولا هي بتسجل لنا إحنا بسإتقوا الله ياإخوة,OBJ
1638,##وزير_الداخلية يحدد 20 جريمة كبيرة موجبة للتوقيف منها الابتزاز #السعودية …,OBJ
1639,لماذا بكى #عثمان_بن_عفان رضي الله عنه عندما وقف على القبر #اذكروا_أمواتكم_بدعوة #الموت,OBJ
1640,#اتجنن واخرج عن المألوف,NEG
1641,المذيع المصري نشأت الديهي المستقيل من القناة التركية ضيف #يوسف_الحسيني في #السادة_المحترمون …,OBJ
1642,#غرد_بصورة صورة من عرض بنغازي الخامس للخيول العربية #ليبيا #رويترز,OBJ
1643,تبدأ الان الجولة الميدانية للدكتور عبد المنعم ابو الفتوح بسوق الخضار بالحي العاشر - مدينة نصر,OBJ
1644,73765287 لا أعتقد :))),OBJ
1645,ارحمنا يا رب من اللي بنشوفه,OBJ
1646,ضرورة المزج بين تعظيم الحريات الفردية وتحقيق الصالح العام تضع المجتمعات الليبرالية دوما في مواجهة تحديات ترتبط بثنائية السماح والمنع,OBJ
1647,#محمد_محسن :*,OBJ
1648,6 كنيسة مارمينا للأقباط الأرثوذكس بحى ابو هلال قبلي,OBJ
1649,"فى ذكرى تحرير ""#سيناء""خبراء: ""#كامب_ديفيد"" أضرت بـ #مصر لصالح #إسرائيل والسياج الحدودي عديم الفائدة بدون غطاء ناري",OBJ
1650,وفود سياحية بريطانية تزور #مصر وتبدأ بزيارة معبدي #الكرنك و #الأقصر #بريطانيا #أخبار #سياحة #القاهرة,OBJ
1651,رغم التضييق الامني الثوار يخرجون في مدينة نصر: #ثوار :)),OBJ
1652,#المحامين تسلم درع النقابة لمحافظ ومدير أمن #بورسعيد للتفاصيل,OBJ
1653,على رأيك جابوا ضرفها,OBJ
1654,بويه سنجل توب : #كلمة_تستحق_التأمل,OBJ
1655,#يارب #كن_متفائلا,OBJ
1656,الاعتداءعلى مقرات الاخوان و الوفدوجريدةالوطن و حصارمدينة الانتاج والمسجد و المحكمةالأمن عندنا اوبشن صح؟,OBJ
1657,#عيد_الأم يكفيني بقاء أمي حين يغيبون و حب أمي حين يتغيرون و قلب أمي إن غابت قلوبهم وهم حاضرون,POS
1658,"#رصد| خاص | أولتراس جامعة #حلوان يجوب الجامعة قبل بدء فعالية مولد ""سيدك #السيسي""",OBJ
1659,سوريا مباشر: انفجار ضخم في مبنى حزب البعث بالقرب من دوار السبع بحرات في #حلب | مدونة #سوريا,OBJ
1660,اسمه #مرار_طافح ولسة ولسة هو احنا شوفنا حاجة :(,NEG
1661,دعلاء الأسواني:هل نسمح بالاحزاب الدينية في الدستور الجديد ؟! >> …,OBJ
1662,دعبد المنعم أبو الفتوح: أمثل التيار المحافظ المنفتح على كافة التيارات,OBJ
1663,كنت لما اعك ف الميد اذاكر للعملى علشان اعوض دلوقتى مذاكرة اكتر عك اكتر الاتنين سوا #بيطرى #اسكندرية,OBJ
1664,1 طرحت ضرورة الانتخابات الرئاسية المبكرة منذ أشهر ما أن تكررت انتهاكات حقوق الإنسان وسقطت الشرعية الأخلاقية، تمتنع المزايدة على الموقف هنا,OBJ
1665,شاهد - آخر كلام: ولا يزال ثمن المصري صفراً على الشمال #,OBJ
1666,المشاركون بمؤتمر مستقبل #التعليم يطالبون بعودة تعيين العمداء ورؤساء #الجامعات,OBJ
1667,روزاليوسف- تحقيق الزميل / رضا رفعت كوارث استخدام الفحم في مصر #أوقفوا_الفحم,NEG
1668,الابراشى ينتخب الشيطان لو نافس الاخوان وينتخبه لو دخل ضد الرسول الشيطان لازم ينتخب الى زيه,NEG
1669,#مصر_العربية |فن| حبس سما المصري 4 أيام,OBJ
1670,#الشروق بث مباشر مؤتمر صحفي للجنة العليا للانتخابات الرئاسية: بث مباشر مؤتمر صحفي للجنة العليا للا #مصر,OBJ
1671,معاق يقيم منذ 19 عاما في مراكز الرعاية ، لم تزره أسرته إلا 3 مرات #شاهد التفاصيل من هنا:,OBJ
1672,#يوسف_الحسيني يخرج عن السياسة ويتحدث على الهواء مع ألبرت شفيق عن زميله في العمل …,OBJ
1673,عبر الناس داخل الكاتدرائية عن مشاعرهم بحرقة بعد قتل ابناءهم و بسبب التغطية الأعلامية الرسمية المخزية,NEG
1674,سفر رئيس الجمهورية ورئيس الوزراء إلى الخارج في هذا التوقيت استهانة بالشعب المصري 25,NEG
1675,الاعلان الاولاني يا جهبذ,OBJ
1676,يا الله لن نتراجع شبرا وسنعبر هذا الجسر ولو بدمانافُتِحَ الجسرُ الآنَ #فوزي #الحريه_لطلاب_صيدله_المنصوره,OBJ
1677,ماشي يا كبير,OBJ
1678,الآن: أد ثروت بدوي - أد جابر نصار ضيوف آخر كلام على الهواء والحوار حول التعديلات المقترحة التي انتهت إليها,OBJ
1679,اسحبوا الوثيقة الدستورية المشوهة نريد لجنة محايدة تضع ميثاق شرف نلتف حوله جميعاًأولويتنا هى توحيد الصفوف وليس المزيد من الصدام والفوضى,NEG
1680,أنا أبكي !! وأدري أن دموع العين خذلان وملح !! #محمود درويش,NEG
1681,بيقولك مرسي قعد يتفرج على أهالي القناة في الشوارع طول الليل وعمال يكلم صباعه: ياريتني مارفعتك,OBJ
1682,صــــــورة نادرة للرئيس محمد حسني مبارك شفاه الله في مصنع بمنطقة حلوان بتاريخ 25 مايو 1982 م #حسني_مبارك,OBJ
1683,الاشتباكات اللي حصلت يتحملها الجميع لكن الخطأ السياسي كان القرار بالدعوة لمظاهرة مؤيدة للرئيس في نفس مكان وزمان مظاهرة معارضة,NEG
1684,الرياض #القصيم #واحد_فاضي #الهلال #السعودية #النصر #النصر_الهلال #البدائع #الزلفي #حفرالباطن #مكة #جدة [2654798],OBJ
1685,سيولة مرورية ب #ميدان_النهضة والشوارع المحيطة ب #جامعة_القاهرةو #الشرطة تكثف تواجدها بالميدان #,OBJ
1686,شاهد بالفيديو #وزير_الداخلية يعترف: أغلب الطلاب يرفضون عودة #الحرس_الجامعي,OBJ
1687,تخيل لما تعقد وقت كبيير تكون صداقه ممكن تخسرها فى دقيقه #تخيل,OBJ
1688,"تواجد مشرفين من حزب ""الحرية والعدالة"" وبحوزتهم كشوف ناخبين ويوجهون الناخبين لـ""نعم""، وذلك بمدرسة خالد بن",OBJ
1689,نزلنا نأييدك ومفيش حاجة اتغيرت وبقينا مسخة للعالم …,NEG
1690,_4 _2012 _ انتم اسياد النصاري باخلاقكم كنتم خير أمة اخرجت للناس,POS
1691,د علاء الأسواني: ما هي آليات التحول الديموقراطي الذي تحيد عنه السلطة الحالية ؟!> أقرأ المقال كاملاً >> … … …,POS
1692,فتنة المنيا تثبت أن هناك من يحاول العبث بوحدة هذا البلد المحمى بعناية الله ويقظة أبناءه،تحقيق فورى وعدالة ناجزة تطمئن الشعب لدولة القانون,NEUTRAL
1693,تعجبت ممن طالب مرسي بعدم الذهاب لإيران مفيش في السياسة حاجة اسمها كدهالأَولى تحديد ماذا تريد من زيارته والرسائل الت,OBJ
1694,محكمة الأمور المستعجلة تقضى بحظر أنشطة 6 إبريل والتحفظ على مقراتها قضاء شامخ مفيش كلام كل من وقف امام #مبارك يتم معاقبته #ايام_سودة,OBJ
1695,النفاق مدمر طاهر ابو زيد يلغي المشاركة في ألعاب الفرانكفون ويحول ميزانية المشاركة لصندوق دعم مصر المناصب للمصائب,NEG
1696,) #جمعية_الاقل_من1000_فولورز,OBJ
1697,لماذا أراك على كل شيء كأنك في الأرض كل البشر كأنك درب بغير انتهاء وأني خلقت لهذاالسفر إذاكنت أهرب منك إليك فقولي بربك أين الم…,NEUTRAL
1698,#ميلان يعيش مهزلة ادارية ليس لها مثيل بتاريخه ميلان الى المجهـول ميلان الى الهاوية ميلان الى الدمار #ميلانستا,NEG
1699,عرض الاسبوع 36 ألف متابع #وش_أكثر_شي_يسهرك #صيام_الإثنين #خد_موقف_من #صلاة_الوتر #فى_تويتر_تلاقى #الدمام [924697],OBJ
1700,البوابة نيوز: الليلة #عبدالرحيم_علي يكشف عن تسريبات #البرادعي مع #المخابرات_المركزية_الأمريكية,OBJ
1701,تنويه أمس تواصل معى رئيس مجلس إدارة البنك التجارى الدولى الاستاذ هشام عز العرب ، وصحح لى ماذكرته عن سبب,OBJ
1702,واضح إن تمرد هتفشخ أنظمة سياسية كثير,OBJ
1703,احناا الصوت ساعة لما تحبو الدنيا سكوت #كاريوكى,POS
1704,لو عايز تعمل فرق في مواجهة حوادث التحرش والإنتهاكات الجسدية في التحرير ساعد الناس المحترمة دي ولا تسمح للضباع بالمزايدات,NEUTRAL
1705,في معرض الكتاب القادم بإذن الله من دار الشروق,OBJ
1706,#غرد_بطولك #امك_في_كلمتين #الانستقرام #جملة_اذا_قلتها_لاتصدقني #القنفذة #خميس_مشيط #حفر…,OBJ
1707,وشرف الأخت #صافيناز لانجح السنة دي :),OBJ
1708,خمس الاف #الامارات #الهلال #النصر #السعودية #الكويت #قطر #الرياض #مكة #رتويت # #دبي #الشارقة # #غرد_بصورة 144,OBJ
1709,شاهد - القلل القناوي دينا الوديدي في أخر كلام #,OBJ
1710,اشتغل وابذل الجهد لتري بسمة الأمل,OBJ
1711,الوسط الحقيقي في السياسة المصرية يتبنى المطالبة بنقل السلطة من المجلس الاعلى للقوات المسلحة الى هيئات تشريعية وتنفيذية منتخبة,OBJ
1712,281 أكيييييييييييييد,OBJ
1713,إسرائيل تحيي ذكرى #المحرقة (#الهولوكوست) بالعبري: #שואה شوأة #,OBJ
1714,"#تنبيه #هام تحليل اولي قالت ""مايكروسوفت"" إن هناك #ثغرة امنيّة #خطيرة في #متصفح تبدأ من النسخة",OBJ
1715,"سي بي سي:#ابراهيم_محلب يلتقى عمال مصنع ""200 حربي"" بمقر رئاسة الوزراء ووفد يناقش مطالب صرف الخصومات للعاملين",OBJ
1716,#اكشن_يا_دوري #النصر_الاهلي النصر سوّى شي ماينتسوّى فاز وتصدر رغم كل الصعوبات لكن موتوا ياجماهير حوّى مع #النصر هيهات هي…,NEUTRAL
1717,بنساعد أي حد عاوز الخير للغير خيرنا هيعرضلك كل الخير إللي ممكن تعمله و يوصلك بكل المبادرات و الجمعيات #مب,POS
1718,#علاء_عبد_الفتاح زعلان أنى الميسيحين #بيصقفو #للسيسى وبيفكر #الميسيحين بى #ماسبيرو علاء #وشلتو #الدم هو #تجارتهم_الرابحة لى…,NEG
1719,دعبد المنعم ابو الفتوح فى مداخلته على قناة التحرير: ترشحى للرئاسه نهائى وواضح ومعلن ومؤكد وأنا فى صدد اعداد برنامجى الإنتخابى,OBJ
1720,#زمكان - #مصر | #حمدي_قنديل بيقول إن أفكار وتوجهات #السيسي محطوطة فى صندوق أسود وإنه لازم يكون أكثر صراحة,OBJ
1721,اليوم د أبو الفتوح فى ندوة نبع الحصرى 830 مساء  08:30 11:30 تستضيف جمعية نبع الحصرى,OBJ
1722,أقدم ما عرف عن #المولد_النبوي ما كان يفعله #أهل_مكة في 22أبريل كل عام من زيارة مكان وﻻدته كما يذكر الشهاب القسطﻻني في المواهب اللدنية,OBJ
1723,اللي مصدق بن علي يرفع إيده,OBJ
1724,"أرجو منكم ثانية التسجيل في موقع وزارة الخارجية "" #تواجدي "" حفظكم الله في حلكم وترحالكم #الإمارات #لندن #حذر",OBJ
1725,الوطن | الخارج ومصر حالة الأزمة المنفرة | عمرو حمزاوي:,OBJ
1726,"الحياة|اقتصاد: استقالة الرئيس التنفيذي لمجموعة ""بيجي"" البريطانية #البحرين #الامارات #الكويت #مصر #سوريا #الجزائ",OBJ
1727,تعال ابفهم ليه احبك هالكثر وازعل عشانك وانقهر ؟ واتعب واغار وانتظر #ليه ؟,OBJ
1728,#السادة_المحترمون حلقة الأحد 08 سبتمبر2013 كاملة لقاء دأحمد السيد النجار أمحمد عبد العزيز …,OBJ
1729,قد ﻳﺒﻄﺊ ﺍﻟﻨﺼﺮ ﻷ‌ﻥ ﺍﻟﺒﻴﺌﺔ ﻻ‌ ﺗﺼﻠﺢ ﺑﻌﺪ لإ‌ﺳﺘﻘﺒﺎﻝ ﺍﻟﺤﻖ ﻭﺍﻟﺨﻴﺮ ﻭﺍﻟﻌﺪﻝ ﺍﻟﺬﻱ ﺗﻤﺜﻠﻪ ﺍﻷ‌ﻣﺔ ﺍﻟﻤﺆﻣﻨﺔ سيد قطب,NEUTRAL
1730,"أبو تريكة عن صلاح وجدو: ""أحسن اتنين احتياطى فى العالم""",POS
1731,هنعلمهم الادب هنوريهم الغضب #المعادى,OBJ
1732,بعد قليل:الدكتور عبد المنعم أبو الفتوح في المؤتمر الجماهيري الحاشد بمدينة بنها,OBJ
1733,أحداث محمد محمود و تطورات غزة، و 'من الماء ما قتل' تحقيق استقصائي عن علاقة مياه الشرب في مصر بالفشل الكلوي آخر كلام، أون تي في ١١م,OBJ
1734,أسعار الخضراوات والفاكهة بسيارات المجمعات الاستهلاكية المتنقلة,OBJ
1735,قطر #فودافون,OBJ
1736,قال رسول الله : من قام ليلة القدر إيماناً واحتساباً غُفر له ما تقدم من ذنبه قف بين يدى الرحمن الرحيم و أطل,OBJ
1737,#كبسولة_صحية #صحة #طفل #طفلي #نوم ##نوبة #نصيحة,OBJ
1738,انصار الحرية والديمقراطية فى اوروبا وضعوا الشجاعة قبل اى شيئ اخر ناد ايطالي ينتظر موقف الانقلاب من عبد الظاهر,NEUTRAL
1739,كيف لإنسان في كامل قواه العقلية أن يقدم نفسه للشهادة من أجل واحد بهطالة مرسي؟,NEG
1740,عرض الاسبوع 36 ألف متابع #وش_أكثر_شي_يسهرك #صيام_الإثنين #خد_موقف_من #صلاة_الوتر #فى_تويتر_تلاقى #الدمام [907249],OBJ
1741,شاهد - آخر كلام: لكم دستوركم و لنا ثورة #,OBJ
1742,د أبو الفتوح : رقابة الدولة على الأفكار يحول الناس الى مؤمنين منافقين وهذا ما لانريده ولا نقبله,NEG
1743,رحب الدكتور محمد سليم العوا بما نشرته,OBJ
1744,علوم الإمارات - | العثور على 3 خادمات هاربات عبر حساباتهن في فيس بوك #الإمارات #,NEUTRAL
1745,السيسى يجتمع بوزراء الداخلية والكهرباء والتموين فور عودته من روسيا,OBJ
1746,(مما خطيئاتهم أغرقوا فأدخلوا نارا فلم يجدوا لهم من دون الله أنصارا) [نوح:25] #تاملات_ايمانية #غرد_بالخير,OBJ
1747,خديجه الشاطر 5 ساعة · وكعادتي ألتقي بأبي الحبيب #خيرت_الشاطر مرة كل بضع شهور أذهب و الهم والأسي يعتصر قلبي,OBJ
1748,اجمل ما رأت عيني في #معرض_الكتاب ، ️,POS
1749,بينامج يائع يا باسم أيجو أن تظهي في بينامجي قييباً :),OBJ
1750,القوات المسلحة انحازت للشعب في حسم يوم 30 يونيو #السادة_المحترمون,OBJ
1751,هي دي القوة الناعمة يامعلمصباح الوردعجبني شغل الجمهورية تي في جداتحياتي لبراء ولكل الأدمغة الجامدة اللي اشتغلت,OBJ
1752,"سلطات مطار #الأقصر تفحص طائرة تجسس بحوزة راكب عائد من #جدة """,OBJ
1753,قدمت كل ما لدي وسأدع الفرصة لزملائي,OBJ
1754,علاء الأسواني : هل كان لسكان حديقة الحيوان رأي فيما يجري حولهم ؟!,OBJ
1755,الأبواب إلى الله كثيرة و متعدده حتى لا تتعب الأبدان و لا تفتر الهمم ، (صلاه - دعاء - صدقه - تفكر فى خلق الله -,OBJ
1756,# #الكويت كما تظهر من #البحر من #تصوير ي الشخصي الآن #تدوين,OBJ
1757,#جمال #خيال #حقيقه #جميل #درر #حكم #أعجبني #حكمه #بقلمي #شوق #بوح #شعر #قصيد #رتويت خمس الاف متابع بـ 200 ريال 118,OBJ
1758,هامش للديمقراطية طيور الظلام وأصوات الديمقراطية فى صحف وحوليات التاريخ - عمرو حمزاوي - بوابة الشروق,OBJ
1759,هامش للديمقراطية عن تعرجات السير الذاتية، الشروق المصرية,OBJ
1760,5 هاتلي اخوان أي حاجة مش تنوين ومش ضمير اخوان وبعدها كلمة مش هتلاقي غير لوط وشياطين!,NEG
1761,انتظروا بعد قليل تغطية للمؤتمر الثاني لذوي الاحتياجات الخاصة الذي تنظمه حملة ترشيح د عبد المنعم أبو الفتوح بالأقصر,OBJ
1762,#لحس #مكوة #سالب #فتح_بكارة #مشتهية #بزاز #تونس #بيروت,OBJ
1763,أدين بكل قوة العنف بكافة أشكاله وصوره ضد كل إنسان أيا كانت عقيدته أو انتماؤه قوتنا هي الحق وسلميتنا هي السبيل,NEG
1764,"ياسر عبدالرحمن المال والبنون: ملعوبة في حفلة !!! يالهوي بجد"" عازف الناي شبه احمد ابو بركة :)",OBJ
1765,هل الحروب الصليبية التى ارتكبت ابشع الجرائم باسم المسيحية تجعلنا نعادى كل المسيحيين في العالم أنا اعادى الأفعال السيئة ولا أعادى الديانات,NEG
1766,لا أحد يعلم أين عبود محمد الذى اعتدت عليه عناصر الأمن اعتداءًا غاشمًا فجر اليوم هل هكذا يعامل الانسان فى مصر بعد الثورة ؟,OBJ
1767,وزير الغلابة #باسم_عودة معتقل ف سجون العسكر ل #افضل_منتج_لاكرم_شعب #انا_مش_رقم #انتفاضة_السجون,POS
1768,رسالة للأبناء : أبوك وأمك محتاجينك زي ما انت محتاجلهم اسمعوا قصة چني وازاي قدرت ترجع بسمة الأمل في البيت,OBJ
1769,#عبد_الرحيم_علي: سأذهب للمحكمة للدفاع عن #حرية_الصحافة في إظهار الحقيقة التفاصيل على الرابط التالى,OBJ
1770,مجهولون يشعلون النار في سيارتين بـ #المحلة_الكبرى -,OBJ
1771,الحمد لله حققنا مستهدف حملة ال21 يوم لمحو الأمية شكرا لشباب صناع الحياة و لكل شركاء الحملة يا رب أعنا على,POS
1772,دقائق قضيتها في حضرة عمار الشريعي وطلبت منه أجمل أغنية أحبها له على الإطلاق,OBJ
1773,من ترك شيئا لله عوضه الله خيرا منه,OBJ
1774,"ينفي حزب المصريين الأحرار ما جاء بجريدة ""المصري اليوم"" في عدد اليوم ٥/١٢ على لسان الدكتور محمد حامد، مؤكداً انه لم",OBJ
1775,الرسالة رقم 36 من الجزء الاول لكتاب رسائل سجين سياسى الى حبيبته,OBJ
1776,واحد مصري ساكن في سويسرا وقفني في السوق الحرة ومتغاظ عشان سواق الناكسي قاله هات اللي تجيبه يابيه طب أقول له إيه ده؟,OBJ
1777,مصريون في سجون أمريكا ومستقبل السلفية الجهادية، في آخر كلام ١١م على أون تي في,OBJ
1778,كأن في الآية السابقة دليل على أن الأقرب للواقع يكون الأدرى بالمصلحة #بكفي_حصار #اضبطوا_شركاء_المخلوع # #اليمن #قطر #مصر #تونس,POS
1779,تم الان طرد السيدة سحر ميخائيل ومنعها من الاستفتاء فى مركز قوص #قنا #الاستفتاء,OBJ
1780,اهو دا اللي صار: رائعة #سيد_درويش بصوت الجميلة #دينا_الوديدي,POS
1781,قرية #الرشايدة مركز #العسيرات محافظة #سوهاج : إصابة 11 فى مشاجرة بين عائلت #,OBJ
1782,عرض الاسبوع 40 ألف متابع #شوارعنا #فن_تتقنه_النساء #ذلك_الشخص #شي_ودك_تجربه #بوح #درر #عجبني #حلو #مكه [2041976],OBJ
1783,#حضرت_عرض_باسم و فيه نكتتين على مرسي متعرضوش,OBJ
1784,_1 حصل بس سيادتك مش متابع,OBJ
1785,الدولة المدنية ليست فقط مضاد الدولة الدينية، بل أيضا مضاد الدولة العسكرية التي تحكم بها المؤسسة العسكرية أو تصبح بها دولة داخل الدولة,NEUTRAL
1786,نداء لجميع أبناء الشعب المصري يقترح إجراءات لوقف تدهور الأوضاع إذا اقتنعت وقع وشارك في النشر وايصال مطالب النداء,OBJ
1787,لميس الحديدي : لم يتم القبض علي وربنا ينتقم من مروجي الاشاعات اتقوا الله,OBJ
1788,عرض الاسبوع 44 ألف متابع #أذكار_المساء #بصراحه_مليت_من #خد_موقف_من #علمتني_الحياة #الحياة_تحتاج_إلى_شيئين [944767],OBJ
1789,وأن يعمل على إعادة تشكيل الجمعية التأسيسية للدستور ويسعى لدستور مدني لا يحتكر من فصيل واحد استحقاقات كثيرة لتسليم السلطة والتحول الديمقراطي,OBJ
1790,مع الرائعَين #أحمد_الزعبي و #ياسر_أبو_هلالة المكان #نقابة_المهندسين#نقاشية_حديث_الجنود,OBJ
1791,إذا جرحت إحدي الطيور أثناء طيرانها في سربها تهبط ويهبط معها طائر أو إثنين كن كالطير وساعد غيرك,OBJ
1792,الاناضول بتقول ان فيه اشتباكات طائفيه بالاسلحه الناريه في #اسيوط والحصيله حتي الان 10 مصابين استرها يا رب,OBJ
1793,العم أبو طارق مواطن #أردني هاوي تربية #الديوك - فيديو من عرمرم #,OBJ
1794,اخبار اليوم تحاور عمرو حمزاوي:,OBJ
1795,هاهاها لما انتقد سياسة أوباما فيه أمريكان محترمين بيردوا وبيعبروا أنهم مش معاه أما الإخوان ومن يدعمهم فهم اللي بيهاجموا كلامي مش مصدق,NEUTRAL
1796,في جنة الخلد يا بطل العبور، في جنة الخلد يا شاذلي في قلوبنا ستبقى # #25,POS
1797,لا أبدا أنا مسرور من كلامك,POS
1798,سيناء وإثيوبيا أزمات مزمنة قد تنتهي بكوارث غياب للحقيقة وانعدام للشفافية وبالتالي لا نعرف البدائل المتاحة ثم يتساءلون لماذا يتمرد المصريون,OBJ
1799,الألم محسن كبير لأنه يجردنا من الغرور والدعوى #مي_زيادة,POS
1800,"#ولاد_البلد #المنصورة زوجة مدرب فضيحة ""السيديهات الجنسية"" ب #المحلة ترفع دعوى طلاق بمحكمة الأسرة",OBJ
1801,جمعة أسترداد الثورة - 30 سبتمبر - البوم صور #30 #,OBJ
1802,#الفرسان_كورة | اخبار | #وائل_جمعة أساسيا فى مواجهة #الأهلى_والدفاع_المغربى,OBJ
1803,انتظروااااااااااااااااااااا الجحيمممممممممم انه قريب جدا هذا اليوم #يوم_الامتحان,OBJ
1804,آه فهمت بيفكر المشاهد المحروم انه محروم ماشي موافق بس هو محروم ليه بقى؟ السبب بعيد جداً عن الفن,NEUTRAL
1805,لمصر شعب يحميها رب أجعل هذا البلد آمنا مطمئنا,POS
1806,اتنين رؤساء اركان كانوا دفاع جوي استثناءيا المشير محمد علي فهمي عينة السادات تقديرا لدورة في حرب 73,OBJ
1807,شاهد - آخر كلام: مستقبل العام الجامعي واستقلال الجامعة #,OBJ
1808,عن اي مشروب غازي كوﻻ #حافظ_مش_فاهم,NEG
1809,إعمل #الخير وستلقى الخير يطرق بابك #الحياة #التأمل #السعادة #الصحة #البحرين,OBJ
1810,صباح الخير عليكم :) ، #عودة_باسم_يوسف ان شاء الله هتكون 30 مايو,OBJ
1811,"قال رسول الله صلى الله عليه وسلم :""من غدا إلى مسجد أو راح أعد الله له نزلاً في الجنة كلما غدا أو راح"" #نشر_سيرته",OBJ
1812,وايه اللى مخلى الثوار لحد الان فى محمد محمود ولا هيه بلطجه وخلاص,OBJ
1813,"#ليش #لماذا #شحقة #ليه #واي ؟؟؟""_84: ليش الأغاني الرومانسية ما تكون عن الأكل ؟""",OBJ
1814,#حازم_عبد_العظيم اللي خرج من الوزارة لعلاقاتة المشبوهة بشركات اسرائيلية قيادي في حملة #السيسي #الطيور_علي_اشكالها_تقع!!,NEG
1815,"قال صلى الله عليه وسلم:""في ليلة النصف من شعبان يغفر الله لأهل الأرض، إلا لمشرك أو مشاحن""(حديث صحيح) فاللهم إنا",OBJ
1816,"شاهد - ""المادة ٤٨"" تحقيق استقصائي في آخر كلام #",OBJ
1817,#مجلس_الوزراء: لا زيادة فى أسعار البنزين والكهرباء والسلع الغذائية الحره,OBJ
1818,قصة العجوز الحكيم و محرك السفينة رااائعة,POS
1819,_ موجوده للى يدور,OBJ
1820,حتى في الحرب في مواثيق حقوق انسان,OBJ
1821,يا شعب نايم ع الرصيف وبالمقشة بيتكنس فيك ناس بتشقى ع الرغيف وناس بتتعب م التنس #صلاح_جاهين,OBJ
1822,"القوات المسلحة جزء لا يتجزأ من السلطة التنفيذية، و""عرق وزارة الدفاع"" جزء من""عرق الدولة"" دولة واحدة، ميزانية واحدة، توازن ورقابة بين السلطات",OBJ
1823,#حركة_كايدينهم #مصر #قول_كلمه_للسيسي_وخد_فولو_هديه ياسيسى يا اصيييييل #احنا_شباب_هنصوت_للسيسى #سأنتخب_السيسي,POS
1824,د عمرو حمزاوي يلتقي بأعضاء نادي ليونز نفرتيتي من أبناء الدائرة,OBJ
1825,عام / مصر واليونان تبحثان علاقاتهما العسكرية #القاهرة,OBJ
1826,#موقف_نفسي_اعيشه_مع_مراتي انى اكون الأمام و نصلى مع بعض!,POS
1827,: جرحى الغارات الصهيونية اليوم على شمال قطاع غزة #غزة_تحت_القصف رقم2 ,OBJ
1828,"حمدين_صباحي مؤسس #التيار_الشعبي ضيف الاعلامى ""يوسف الحسينى"" في برنامج السادة المحترمون على قناة يوم الاربعاء 18 سبتم…",OBJ
1829,شرف المؤمن قيام الليل,OBJ
1830,أنا بحب الرقاصات وهما فوق راسى؟! انت نجس اصلا يا #انتخبوا_,NEG
1831,#اسكندرية : الاسكندرية على مر العصور ستظل مركز الحضارة والثقافة والنور للعالم د/ طه حسين,OBJ
1832,- | ناس تشبهلنا - #ماهر زين | Ü:,OBJ
1833,شاهد - آخر كلام: آثار المتحف المصري المنهوبة د صبري عبدالرحمن أستاذ الجامعة الأمريكية الذي أعاد قطعة أثرية,OBJ
1834,#الصهاينة يتابكون اليوم لذكرى #الهولوكوست وتناسوا بانهم ابطال الهولوكوست الفلسطيني والداعمين للهولوكوست السوري عن طريق خادمهم #بشار_الاسد,NEG
1835,هل نحن حيوانات ؟؟؟ عند آل خليفة؟؟؟ # #14 #مصر #الكويت #تونس #عمان #اليمن #العراق #لبنان #سوريا #قطر #المغرب …,OBJ
1836,#هلا_فبراير #الكويت,OBJ
1837,"أحمد المتمسلماني عن دوره ""الإعلامي"": نحن فريق إطفاء الحرائق السريعة إوعى الزيت",OBJ
1838,بسمة أمل - استثمر في تعليم أولادك ------------------------------------------ أيها الأباء والأمهات ما هو أفضل,OBJ
1839,الصلاة على #بلال_علي جابر بعد صلاة الظهر في جامع الإيمان بمدينة نصر و أوصلوا سلامي لأخي علي جابر أبو الشهيد و أعلموه أن…,OBJ
1840,هل أنت ممن يعامل الناس كلهم علي أنهم أعداء أو أصدقاء فقط؟ هناك الكثيرون وللأسف يتعاملون مع الناس بطريقة واحدة في,OBJ
1841,لازم كلنا نروح ننتخب اليوم لأنها أمانة وواجب وطني انتخب لتشعر بحق الملكية في بلدك~عمرو خالد,POS
1842,#أنصار_المعزول تعدى بالضرب والتعذيب على الصحفى بجريدة #فيتو محمد ممتاز,NEG
1843,اذا حدث توافق حول المبادىء العامة للدستور سيفقد المتطرفون اكبر أسلحتهم لابد ان يقنعوا البسطاء ان الاسلام في خطر حتى يفوزوا بمقاعد الحكم,POS
1844,#ذات_مومنت لنا تغوجئ ان امتحاناتك الاسبوع الجاى وانت مفتحتش كل المواد # ساقطين ساقطين ساقطين ساقطين #تجارة…,OBJ
1845,كل يوم بيزيد إحترامى وتقديرى لبرشلونة نكسوا اﻷعلام عشان مدرب سابق مات إحنا طلع ميتين أبونا عشان يلغوا سوبر العار وبرضه متلغاش #إفتكروهم #74,NEUTRAL
1846,#خلق_جميل تحترم اي امراءة وماتجرحها لابقول ولابعمل,POS
1847,بدون دستور ستستمرالامور في التدهور المخرج مازال اعطاء الرئيس المنتخب في الاعلان الدستوري صلاحية تشكيل لجنة توافقية لوضع دستور لكل المصريين,NEUTRAL
1848,خمس الف متابع بـ 200 ريال #قطر #الدوحة # #حمد #تميم #الرياض #دبي #الامارات # #ابوظبي 56,OBJ
1849,اشارككم قلقكم من حالة الاستقطاب السائدة في الحياة السياسية الآن وقد طالبت بعودة التوافق الوطني بين كل التيارات,NEG
1850,أنا غير منضم إلى أي تشكيل,OBJ
1851,الممثلة بسمة من بين ضيوفي الليلة ولا علاقة لهذا بأي هاش تاج #,OBJ
1852,من دعاء الصالحين في الفجر: اللهم ارفع غضبك المنتخب عنا السلام عليكم,OBJ
1853,دعمرو حمزاوي: البرلمان لم يمارس دوره الرقابي على الحكومة حتى الآن,OBJ
1854,في إنتظار الحلقة الثانية عشر من #برنامج_البرنامج لباسم يوسف هل هنالك إقتراح لفيلم أو برنامج ؟؟؟؟,OBJ
1855,#حمدين لقى #30_يونيو كلها مع #السيسى قالك سيبك منها وخليك مع #25_ينايرالله يكسفك واطى و أهبل,NEG
1856,العب بولنج ببلاش فقط بمولد سيدك السيسي = جانب من فعالية المولد لطلاب ضد الانقلاب جامعة حلوان #انتخبوا_البرص #كوهين_مصر,NEG
1857,الاخوان ينزلون علم مصر من على وزارة الزراعة لا وطنية وطنية يعني,NEG
1858,72 وفقا لنص المادة 60 وبناءا على تفسيرها قرر الاجتماع المشترك بأغلبيته المعايير ب 50 و50 أما المعايير والآليات في مشروعي فكانت مختلفة,OBJ
1859,#بيع_متابعين #انستقرام #الكويت #السعودية #قطر #البحرين #مصر #درر #بوح #حكم [2870977],OBJ
1860,أفضل ما تهبه #الشمس دوما للغصون والشجر هي #الحياة,OBJ
1861,ونحن في الجبهة القومية للعدالة والدمقراطية نؤكد رفضنا التام للمشاركة في أي فعاليات تستهدف إعادة مرسي-أياً كانت مسميتها أو…,NEG
1862,_ بيان د/ عبد المنعم ابو الفتوح بشأن الاحداث,OBJ
1863,ماكنتش على تويتر ساعتها :),OBJ
1864,شاهد - آخر كلام - نادر السيد: الثورة في الميدان #23 #,OBJ
1865,خمس الاف متابع بـ 200 ريال #سلمان_العودة #تغريدة #اقتباس #طارق #السويدان #طارق_السويدان #أعجبني #العريفي # 172,OBJ
1866,بعض الناس ينطبق عليهم القول لو أمطرت السماء حرية هناك عبيد سترفع الشمسية !!,NEG
1867,48670715 _ أفخر أنني كنت أكتب ضد التطرف أيام كانت قوائم الإغتيالات بجد مش هجص ومع ذلك لم أصب بفوبيا الإخوان,OBJ
1868,ثانية واحدة مش فى ناس بتقول ع #باسم متأمر وخاين وكده طب اتخيل كده لو الحاجات اللى بيهاجمها انتهت زى تطبيل الاعلام وكده مش #مصر هتبقى احسن,NEG
1869,اللهم بلغنا رمضاااااااااان #نفسي يرجع بقا,POS
1870,لا ياعم هينفعوني بإيه الفولورز الأكتر لما أحس إني فتى أحلام الشيخ بظر,OBJ
1871,"عيون الفيوم | #عاجل #الفيوم حادث مروع علي طريق""بني سويف_الفيوم"" يؤدي الي اصابه 10 أشخاص حتي الان و 35 حاله اصابه",OBJ
1872,"بيان حزب الوسط حول مد حالة الطوارئ # """,OBJ
1873,مصر دولة حديثة حالة فابريقة استعمال طبيب,OBJ
1874,أسرار نشأة السيسي داخل حارة اليهود بالقاهرة #الجمهور |#السيسي #انتخبوا_ #السيسي_يهودي #مصر #انقلا…,NEG
1875,من مشاكل تويتر هو الشعور بضرورة التعليق على أي حدث بشكل سريع حتى لو كان غير مكتمل التفاصيل، وكل واحد بيبني رأيه حسب انحيازاته واتجاهه الفكري,NEG
1876,وكما ادخل المجلس العسكرى نفسه دائرة الشبهات فإن اللجنة قد وضعت نفسها بهذا القرار فى مرمى السهام، اللجنة والمجلس وجهان لعملة واحدة,NEG
1877,عبد_الرحيم_علي: 30 ديسمبر القادم سيشهد اختفاء #باسم_يوسف من الساحة الإعلامية #باسم_طلع_حرامي,NEG
1878,#اكتب_رساله_لشخص_دون_ذكر_اسمه ما اخترتك بنظره أخترتك احساس في خافقي لك عرش محدٍ يزيحه,OBJ
1879,لمحبي النحو واللغة بمناسبة #اليوم_العالمي_للغة_العربية,OBJ
1880,للتوضيح يبدو أن هناك من يستخدم صورتي ويكتب باسمي لم أكتب عن ابتسامة المرأة وفعلا ليس هذا الوقت المناسب,OBJ
1881,عدد القنوات ومساحات الاعلانات الكبيرة وعدم وجود ضوابط نزلت سعر الدقيقة للارضعاملة زي فنادق سيناء اللي بتحرق اسعار وبتجيب سياحة رخيصة,OBJ
1882,تنسيقية مدينة الكسوة|| كيف مات الصحابي الجليل #خالد_بن_الوليد رضي الله عنه تكسرت بيده 9 سيوف، قتل لوحده في أحد,OBJ
1883,حكاية حلم انتهي #ثورة_25_يناير,OBJ
1884,سواق ميكروباص مؤدب,POS
1885,بلال فضل ومصطفي النجار عن فاشية التعذيب في سجون وأقسام الشرطة بعد الانقلاب يكشف ان مصر ترتد لعصور العبودية، فظائع لا توصف,NEG
1886,#في_عالم_موازي اللي بيحبوا بعض بيبقوا مع بعض في الآخر من غير اي تعقيدات مجتمعية,OBJ
1887,تحية تقدير وإعزاز لذلك العبقري الذي اخترع الجبنة الرومي الفكرة جت في دماغه إزاي؟,POS
1888,دعلاء الأسواني: لماذا يتحرش المصريون بالنساء ؟! أقرأ المقال كاملاً ؟! >> … …,POS
1889,بجد؟ عشر حلقات؟ طب ماتكتبهم,OBJ
1890,#الجوف #طبرجل #القريات #سكاكا #دومة,OBJ
1891,يا عمر سيبك من كل دة فى حملة منظمة لتشوية ثورة 25 يناير ورموزها أقرأ مقالة مصطفى النجار فى اليوم7النهاردة وشوف …,NEG
1892,بس اعلان فودافون الجديد بتاع عمرو دياب دا حوار😍.,POS
1893,شاهد - آخر كلام: طور جديد تدخله ثورة مصر #22 # #,OBJ
1894,نجمة #ستار_اكاديمي #ماريتا_أبي_نادر وأدائها لأغنية سونة للفنانة شادية #رنا_سماحة_أجمل_سنين_عمرنا # …,OBJ
1895,إستغاثة للفريق السيسي من أحد أهالي مصابي حادث كنيسة العذراء …,OBJ
1896,مضاجعة الوداع,OBJ
1897,وصول العادلي ومساعديه إلى أكاديمية الشرطة في محاكمة القرن #مصر #ميدان_التحرير,OBJ
1898,"بوابة الشروق| #صباحي ينفى صحة تسريبات ""محاكمة #السيسى"" وحملة #المشير: تصرفات ""غير مسئولة"" #مصر #",OBJ
1899,د علاء الاسواني يكتب مقاله الأسبوعي بعنوان : ماذا تعلمنا من المحنة ؟! >>,OBJ
1900,توضيح: الدعوة للقاء ماكين التي رفضتها كانت من السفارة الأمريكية وليس من الغرفة الأمريكية بالقاهرة رفضت دعوة السفارة ولم أتلقى دعوة من الغرفة,OBJ
1901,يعلن مكتب البدر للخدمات الحكومية عن تسهيل الألتحاق ببعض الوظائف الحكومية الخالية وغيرها من #مصر #الاسكندرية,OBJ
1902,#تواصل_مع_المجد #شبكة_الم,OBJ
1903,#حاميها_حرميها #الجيزة,OBJ
1904,"الجزيرة مباشر مصر : حمدي زوبة ينافس باسم يوسف لكن بثقل دممع السنيد سليم عزوز و شاهد ما شافش حاجة حسين عبد الفتاح"" اللى أختشوا ماتوا """,NEG
1905,قصدي كان موجه لكذبك أني ما كنتش هناك,NEG
1906,#ذكرى وأحلى ذكرى أول واقفة فى #التالتة_شمال #07 #الأهلي,POS
1907,يا عسكرى واقف بالفرس ع جتتى لا انت البطل ولا انت فتوة حتتى يوم ما تقول هاخد البلد هتاخدها بس ع جثتى #صلاح_جاهين,NEG
1908,رحل الدكتورجمال عبدالناصر الخطيب اخى فى الجرح والفرح والسجن والحرية والتشبث بالامل فى النصر ، الفلسطيني القومى المقاوم رب اجعل مثواه الجنة,OBJ
1909,البوابة نيوز: #محمد_رمضان طلع حرامي: السبكي #مصر #سينما,OBJ
1910,الله اكبر وتحيا مصر ،الحمد لله وحده، صاحب الفضل كله، انعم علينا بثورة عظيمة واختار من بيننا شهداء ابرار,POS
1911,بمناسبة #رمضانيات 3 ^_^ استنوا ف رمضان فقرات ومفاجأت كتير عالبيدج :) 5 3 :) وحملات و حاجات,NEG
1912,التسلسل المنطقى :١- رئيس مؤقت منتخب من مجلس الشعب٢- تشكيل لجنة الدستور فوراً ٣- دستور يحدد شكل النظام و يضمن مدنية الدولة والحقوق والحريات,OBJ
1913,0_999: #الواتساب_معلق هههههههههههههههههههههههههههههههههههههههههههه ,OBJ
1914,عيد ميلاد ابني الصغير كان بالأمس وأنا معه ومع ابني الكبير وأمهم السيدة العظيمة الى يوم الاثنين ثم أعود لمصر إن شاء الله,OBJ
1915,_: #التحرير | مصادر: وزارة النقل تؤجل فتح محطة مترو أنور #السادات لأجل غير مسمى ,OBJ
1916,2050 بقوللك إيه محمد محمود، مجلس الوزراء، العباسية، الاتحادية وغيرهم وغيرهم انتم لستم أبرياء وخاصمتم الإنسانية والحق من اجل السلطة,NEG
1917,الكتاب الأسباني عن خوسيه موخيكا اللي كتبت عنه في الشروق موجود لو في دار نشر عايزة تصوره عشان تراسل الناشر وتاخد الحقوق وتترجمه أهلا وسهلا,OBJ
1918,غني يا بنت ويا البنات #دينا_الوديدي,OBJ
1919,إصابة 11 فى تبادل إطلاق نار فى مشاجرة بالأسلحه بين عائلتين بسوهاج #حاميها_حرميها #الجيزة,OBJ
1920,سلامة اللغة العربية ، فائدة المحتوى ، التخصص…,OBJ
1921,بحبكوا ٥ إمواه  #فيفي_عبده #نبيلة_عبيد #حبيبتشي #حبيباتشي #واتشيه #واتشية,OBJ
1922,موقف #يوسف_الحسيني مع أحد شباب الإخوانإشارة رابعة وقدامها بوسة #السادة_المحترمون …,OBJ
1923,إحنا مايفرقش معانا هو موافق ولا لأ إحنا عايزين حنان ليس إلا,NEUTRAL
1924,شاهد - آخر كلام: الشاطر للرئاسة، كيف تفكر جماعة الإخوان #,OBJ
1925,#بيقولك_أعرف_بلدك باب زويلة,OBJ
1926,أول اختبار لـ #روحاني بعد رفع سعر #البنزين,OBJ
1927,2 شكرا أخى و كل الشكر للمملكة على الساندة إدام الله المحبة رمضان كريم,POS
1928,أهم مواضيع تحدث في مصر الأن #الاخوان #المنيا #الشرطة #السيسي #الانتخابات,OBJ
1929,القنوات الدينية و القاهرة اليوم اتقفلوا وقت مبارك بالقانون برضة بنعيد نفس الغلط حول الشخص للتحقيق بس تقفل قناة ده غلط,NEG
1930,5] #أحبك_ربي #غرد_بالخير,OBJ
1931,بالفيديو مصور ببانوراما #أكتوبر يحقق حلم الزوار بالتصوير مع #السيسى,OBJ
1932,#غلطت_م_اﻷول_رنا_سماحه,OBJ
1933,لقد قدم قضاة مصر وقواتها المسلحة أرفع المثل في البذل والتفاني من أجل انجاح العملية الانتخابية وتأمين ارادة الشعب ولن تنسي مصر لهم ذلك,POS
1934,على مائدة الافطار د/ عبد المنعم ابو الفتوح والمفكر القبطي ا/ جمال أسعد عبد الملاك يتشاركان الافطار اثناء زيارة,OBJ
1935,#الأم_المثالية … تُخفي دمعتها عن أطفالها حتى لا يدخل الحزن إلى قلوبهم تظهر ابتسامتها لصغارها وإن كان قلبها يعتصر الألم!! قلبها كبير,POS
1936,حبيتلكن حب من غير حنان وصحبتلكن صحبة من مالهاش أمان رحت لحكيم واكتر ولقيت بلوتى ان اللى جوه القلب مش ع اللسان ًعجبى #صلاح_جاهين,POS
1937,#فلسطين| مصلحة السجون الاسرائيلية تعزل و تنقل أكثر من 100 معتقل اداري فلسطيني بعد أن أعلنوا إضرابهم عن الطعام منذ 4 أيام…,OBJ
1938,بعد التأكد بالدليل أن المستشار نبيل صليب لا يؤمن بالانتخابات فى مصر يجب تغييره من منصب رئيس اللجنة العليا للانتخابات,OBJ
1939,القائد #خطاب وحديثه عن بدايات دخوله لـ #الشيشان #الجهاد #جبهة_النصرة #الجبهة_الإٍسلامية #الدولة_الإٍسلامية,OBJ
1940,انا سنجل من سنه تقريبا ومش لاقى لقلبى حبيبا #انا_سنجل #قدرى_السيد,OBJ
1941,"_: الدستورية"": المحكمة جاهزة للقيام بواجبها في عزل الرئيس لأول مرة في تاريخ مصر """,OBJ
1942,#رصد | تظاهرات ووقفات احتجاجية منذ صباح اليوم بجامعة #الفيوم نظم طلاب جامعة الفيوم اليوم عدد من الوقفات …,POS
1943,التوافق على قيم مشتركة وخطة طريق لإنقاذ الوطن هو المخرج الوحيد مصر ملك للجميع ويجب أن نتعلم كيف نعيش جميعًًا معًا,OBJ
1944,انقلاب ضد الاسلام أغلقوا القنوات الإسلامية وفتحوا القنوات الإباحية ويجدون من يصفق لهم ويهتف لسيسي,NEG
1945,__ ده إنت مش داريان أصلاً إن الإستفتاء كان على 10? من مواد الإعلان الدستوري معلش,OBJ
1946,اللي انا فاهمة ان دور مصر هو فتح المعبر للوقود والاكل اللي بييجي من دول تانية واحنا بيطلع من عندنا كميات تافهة يتبع,OBJ
1947,"صحيفة الموجز الإلكترونية/ #الببلاوى لـ""#السيسي"": ستكون الضحية الأولى | أخبار الم - عبر تطبيق نبض",OBJ
1948,#أشاهد_الآن #في_أسبوع__الموسم_1_الحلقة_535 على شاهدنت مقابلة معالي الرئيس #التلفزيون_السعودي_50_عام,OBJ
1949,كل البلاوي اللي #الداخليه هتعملها بعد كده فينا هتبقى بإسم #مكافحة_الارهاب وهنرجع تاني نغني لفق لفق في القضيه بتاعت #الالتراس #النظام_هو_هو,NEG
1950,38: تسلم لي عيونك يا آحلى #شيرين ♡  روحي شيرين محمد العراقي الجريح,OBJ
1951,تقرير بالمر ركز على قانون البحار، الذي يسمح للدول بالفعل بتفتيش السفن، بينما كان يجب التركيز على القانون الدولي ا,OBJ
1952,مبرووووك ل#سواريز فاز بجائزة #أوسكار بعد آدائه الرائع في عدت #أفلام !,POS
1953,يبدأ بعد لحظات مؤتمر دعبدالمنعم أبوالفتوح في كفرحانوت بزفتى وسنوافيكم بالتفاصيل من هناك,OBJ
1954,وجهة نظر ساذجة تقول أن من ناضل في الماضي يحق له أن يتحول إلى ندل اليوم,NEG
1955,#عيد_الأم #امي امي يا اجمل ما يبدأ بهِ يومي فَ سبحان من صنّع من دعواتكِ سعادةٌ لي لا تنتهي,POS
1956,الثورة مستمرة,OBJ
1957,#تخفيضات #الأحساء #ريتويت #الرياض #واحد_فاضي #الهلال #السعودية #النصر #النصر_الهلال #غرد_بصوره #الرياض [1620995],OBJ
1958,د\ابو الفتوح #,OBJ
1959,#موافى و #عنان يؤسسان حزبين لخوض الانتخابات البرلمانية,OBJ
1960,الولد اللي بيقبل يتشتم ب امه حتى لو هزار و يقلب الدنيا لو حد جاب اسم صاحبته بس #استرجل كده عشان امك اللي بقيالك و تعبت عشانك,NEG
1961,احساس رخم اوى لما تكون عايز تفرح حد معين و مش عارف ازاى! #اه_والله,NEG
1962,4 نوفمبر عيد الحب للتافهين عيد ميلاد تواضروس وحددوا له محاكمة مرسي ليسجلوا 3 أهداف هاتريك بشوطة واحدة مرسي صدها,OBJ
1963,رباعى الانقلاب فوده وربيع والعزباوى وعطيه ضيوف قناة الجزيرة مباشر اتمسح بهم الارض بكل دولار حطوه فى جيوبهم,NEG
1964,#الكويت #السعوديه #البحرين #قطر #ا?مارات #عمان #العراق #مصر #تونس #الجزائر #المغرب #ا?ردن #السودان #لبنان 569,OBJ
1965,شاهد - آخر كلام: وقفة تأملية مع تجاعيد عام من الثورة #,OBJ
1966,اقترح تغيير اسم حملة (كمل جميلك) الى (شحتنى شكرا) بكره تشوفو مصر,OBJ
1967,1 الكاتب القبطى رفيق حبيب: هدف الانقلاب التخلص من جماعة الإخوان المسلمين والمعركة ضد التيار الإسلامي,OBJ
1968,أكد الدكتور عمرو حمزاوى النائب بمجلس الشعب، أن مشاركته مساء أمس فى اعتصام ميدان التحرير حتى الثامنة صباحاً بصحبة,OBJ
1969,العليا للانتخابات: 188 ألف توكيل للسيسي و31 ألفا لصباحي #ماسبيرو #كشوف_العذرية #ستوكهولم_سيندروم #كما_تكونوا_يولي_عليكم,OBJ
1970,ﻻمعقول #مكملين #خليك_مصدق,OBJ
1971,نطالب المجلس العسكري والحكومة بسرعة إعادة الأمن فى مدة لا تتجاوز عشرة أيام,OBJ
1972,بالنسبة لرمضان اخترنا ان نبعد عن الساحة لان الموضوع زحمة جدا و زيادة عن اللزوم وكمان التحضير للمسرح و الجمهور عايز وقت كبير,OBJ
1973,أكبر حماية للحريات وعدم انفراد اي طرف بالسلطة هو أن يكون لدينا مجتمع مدني قوى ونشط د عبد المنعم أبو الفتوح في ندوة بنادي هليوبوليس,OBJ
1974,"شبكة العملاق | رصد| بث مباشر الآن لفعالية طلابية بجامعة #أسيوط بعنوان ""مش #25 #11 #",OBJ
1975,صدرت تعليمات سرية لمحطات السكك الحديد بعدم بيع تذاكر للقاهرة، بدعوى أنه لا يوجد حجز ولو كنت…,OBJ
1976,دعلاء الأسواني: حين نتحدث عن الفن نواجه فرق كبير بين الانسان البدائي والانسان المتحضرويتضح في,OBJ
1977,صباح الخير #أسيوط / #نزلة_عبدالاه #الأسايطة #ولاد_البلد تصوير: أحمد دريم,OBJ
1978,انا مع خريطة طريق وجدول زمني للانتقال الديمقراطي ونطمئن من ثم المواطنات والمواطنين بأن مصر لن تكون مع حكم مجلس عسكري يستمر إلى ما لا نهاية,POS
1979,د عبد المنعم أبو الفتوح : جمال عبد الناصر كان مثلنا الاعلى في شبابنا وحتى نكسة 67 في برنامج أنت وضميرك على قناة دريم,POS
1980,#أحمد_موسى ما استطاع الرد على #باسم_يوسف وقد جعله مسخرة المصريين ويتطاول فقط على #الرئيس المنتخب من شعب #مصر,NEG
1981,الوفد - دراسة تقديم مواعيد #امتحانات #الجامعات -,OBJ
1982,عقود الفُل و اللهو في الحديقة وشجرة الجوافة و زهر الليمونهل تذكرين؟! عيناك تبزغان من قلب الصمت نجمتان وحياة #كلام_لها_وحدها #كلام_في_الحب,OBJ
1983,": أنا أنتظرك لأنني لا أجد شيئاً آخر يُسليني في غيابگ عنّي ! #اعترافات_ليلية""",NEG
1984,10 مصابين و 11 وفاة نتيجة التعذيب بمنطقتى رابعة والنهضة,POS
1985,الراجل بتاع الامن بينف بمعدل نفتين كل ٧ دقايق فتحنا الشبابيك عشان السقعة راحت واشتكينا مراراً وتكراراً ليه عموم الشعب معفن #…,NEG
1986,المومني نقيبا للصحفيين #وقفة_الاخبارية | #نقابة_الصحفيين | #المومني انتخبت الهيئة العامة لنقابة الصحفيين في,OBJ
1987,"#اذكر_افيهات_الثورة فى #الاتحادية "" معتقلات بقا "" فى #التحرير "" "" ^_^",OBJ
1988,أبو الفتوح يكتب للشروق عن مستقبل السلام والديمقراطيه فى الشرق الاوسط,OBJ
1989,شاهد - آخر كلام: ثورة مصر سيناريوهات الخوف #,OBJ
1990,عن الذين ورثوا الهرم المقلوب للظلم الاجتماعي اعدلوا !,NEG
1991,كتب احد السوريين الجيش امتص دمنا اربعين عاما ثم قتلنا نحن فى مصر عانينا نفس المأساة ولكن لستين عاما,NEG
1992,شاهد - آخر كلام: موقعة الإعلان الدستوري المكمل تلوح في الأفق ,OBJ
1993,القاتل المقيم بتاريخ 10 أكتوبر الماضى أصدرت محكمة جنايات القاهرة حكمها ببراءة كل المتهمين بقتل الشهداء وإصابة,OBJ
1994,#صورة ثانية لل #مطر #غرد_بصورة #تصويري ع خط #الحوية للرياض #مكة,OBJ
1995,"#فيها_ايه_لو كل حلم نحلمه يتحقق""""",OBJ
1996,السذج صدقوا هجوم الاعلام على باسم يوسف اذكرهم بهجوم عماد اديب ولميس وخيرى وتهديدهم بمقاضاته بعد اول حلقة المرة,NEG
1997,اول فيديو لبديع لحظة القبض عليه على اون تى فى,OBJ
1998,حركة انت الريس تطالب بعودة الفريق شفيق لمصر,OBJ
1999,كان هناك شئ يدعي #حريه اللهم ارحم #ثورة_25_يناير واخلف لنا خيرا منها ، اللهم انتقم من كل من أوصلنا إلي هذه الحالة #لكي_الله_ياحريه,NEG
2000,"يوم"" باسم"" عليكم جميعا !",OBJ
2001,كان من المقرر أن يصدر مرسى قائمة اعتقال 21 شخصا من الاعلاميين والسياسين #,OBJ
2002,اخوان مسلحون في مواجه الأمن بالمهندسين #مصر #,OBJ
2003,أموي #سوريا • ضمن سلسلة معارك عواصف الصحراء اليوم تمت السيطرة على معمل اسمنت البادية والمفـْـْرزة الأمنية في …,OBJ
2004,#أشاهد_الآن #دريفن_الموسم_4_الحلقة_24 على شاهدنت عبر,OBJ
2005,اللى بتهئ نفسها لنزول الشارع كانها نازلة ارض معركة #حط_نفسك_مكان_البنت,OBJ
2006,#المملكة_العربية_السعودية تقرر تزويد #مصر بشحنات جديدة من #البنزين و #السولار,OBJ
2007,بتر أصابع يد طفل بعد إطلاق النار عليه من أحد أنصار مرسي في اعتصام رابعة …,OBJ
2008,#أوقفوا_الفحم اسمنتفحم طب لية كدة ؟؟!!,OBJ
2009,مرة 529 ومرة 638 #رصد| #عاجل #مصر | نقلا عن وكالة الأناضول : إحالة أوراق 638 من أنصار #مرسي بـ #المنيا وسط مصر,OBJ
2010,أرجو الا يتم منع بث برنامج باسم يوسف اليوم,OBJ
2011,#اللى_رافضين_السيسى_رئيس_بيعملوا_فولوا_لبعض #جميــلة_و_صاحب_تويتر_وابورمان_وعيڈو_وبڈوی_وايمي_ولعوها #الكل_للكل #يلاااااا_تفااااعل_يجدعان,NEUTRAL
2012,أنا مش فاهم إزاي حد متخيل في حل للدم اللي في الشوارع من غير إتفاق على حكومة إنقاذ وطني وإدراك أن ماحدش هيقدر يصلح الخرابة دي لوحده,OBJ
2013,لا نزول لميدان التحرير لا نزول لميدان التحرير اكررها والا استوعبتوا فخ قذر منصوب لتكرر مذبحة رابعة,NEG
2014,شاهد - آخر كلام: الفيلم المسيء للرسول تداعيات ونتائج #,OBJ
2015,د أبو الفتوح في العاشرة مساء يحيي دماء الشهداء و يقول قبلت أيادي الشهداء و جثثهم و هم على الأرض يوم 28,OBJ
2016,إعادة البرنامج الساعة العاشرة صباحا على سي بي سي و بعدها بساعتين على +2,OBJ
2017,#يوسف_الحسيني تعاقب على مصر الولاة من أجناس و حضارات مختلفة طيلة تاريخها المديد كان منهم الصالح و بينهم الطالح الا ان مصر كا…,OBJ
2018,اليوم : #الدوري_الإنجليزي / توتنهام  - مانشستر سيتي,OBJ
2019,فهيَّا انزعي عنكِ ثوبَ الهمُوم غدًا سيـأتي بما تحلُمِين ! #فاروق جويدة,OBJ
2020,ألف رحمة ونور عليك يافنان مصر العظيم ياأعذب الناس وأجملهم وأطيبهم,POS
2021,"مجلس الوزراء يوافق على رفع الدعم عن بنزين 95""",OBJ
2022,#زواج_المتعة حلال,OBJ
2023,#حازم_عبد_العظيم,OBJ
2024,"الدين و السياسة هو عنوان حوار اليوم مع د عمرو خالد و الإعلامى محمود سعد فى برنامج ""أخر النهار"" انتظرونا بعد قليل",OBJ
2025,حتى بيوت رموزهم لم تسلم الإعتداء على شرين مشهور حفيدة مرشدهم الأسبق …,OBJ
2026,طيب طالما الاكل بقى فاحشه يا ريت #عمرو_اديب يفسرلنا ازاي #لميس_الحديدي كانت في حمله #جمال_مبارك و هو واقف برنامجه,NEG
2027,'شباب الإخوان معانا' #باسم_طلع_حرامي #البرادعي_طلع_جاسوس …,NEG
2028,صامت على الانقلاب مثل رجل شاهد خيانة زوجته فشرب عصير ليمون سئل:ماذا فعلت قال:عملو ليمون لنفسهم,NEG
2029,المحافظة هي اللي عملت الأكشاك وسلمتها لباعة الكتب وأنا كنت مهندس مشروع التطوير للشارع وشاهد على ذلك,OBJ
2030,ﻭﻓﺄﻯ ﻣﻜﺎﻥ ﻭ ﻓﺄﻯ ﺯﻣﺎﻥ ﺑﻘﻮﻟﻬﺎ ﻟﻴﻚ ﻭ ﺑﺎﻋﻠﻰ ﺻﻮﺕ ﻏﻴﺮﻙ ﻣﻠﻴﺶ ﻋﺸﺎﻥ ﺍﻋﻴﺶ #ﺍﻻﻫﻠﻰ فى قلبى ﻟﺤﺪ ما #أموووووت,POS
2031,أحوال النقابات لم تختلف قبل الثورة عن بعد الثورة,OBJ
2032,الرسالة رقم 15 من الجزء الاول لكتاب رسائل سجين سياسى الى حبيبته,OBJ
2033,عرض الاسبوع 40 ألف متابع #شوارعنا #فن_تتقنه_النساء #ذلك_الشخص #شي_ودك_تجربه #بوح #درر #عجبني #حلو #مكه …,OBJ
2034,د علاء الأسواني : ان مصر الآن محتلة بمعنى الكلمة فالاحتلال لا يقتصر على القوى الأجنبية الحكم الفاشي بمثابة,OBJ
2035,ستبدأ جلسة مجلس الشعب لمناقشة تعديلات قانون العزل خلال ربع ساعة,OBJ
2036,انتهوا من سجن كل قيادات المعارضة وتحولوا الى أبنائهم وبناتهم وزوجاتهم مصر لم ولن تشهد قمعا وشيطانية كما نرى من عصابة الانقلاب,NEG
2037,نرجو تشريفنا فى مقر الحملة 147 ش النزهة من ميدان سانت فاتيما الدور الثانة او راسلنا على الايميل,OBJ
2038,خطوط الطيران التركية سكاي توقف جميع رحلاتها الداخلية والخارجية في البلاد بسبب الاحتجاجات التي تشهدها أغلب المدن التركية,OBJ
2039,#حاول_ماتبقاش الوالد اللى بيصاحب مية بنت في الاخر هتجوز واحده #استرجل بقي,NEG
2040,برحيل صالح تضع ثورة اليمن أقدامها على أول طريق النصر،نثق فى قدرة شعبنا اليمنى على توحيد الصف لاستكمال أهداف الثورة،مبروك لليمن وعقبال سوريا,POS
2041,رسائل الإمام الشهيد #حسن_البنا,OBJ
2042,"للعلم: مهرجان القاهرة هو المهرجان العربي الوحيد اللي متضنف درجة ""أ"" (درجة أولى يعني) واللي بيحصل ده هيضر التصنيف ده أكيد",OBJ
2043,مطلوب إصدار قوانين جديدة تتوافق مع قواعد العدالة #السادة_المحترمون,OBJ
2044,#الحب_هو أن تُشْبِعَ حبيبكَ اهتماماً قبل إشباع رغباتِك..!”,POS
2045,المشير #السيسي يتقدم بأوراق ترشحه للجنة العليا لانتخابات الرئاسة ويشكر جماهير الشعب المصري …,OBJ
2046,#أحمد_موسى معروف بقربه من #أمن_الدولة | أخبار الموجز …,NEUTRAL
2047,حيث إن أصل استخدام الكلمة كان للمجند حديثا في الجيش العثمانلي، ودا كان غالبا فلاح، ودي كانت بتعتبر شتيمة #أصل_كلمة_مصرية #لغةمصري,NEUTRAL
2048,الأسواني :أن من شروط القصاص أن يكون المقتول مسلما أما اذا كان المقتول كافرا قبطيا فان المقال كامل>> …,OBJ
2049,ما رأيكم بآداء نجمة #ستار_اكاديمي ماريتا أبي نادر على مسرح #اجمل_سنين_عمرنا #3,OBJ
2050,_ الشعب السعودي الآن مثل خزان الوقود ينتظر عود ثقاب فقط مثل بو عزيزي في تونس وشبه مؤكد ان الثورة ستكون بع…,NEUTRAL
2051,عمرك شوفت إستفتاء على دستور يطيح بالمبادئ الدستورية (المساواة وتكافؤ الفرص) في قواعد مرحلة الإقتراع وإدارتها؟,NEG
2052,#حط_نفسك_مكان_البنت و شوف إحساسها ايه و هى عارفة انها بعد ما تعدى من جنب ولاد هيبوصوا عليها ازاى,OBJ
2053,هل محمد حسنين #هيكل ولونا الشبل وغسان بن جدو هم من كانوا يشكلون عقلية المشاهد العربي في قناة الجزيرة,OBJ
2054,1 مسئولية الأمن هي منع العنف وحماية كل الدم المصري، والشعب العظيم الذي خرج اليوم بسلمية للمطالبة بإنهاء رئاسة فاشلة لن يسمح بالعنف,NEUTRAL
2055,كواليس تصوير الحلقة الثامنة,OBJ
2056,من هى الملعونة التى يجب تسميتها دمية بلا شرف ولا دين,OBJ
2057,الحملة الشعبية لمكافحة الأفْورَة,NEG
2058,بيبص في الموبيل بيبص في الموبيل بيبص في الموبيل ببصله فجأه بيدور وشة #مترو,OBJ
2059,مسيرة احرار وجدعان #المعادى الان #حاميها_حراميها #مرسي_رئيسي مكملين,NEUTRAL
2060,دول وصلونا لمرحلة النفور من اي اغنية وطنية لاننا بقينا نحسها بتمجد فيهم مش ف مصر #عشان_خاطر_ماسر,OBJ
2061,": : ""كونوا على يقين أن هناك شيء ينتظركم بعد الصبر ليبهركم فينسيكم مرارة الألم!"" قولى يا رب !",NEUTRAL
2062,#ولاد_البلد #المنصورة #مصراوي بالصور فريق أطفالنا أحلامنا يحتفل باليوم العالمي لـ #أطفال_الشوارع,OBJ
2063,__ تبسمك في وجه أخيك #خلق_جميل,OBJ
2064,طويلة لسه طويلة (2) # #,OBJ
2065,في #المدينة المنوّرة، بئر يتوسط ساحة مدرسة ابتدائية بالحناكية يثير قلق أولياء الأمور! | #لمى_الروقي | (أنحاء) …,OBJ
2066,كل عام وكل طلاب العلم بخير كل عام وأهل طلاب العلم بخير أتمني لكم عاماً دراسياً ناجحاً مليئاً بالعمل والأمل,OBJ
2067,جيل الوسط هو الذي شغلته أسئلة ومشكلات عصره باحثين عن الحقيقة,POS
2068,جزء من حل ازمة الاسكان ان تكف الدولة نفسها عن الدخول في مضاربة على الاراضي,OBJ
2069,فيديو ترحيب حار من الأقباط لـ #توفيق_عكاشة و #مظهر_شاهين وتهاني الجبالي و #الزند بالكاتدرائية,NEG
2070,بسمة أمل - قصة رمزية من الصين - كن أنت التغيير الذي تريد أن تراه في العالم,OBJ
2071,من احد المشاكل التي نعاني منها حاليا في الوزارات رهبةالوزراء من التوقيع علي اي ورق #السادة_المحترمون …,OBJ
2072,ﻟﻴﻪ ﺍﻟﺒﻨﺖ ﺍﻟﻠﻰ #ﺗﺤﺐ ﻓﻰ ﻣﺠﺘﻤﻌﻨﺂ ﺑﻴﻌﺎﻣﻠﻮﻫﺎ ﺍﻧﻬﺎ ﻋﻤﻠﺖ #ﺟﺮﻳﻤﻪ ﻭﺑﺘﺒﻘﺎ ﺑﻨﺖ ﻣﺶ #ﻣﺤﺘﺮﻣﻪ ; :: #حوكا,NEG
2073,#يلا_نحفل_علي_احمد_ادم الرد هشتاج بردوا #باسم_طلع_حرامى,NEG
2074,تابعوني علي قناة الحياة 1 الساعة 9,OBJ
2075,زي الي عملناه في #دمنهور في دفعتنا الفقر Ȝ -Ȝ,OBJ
2076,خطاب عاجل إلى وزير التعليم: مدرسة الشهيد أحمد كمال في طنطا مأساة التعامل مع أسر شهداء الثورة:,NEG
2077,"المصالحة بين شروط #السيسي و #صباحي ورفض ""#الإخوان"" (تقرير)",OBJ
2078,لماذا استسلم #الإخوان لفكرة التحول من مقموعين إلى قامعين,NEUTRAL
2079,تقديرات مرسي في لانتخابات ( شاطر- شاطر جداً - بديع ),OBJ
2080,آخر خبر #روسيا تدعو لاجتماع طارئ بمجلس الأمن لبحث التطورات العسكرية في #أوكرانيا #بوتين #اوكرانيا…,OBJ
2081,اللهم إني أشتاق لرؤياك و لكني مازلت أعصاك ، فـنقني و طهرني قبل أن ألقاك #نفسك_فى_أية_فى_الجنة_,OBJ
2082,أزهى عصور اللخفنة,NEG
2083,#باسم_محسن مات مقتول والسيسي هو المسئول,OBJ
2084,#عاجل #وزارة_الصحة تعلن تسجيل 8 وفيات و16 إصابة جديدة بـ فيروس #كورونا في #الرياض و #جدة و #تبوك #السعودية #تأجيل_الدراسة #تعليق_الدراسة,OBJ
2085,ومهما قالوا الناس ناديكوا #ضاع وخلاص هافضل وراه عـ طول دا اسم #غالى عليا ومهما يعمل فيا والله بنحبك يا #زمالك #الزمالك,OBJ
2086,أنا ضد من يحاول الكذب في السياسة أو من يعتبرها فن الكذب و ليس فقط من جانب أخلاقي بل لأن هذا أثبت فشله لذلك أنا,NEG
2087,"#عاجل :: تأجيل #محاكمة_مرسي و14 آخرين في قضية ""أحداث #الاتحادية"" إلى جلسة 3 مايو المقبل #سوو",OBJ
2088,انتهى زمن #الرئيس الذي يمنح وجاء زمن الشعب الذي يجد ويعتز بكرامته؛ وما اعتمدته لكم هو بعض حقكم؛ فأنتم الذين تمنحون ولست …,NEUTRAL
2089,السيد الرئيس، وشرعيته الديمقراطية لا أنازعها وهو الرئيس المنتخب، عليه مسئوليات كبرى ويحتاج لاستقلالية وشفافية وفاعلية لم ألمحهم الى اليوم,OBJ
2090,مجانية التعليم حق لكل مواطن,POS
2091,#حاول متبقاش متكبر :),OBJ
2092,"وأصبح تفجير البيوت وحرق عشش الفقراء ""أعمال قتالية"" في نظر الجيش المصري ! #سيناء #مصر #",NEG
2093,{ ومن يشرك بالله فكأنما خر من السماء فتخطفه الطير أو تهوي به الريح في مكان سحيق} #ماهر #المعيقلي…,OBJ
2094,عندما يصبح المرشّحون لانتخابات #مصر يخافون من #برنامج_البرنامج و #باسم_يوسف فأعلم انّك في #ثورة_مزعومة و#حريّة_كاذبة,NEG
2095,هاجر نبينا إلى المدينة ومعه أبو بكر الصديق ومولى أبي بكر عامر بن فهيرة، ودليلهم هو عبد الله بن الأريقط الليثي، وكان كافرا #نشر_سيرته #,OBJ
2096,نسيني رسيني على اول مرسى,OBJ
2097,ده رابط لمقالاتي خلال الأسبوع الماضي في الشروق لو حد فاته قرايتهابعد ساعة بإذن الله هانزل لكو مقتطفات من المعصرةسلام,OBJ
2098,#عادل امام معاهم معاهم عليهم عليهم ‹☺›,NEG
2099,لازم نخترع زرار فاست فوروارد في الأزمات,OBJ
2100,عرض الاسبوع 10 ألاف متابع #درر #حكم #حكمه #حكمة #ابيات #النصر #الهلال #الفتح #كلمات #كلمة #بوح #الاتحاد [2277592],OBJ
2101,محافظة #القاهرة تواصل إزالة العقارات خلف #المحكمة_الدستورية,OBJ
2102,_ مبارك سحبه مرتين بالفعل راجع معلوماتك,NEG
2103,بسمة أمل - قصة من المدينة المنورة,OBJ
2104,كل اللى قدامكم تمثليلة بين السادات وجولدامائير مصالح متبادلة والكلام عن الحرب …,OBJ
2105,الاخوان حولوني للجنايات عشان كتبت تويتة بعد المقطم باقول فيها لما انتوا مش قد العنف بترغوا كتير ليه واتهموني بضرب 125 بناء …,NEG
2106,"أصحاب شخصيه ""#أبلة_فاهيتا"" الحقيقيين هما ""حاتم الكاشف"" و""شادى عبد اللطيف""",OBJ
2107,"#خالد_علي: رفع أسعار #الغاز ""إجرام سياسي""",NEG
2108,الرسالة رقم 4 من الجزء الاول لكتاب رسائل سجين سياسى الى حبيبته,OBJ
2109,إهداء للمجاهدين… 😘 #الشام #العراق #اليمن #سيناء #فلسطين #الصومال #أفغانستان,OBJ
2110,#عن يوم #حلو مع ناس بتحبهم عمرك ما هتقدر تنساة ツ,POS
2111,كل سنة وانت طيب يامعلممبروك على كف عفريتأنا شفته قبل رمضان وعجبني جداعقبال اللي جاي أحلى وأحلى بإذن الله,OBJ
2112,#التحرير | المهن الموسيقية تقرر سحب تصريح الغناء من #سما_المصري,OBJ
2113,_ وأنا بقول لك أمريكا مش عشان إنجلترا عملت كده يبقى نعمل إحنا نرجع الملك بقى عشان بريطانيا عندها ملكة؟ وما نكتبش دستور؟,OBJ
2114,الساعة 11 مساءً ، #السادة_المحترمون مع #يوسف_الحسيني على # و # انتظرونا …,OBJ
2115,لمشاهدة بث حي لبرنامج #السادة_المحترمون مع #يوسف_الحسيني علي # من خلال تابع…,OBJ
2116,علشان الورد الي فتح في جنائن مصر مع باسم #ثورة_25_يناير #باسم_رئيسا_لمصر #انتخبوا_,NEUTRAL
2117,الجزار الفاشل يحضر الآن سكينه لكي يذبح بعض كباش الفداء قبل أن يكتشف أن المشكلة أعمق من فشل الأشخاص فهي مشكلة فشل سياسات,NEG
2118,#المملكةالعربيةالسعودية #جدة #جده #الرياض #الدمام #الخبر #ينبع #الشرقية #مكة #المدينة_المنورة #راقت_لي [2139965],OBJ
2119,لما أشدت بدور شباب الإخوان في الميدان وأعلنت أني سأنتخب مرسي كنت كاتب حر وطني منصف بمجرد ماأعترض على رئيسهم وقادتهم يبقى فيا العبرإخ وان,NEUTRAL
2120,#رمضان_الخير قرب,POS
2121,عقد أولى جلسات لجنة حماية المسار الديمقراطي لمتابعة تطبيق الحكومة لخارطة الطريق …,OBJ
2122,#الشروق | #المعصرة مصر ليست #تركيا و #أردوغان ليس تركيا أيضا#! يكتبها #بلال_فضل ويرسمها #عمرو_سليم …,OBJ
2123,#النصر_الشباب ليه كذا يا عامر,OBJ
2124,"تحية لصحفيي الدستور وشبابه في اعتصامهم من أجل حق الشعب في صحافة حرة، ولتمسكهم بقائدهم الوطني إبراهيم عيسى و""بالدستور"" كصحيفة مستقلة",POS
2125,تم تدارك الخطأ,OBJ
2126,"قوات الأمن المصرية تقوم بضبط ""لاب توب"" يحوي أغاني مسيئة لـ""السيسي"" هذه ليست نكتةهذه حادثة حقيقية في مصر بعد …",NEG
2127,#إبراهيم_محلب يعلن افتتاح خط طيران #القاهرة - #إنجامينا عاصمة تشاد أول أغسطسويكلف وزير الطيران باتخاذ الإجراءات,NEG
2128,قرار إعادة وزارة الإعلام فشل كلوي تام و مهزلة,OBJ
2129,1 حرية التعبير عن الرأي قاعدة أساسية للديمقراطية، وقد تسفر أحيانا في بعض الدول الغربية عن إساءة مرفوضة للمقدسات وللرموز وللمشاعر الدينية,NEUTRAL
2130,#انتخبوا_ #انتخبوا_البرص #مرسى_رئيسى #اين_رئيسى #_ #__ö,NEUTRAL
2131,احنا #الحرية ومعناهــــــــا #الثورة هتاخد مجــــــراها #العزّة ليها طريق معــروف #مكملين #يسقط_حكم_العسكر,NEUTRAL
2132,تحليل سياسي هام جدا حول اتفاق السداسية مع ايران ضد الخليج #السعودية #الرياض #البحرين #الكويت #الامارات #السودان,OBJ
2133,بدي فحل جاد من الاردن ينيكني يكون موافق على شروطي #كسي #طيزي #أردني #اﻷردن #محنة #كس #نيك #ممحونة #قحبة #طيز #الاردن #اردني #شرموطة #طبربور,OBJ
2134,مواجهة التطرف والعنف من قبل مجموعات من مشوهي العقول والضمائر يرفعون زيفا شعارات دينية، في الجامعة وخارجها، ضرورة لن يرهب من يدافع عن الحق!,OBJ
2135,#جديد_في_تويتر الرائع هنا انك بتتعلم البلاغة لانك ملزم بـ 140 حرف,POS
2136,الإمارات اليوم: محلّلون: التصحيح ضرورة لبناء مراكز مالية جديدة - #الإمارات #بالعربي,POS
2137,2000: واحد مننا وعايش زينتا  واحد مش مننا وﻻ عمرة مثلنا دا ممثل ظيطة ولزوم الهيصة #مرار_طافح,NEUTRAL
2138,العيال الاخوانجية السفلة عاملين مولد لسيادة #المشير #السيسى فى حلوان بالطبلة والصاجات!!,NEG
2139,تشلسي يفوز على #ليفربول بالأنفيلد بدون #تشيك #تيري #لويز #راميريز #أوسكار #هازارد #إيتو انه #تشيلسي يا سااااااادة #مورينهو يقدم درس جديد,OBJ
2140,اها انا ضد حظر #6_ابريل بس اللى بيقولوا فين التويل يسال #ماهر و #عادل لكن الشباب العاديين فعلا جعانين وقاعدين على,OBJ
2141,#الهولوكوست في نظر #عباس المحتاس أبشع جريمة في التاريخ لعنك الله يا عباس #إسرائيل,NEUTRAL
2142,عيون لتصاميم الفيديو #فيديو #مونتاج #تصميم #زفاف #اهداء #الان #واتساب #خبر_عاجل #نشر #السعودية #كرونا #متابعين …,OBJ
2143,العجوز مضاوي الرشيد ترد على سلمان العودة # #السعودية #الرياض #جدة # #بريدة #مكة #ابها #الدمام #المدينة,OBJ
2144,المسابقه عباره عن عمل فيلم تسجيلي عن دور الاطباء فى الصراعات المسلحه ياريت حضرتك تساعدنا فى نشر الاك,OBJ
2145,#حمدين_صباحى بيقول برنامجة هيتحقق في ٩ شهور ، بس مقالش هيبقي طبيعي و لا قيصري و في مستشفي اية !!!! الرحمة يا رب,NEG
2146,_الأسواني لم ينتخب مرسي وطالب بمقاطعة الانتخابات بتاريخ 4 يونيو في مقاله:قبل أن تدلي بصوتك في الاعادة الرابط,OBJ
2147,اطالب الرئيس مرسي ان يحل ضيفا علي احد القنوات الفضائية التي استضافته اثناء حملته الانتخابية ليرد على اسئلة الشعب ن,OBJ
2148,مبحبش اتكلم عن نفسى بس #كفاية اني اول لما أفتح التلاجة #بتنورلي :),OBJ
2149,الذي لم يلاحظ حتى الان ان مطالب الثورة لم تتحقق اما انه لا يتابع ما يحدث وأما ان رائحة السلطة قد افقدته الرؤية وصفقاته قد أخرسته عن قول الحق,NEG
2150,اللهم ارزقنا نعيم الجنه آمين,POS
2151,ماذا فعلت بمصرنا الغالية ياسيسي؟ ماذا فعلت بازهرنا الشريف يا طيب؟ 12 الف طالب ماليزى يرفضون اكمال تعليمهم,NEG
2152,لم تحرق الكنائس فقط، حرقت مدارس و مسارح و عيادات و حضانات و ملاجئ فهمنا الرسالة، الهدف حرق اي قيمة مشتركة، اي دور مجتمعي للمسيحي,OBJ
2153,اول لعبة فيديو تدعم اللغة العربية # #بالعربي #_ #,OBJ
2154,"? # #"" وجودكم يا شباب وغيرتكم علي بلدكم علي اختلاف افكاركم يملؤني بالتفاؤل",POS
2155,لأن الشاطر هو الرئيس الرسمي لمصر وهو اللي حيخلص إسرائيل من حماس وعرب 48 بموافقتة التنازل عن قطعة من أرض سيناء …,OBJ
2156,#احمد_ادم بقى بضان فشخ مش لاقي غير #باسم يوسف,NEG
2157,الاعداد عدة ألاف على المساء ممكن توصل 200 ألف مع وصول مسيراتهم كلها,OBJ
2158,# لا صحة لما ورد عن قيام الحزب باتخاذ قرارات حيال الهيكل التنظيمي الدالخلي بخلاف ما أعلن عنه بشأن تعيين المجلس ا,OBJ
2159,مش دستورنا و دى بلدنا,OBJ
2160,"علاء الأسواني يكتب مقاله الأسبوعي بعنوان : ""ماذا نصنع في الدم؟!"">> >> نشر صباح اليوم في جريدة المصري اليوم",OBJ
2161,زمان الواحد كان نفسو يكبر عشان يشتغل و يصرف على نفسه و يتجوز دلوقتى الواحد نفسه يكبر عشان يعرف يحضر ماتش :) #الكورة_للجماهير,NEUTRAL
2162,#الاسكندرية #عدالة_جنائية قضت نيابة شرق فى القضية رقم 688 لسنة 2014 عرائض شرق بحبس محمد فراج عبد الغني علي 4 أيام,OBJ
2163,يَسّر النبي  للمرأة طريق الوصول إلى الجنة في مقابل التزامها ومحافظتها على أربع أمور▼ #يوم_المرأة_العالمي …,OBJ
2164,البوء المعفن ده انا سمعته فين قبل كدا !,NEG
2165,تمثيليات الارهاب الانقلابية لن تتوقف بعد كل مذبحة لاحرار مصر يخرج الانقلاب بتمثيلية كاذبة ولا وجود لتفجير او رصاص فى القاهرة,OBJ
2166,#ولاد_البلد #المحلة_الكبرى قطع #عشرات من أصحاب المحال التجارية بمنطقة #العباسي الجديد، بمدينة #المحلة_الكبرى طريق,OBJ
2167,اليوم هو ثاني أيام الوفد المصري الشعبي في أوغندا و دولة أوغندا يبلغ عدد سكانها 25 مليون نسمة، وتعتبر أقوى دولة,OBJ
2168,وزير الداخلية بلع مظاهرة 6أبريل بالملابس الداخلية ووقفت فى زوره تغريدتى عن تبنؤه باغتياله قبل 4أيام يا ترى ليه,OBJ
2169,اليوم اكتشفنا ان حكومة قنديل التى ذبحوها بدعوى الفشل هى الانجح فى تحقيق فائض بالميزان التجارى لمصر فى 50 عاما اعلام قذر,OBJ
2170,"دعلاء الأسواني: كيف أنصف الإمام ""محمد عبده "" المرأة ؟! أقرأ المقال كاملاً ؟! >> … …",OBJ
2171,#حازم_عبد_العظيم  يكشف لماذا تحول من صفوف #الثوار لصفوف #الانقلاب,NEG
2172,ما شاء الله على شعب مصر المظاهرات الحاشدة لم ولن تتوقف فى كل مكان الانقلاب لن يعرف الراحة ولن يجد شعبا ليحكمه,OBJ
2173,الشاب الذى توفى فى أحداث مقر جماعة الاخوان فى دمنهور كان عمرة 15 عاما بسبب الاشتبكات بين المتظاهري,OBJ
2174,#أحبك_ربي الحمد لله,POS
2175,حملة د عبد المنعم ابو الفتوح لرئاسة مصر المكتب الاعلامي بيان صحفى القاهرة 6 سبتمبر 2011 نحن ندعو لاستمرار,OBJ
2176,أ/ مجدي فريد- رئيس أحد جمعيات ذوي الاحتياجات الخاصة - : يعاني كثير من ذوي الاحتياجات الخاصة من عدم وجود فرص عمل,OBJ
2177,#حقيقة #ذكرى #جسر_عبور # - 1515,OBJ
2178,"صورة الشهيدة ""رضا رمضان ""42 سنة التي استشهدت برصاص قوات أمن الانقلاب #الفيوم #انتخبوا_",NEG
2179,والله كنت مسافر وبعدين عيان وشكلي هاغيب فترة عشان فجأة صحي مشروع فيلم مهم كنت باحلم بيه من زمان ويبدو إنه هيتحققهاغطس شهرين كده,OBJ
2180,الفلوس تشترى النفوس اصحاب الرواتب والملايين يؤيدون الانقلاب وكل البسطاء ومتوسطى الحال والشرفاء يرفضونه,OBJ
2181,ماحدش له دعوة بيا انا و جيمي اتنين اخوات بيتكلموا ماحدش له دعوة,NEUTRAL
2182,أغلى 10 #سيارات #شرطة | #فيديو #يوتيوب,OBJ
2183,وهل برايك استمرار المظاهرات هو الحل حتى لو كان على حساب اقتصاد واستقرار البلد؟ #مجلس_مهيرة,OBJ
2184,عرض الاسبوع 40 ألف متابع #شوارعنا #فن_تتقنه_النساء #ذلك_الشخص #شي_ودك_تجربه #بوح #درر #عجبني #حلو #مكه [2021821],OBJ
2185,يوسف الحسينى وتفاصيل مقابلتة بالرئيس عبر تويتر الان عن الببلاوى,OBJ
2186,#بلال_فضل مفتقد مقالاتك جدا,POS
2187,شاهد كيف كان الدعاء سلاح الفاروق عمر لإقامة دولته، في الحلقة الخامسة والعشرين من عُمر صانع حضارة,OBJ
2188,اقطع الصمت التويتري لاهنئ اخويا و شقيقي و كفاءة و كدة بلال فضل بالنص مليون فولور اسبوع و احصلك #حقد_اسود,NEUTRAL
2189,إيرلندا تحاول الكشف عن مصير 3 فتيات وأخيهم (إيرلنديين مصريين) اختطفهم بلطجية السيسي بعد مذبحة رابعة من مسجد الفتح! …,OBJ
2190,تحالف الاخوان : الانتخابات الرئاسية باطلة لان مرسي مازال رئيساً #مصر #ميدان_التحرير,NEG
2191,2050 بص يا سيدي انا ضد فض أي اعتصام بالقوة وأعلنت ده بعد الحرس الجمهوري وأيضاً غلق المحطات ولكن هذا لن يجعلني ادعم طفاسة قيادات فاشلة,NEG
2192,اووووووه نسيت !!! مفيش #برنامج #البرنامج مع #باسم_يوسف النهاردة!! :( غابت البسمة الليلة مفتقدينك يا #باسم !! #باسمون #مصر #بس_بقول,NEG
2193,علاء الأسواني يروى عن شباب الثورة: المصريين ما كانوش كفار قبل ما يحكمهم الإخوان >> المقال كاملاً >> …,OBJ
2194,دعمار علي حسن الباحث السياسي ضيف #يوسف_الحسيني الآن في #السادة_المحترمون,OBJ
2195,د أبو الفتوح : ما حدث من اقتحام واغلاق بعض القنوات قبل الانتخابات هو تكرار لما فعله أنس الفقى قبل الانتخابات,OBJ
2196,لو فاكرين حمله الــ 1000 بطانيه في عز البرد اللي فات هتفتكروا الراجل ده #مصطفي_جلال #الحريه_لطلاب_صيدله_المنصوره,OBJ
2197,"آااه، إف إف يعني فولو فرايداي! و مين ""جمعة"" ده اللي عايزنا كلنا نمشي وراه؟",OBJ
2198,حقك تتعملى كإنسانة #مش_ساكتة,NEUTRAL
2199,_: #عشان_خاطر_ماسر هات البتاعه دي  #انتخبوا_,OBJ
2200,إلا أولادي وأمهم وإلا شرفي الشخصي والمهني أنا مقتنع بالقانون الذي أصدره مجلس الشعب ولن ترهبني مثل هذه الحملات,NEUTRAL
2201,المصريون يحتفلون فى ذكري #تحرير_سيناء بالتزامن مع مقتل ثلاث اشخاص ب #القاهرة #كلمة_تقدير_لجيشنا_الوطني_الأصيل_ف_عيده,OBJ
2202,"ندوة توقيع رواية ""نادي السيارات "" بأتيليه الأسكندرية السبت 20 أبريل السابعة مساءً >> التفاصيل >> الأدمن",OBJ
2203,جواهر تغنى للسيسى بمؤتمر اتحاد الجاليات المصرية بأوروبا #السيسي,OBJ
2204,تنمية محور قناة السويس يعد مشروعا قوميا #السادة_المحترمون,POS
2205,خمس الاف متابع بـ 200 ريال #سلمان_العودة #تغريدة #اقتباس #طارق #السويدان #طارق_السويدان #أعجبني #العريفي # 262,OBJ
2206,مرفق بالمحتوى لينك للفيديو,POS
2207,_ مع ظهور عبد الله كمال,OBJ
2208,عندي خيال رهيب بخترعه وممكن أحاول أطبقه ! #إعترافات_ليلية,OBJ
2209,مفيش #باسم :(,NEG
2210,نحن لا نتعامل مع الاخوان,OBJ
2211,للتوضيح : في إطار الالتزام بالقرارات الجماعية لجبهة الإنقاذ، أعتذرت عن حضور جلسة الحوار الوطني المقررة اليوم وكنت قد تلقيت الدعوة بالأمس,OBJ
2212,فعاليات توزيع البورشور أمام المساجد و التوقيعات كانت رائعة و التجاوب كان استثنائيا سيتم رفع الصور بعد قليل,POS
2213,# نختلف مع الحكومات العربية ،لكن الحديث عن اسرائيل وكأنها جنة وسط الصحراء ، كلام تافه اسرائيل عنصرية واستعمارية وا,NEG
2214,ايه تعليقكم على فوز بعض رؤساء الجامعات السابقين بمناصبهم ثانيه فى الإنتخابات ؟,OBJ
2215,#اسكندرية : سجل وجودك بأسم منطقتك ياترى ايه المنطقه المسيطرة على البيدج :),OBJ
2216,اللي حصل في الداخليه ايام 25 #يناير :) هيطلع و اوسخ من الاول هتعود هتعترض او تقف قدام الظابط هيتمسح بكرامتك,NEG
2217,لجنة الخمسين لتعديل دستور 2012 المعطل أسماء الأعضاء والجهات التي يمثلونها,OBJ
2218,4 أناشد الجميع الابتعاد عن الاقتتال الأهلي والالتزام بالتعبير السلمي عن الرأي، لا تفرضوا لون الدماء على الميادين والشوارع المصرية، انتبهوا!,NEG
2219,المسطحات المائية بـ #دمياط تشن حملة مكبرة على بحيرة المنزلة - #البديل للتفاصيل …,OBJ
2220,حاول اعرف إسلامي من واحد زيك عامل نفسه وصي على إيمان الخلق وتكبر عليهم باسمه ونعم الخلق,NEG
2221,تفاؤلى بنجاح ثورتنا نابع من ايماني بأن ( الله لا يضيع أجر من أحسن عملا) ولا يوجد أحسن وأعظم عملا من أن يضحي الشعب,POS
2222,#الاماراتييون_يعتدون_على_سيارات_القطريين يجب ان يكون لاحرار #ساحل_عمان وقف ضد التصرفات الطائشة لـ #محمد_بن_زايد ومستشاره #دحلان,NEUTRAL
2223,سأسافر اليوم بإذن الله إلى أثيوبيا و أوغاندا ضمن وفد مصر الممثل فى وفد شعبي مع وزارة الخارجية المصرية إلى دول حوض,OBJ
2224,2 فقط جلسة ودية، موقفي من رفض الحوار مع الرئيس وجماعته وحزبه كما هو وملتزم بموقف الشارع الرافض للحوار بدون ضمانات وهو موقف جبهة الإنقاذ,NEG
2225,للمرة الاولى فى 40 عاما يأتى يوم 6 أكتوبر والجيش ليس حبيب الشعب الاغلبية بين كاره وغاضب وخائف ومندهش أو لديه ثأر,NEG
2226,الانحناء لوعى الشعب المصرى,OBJ
2227,#قصة_قصيرة جهزت ابنتها لصورة جميلة، رفعتها #انستقرام ثم عادت لتقابل #الواتساب لترسل أشجار واسماك تسجد !,OBJ
2228,2050 بقول لك كنت موجود تقول لي قنوات مبارك؟ خلاص كده مش هينفع أكمل معاك الحوار ده معذرة وربنا يهدينا جميعا للحق,NEUTRAL
2229,الاعلان الدستوري ناقص : من هو القائد الأعلي؟ما هي سلطات الرئيس في وجود خطر حال حقه في حل البرلمان وحق البرلمان في سحب الثقة من الحكومة الخ,NEG
2230,ماليزيا بوليهإخوان إخّيهمقال اليوم في الشروق وعرض لهجوم مهاتير محمد على إستخدام الشعارات الدينية في الإنتخابات,OBJ
2231,الحل السياسي يهدف للبدء في بناء الاقتصاد ولا يعني التصالح مع من تورطوا في عنف #السادة_المحترمون …,POS
2232,انتا عارف حتي تعشق حد غيرهادا انتا وانتا ويا غيرها بتفتكرها #عمرو دياب️,OBJ
2233,عاهدنا الله علي أن نجتث جذور #الإرهاب من #سيناء بلا رجعة,OBJ
2234,طبيبٌ يداوي الناس وهو عليل قصة مأخوذة من صميم الحياة المصرية إذا صح إعتبارها حياة,NEG
2235,الوقت من دونگ تباطئ ثوانيہ گن الدقايق ماتداني #بعضها ♡ #م,OBJ
2236,اللجنة التي وضعت تقرير بالمر كان يجب أن تشمل قانونيين متخصصين ومن دول محايدة,OBJ
2237,اوعى مشاكل #الزمالك تنسيك ان الاهلي انضم لبرايز و بيبع كاندوم,OBJ
2238,أخص بالشكر د محمد البلتاجى الذى المت به أزمة صحية لجهوده فى تجميع الصف الوطنى لتأسيسية الدستور وأسألكم الدعاء لرجل وطنى بحق,POS
2239,"#الوطن| ""الزراعة"" بـ #أسيوط: 15% زيادة في نسبة توريد #القمح",OBJ
2240,شاهد - آخر كلام: سميح شقير، 'هي يا سجاني',OBJ
2241,عيد فطر سعيد، أعاده الله على مصر والبشرية بالخير والحرية والعدل والتسامح,POS
2242,الانقلاب يبدأ خطواته لاقصاء المستشار هشام جنينه من عمله كرئيس الجهاز المركزي للمحاسبات بعدما كشف الوزراء والفساد,OBJ
2243,حينما تجد الفرصة لاحتضان أمك أو تقبيل يد أباك فلا تضيعها فقد يأتي عليك وقت تحتاج لاحتضانهما أو تقبيلهما ولا تجدهما,NEUTRAL
2244,الاف المصريين محجوزين في مطار جدة لعدة ايام ويشكون من سوء معاملة السلطات السعودية لماذا لم يرسل المجلس العسكري اطائرات تعيدهم الى الوطن,OBJ
2245,نخلص من #دينا_الوديدي ندخل علي #دنيا_مسعود مش عارف فيه ايه النهاردة يوم جميل ويا بختوا,OBJ
2246,"تقول ""صلي ع النبي"" و أجدعها خناقة تنفض #",POS
2247,اوعى تهدم بلدك - قصة صاحبة القصر,NEG
2248,اللى بيقول ان البلد دى بلدنا لما حد بيقوله يا خواجه بيكون سعيد جدا شوفتو احلى من كده وطنيه #لو_جنان #اتجنن,NEG
2249,فيه ناس بتبعتلي رسائل عتاب رقيقة جداً والله يا جماعة أنا ما عنديش أي نية أكون كاهن ولا ملاك وبقول للخروف يا خروف في وشه ومش هتغير,NEUTRAL
2250,اى والله :) #اسلوب_حياة,POS
2251,عمرو حمزاوي في حوار مفتوح مع بعض أسر مصر الجديدة: سأعلن مصادر تمويل حملتي الانتخابية أمام المواطنين بكل شفافية,OBJ
2252,جريدة الأسبوع المصرية | ابو الفتوح: سرعة بناء النظام السياسي قضية أمن قومي وإقالة العسكري سيحول البل,OBJ
2253,الوطن | انتبهوا وواجهوا تعقب الصحفيين | عمرو حمزاوي:,OBJ
2254,عن بث مباشر #مصر|تعرف على المدعو #محمد_فودة الذي يدعم #السيسي بمؤتمرات في محافظات بصحبة الممثلة #غادة_عبدالرازق! …,OBJ
2255,شاهد الفيديو الكامل لتعرف الإجابة وستجده عندي على التايم لاين أيام الإنتخايات الرئاسية,OBJ
2256,لقائي في سي ان ان مع كريستيانا امانبور,OBJ
2257,#حركة_الإصلاح غضب باكستان من فهد بن سلطان #ال_سعود #لمى_الروقي #مكه #مصر #الرياض #جدة …,OBJ
2258,أسقط شعب #الأرجنتين ث?ث رؤساء منتخبين في سنتين بسبب إنق?بهم علي الشرعية,OBJ
2259,#ملتقى_رجال_الاعمال_والاعلام عبر صحيفة #المواطن #اعلام,OBJ
2260,"الدكتور أبو الفتوح: ""على جثثنا و بكل دمائنا كمصريين لن نستعبد بعد اليوم، على شرط أن تذهبوا لصندوق الانتخابات",OBJ
2261,#ذات_مومنت #غرد_بصورة #من_جد,OBJ
2262,العرس ما ريدتوة ولا المكان حبيتوة بس الحليب هطأ بنهودي و ان يسألوكم مين أبوة قولو دة خدها غضب #دينا_الوديدي #مريم_صالح :)),NEG
2263,#اعترافات_ليلية احب المحلوه 😍,OBJ
2264,#كابوريا #اللبان #يوسف رجالة بمعني الكلمة بجد شباب جدعة جداا درونا #نكمل #لن_تركع_امه_قائدها_محمد,POS
2265,أمانة الجوف تنير طريقي زلوم - سكاكا وكبري لايجة #الجوف #دومة #القريات #عرعر #سكاكا #القريات #زلوم #سكاكا_الجوف,OBJ
2266,اوعي تفكر تفكيرك خط احمر #كاريوكى,NEUTRAL
2267,#اكتب_رساله_لشخص_دون_ذكر_اسمه والله لو ادري اني لي في قلبك معزه ومقدر لأجيك بنفسي لكن واثق بأن كل شيء انتهى,NEUTRAL
2268,الهيئة العليا لغد الثورة توافق بالأغلبية على الإنسحاب من التأسيسية,OBJ
2269,لهذا فهو يفضل النظام المختلط الذي يجمع بين مزايا كلا النظامين ويوزع السلطة التنفيذية بين الرئيس وبين البرلمان,OBJ
2270,في جولتي اليوم بمدينة بدر أسعدني بشدة لقاء المواطنين من عمال المصانع الذين يمثلون قاعدة عمالية حقيقية تسهم بشكل فعال في تنمية الدائرة,POS
2271,#الأعلى_للجامعات يقرر السماح لقوات الأمن بالتواجد داخل #الجامعات لتأمين الامتحانات,OBJ
2272,ودول يعتبروا أطفال؟,OBJ
2273,امارات الندامة تفرض شروطها لاستمرار دعم الانقلاب قبل اربعين سنة كانت اكبر امنية اى بدوى منهم انه يزور مصر منك لله يا سيسي,NEG
2274,طال #غيابك عني #ليه ؟؟ معقول #نسيتني و لا #ايه !!,NEUTRAL
2275,فكرك هوايا دا صغير ياللي انت ناوي تدوبني #دينا_الوديدي,NEG
2276,: #بالفيديو شاهد ماذا فعلا كلا من #هشام_عباس و #فيفي_عبده علي الهواء في #شم_النسيم علي الرابط ,OBJ
2277,"يلتقيكم اليوم د/ عمرو خالد و م/محمد مؤمن و د/جيهان رمضان مع الإعلامى معتز الدمرداش و لقاء خاص عن حملة "" إحنا شعب",OBJ
2278,المتهم بإزدراء الأديان (مع التحفظ الشديد على سبب الإتهام) ياخد حبس وكل من قتلوا الشهداء ينعموا بالبراءة عدالة عدلات,NEG
2279,لأن أقول سبحان الله والحمد لله ولا إله إلا الله والله أكبر أحبّ إليّ مما طلعت عليه الشمس #اذكر_الله #غرد_بذكر_…,POS
2280,هو مبارك شغال مستشار هو كمان ولا إيه؟,OBJ
2281,شبكه اخبار #المحله | متابعات | صورة اخرى من معرض السيارات الذى قام مجهولون باشعال النيران فى السيارات المتواجده,OBJ
2282,خطاب مرسي بداية جيدة نتمنى ان يكون ذلك بداية لتوحيد الصفوف ضد العسكر,POS
2283,تقدم ببلاغات مشابهة حمدي قنديل وجورج اسحق وعبد الجليل مصطفى طالبنا جميعا بوقف فوري للعنف وتحقيق فوري للنيابة العامة,OBJ
2284,ولا أشعر بأدنى تعاطف مع مبارك ونظامه الذي أوصل هذا الشعب إلى ما صار عليه، يستوي في ذلك الإسلاميون وغير الإسلاميين، تد,NEG
2285,"#الوفد ""البلتاجي"" و""شرارة"" يشاركان جورجيا عيدها الوطني: يحتفل الدكتور جابر البلتاجي أستاذ الغناء #الوفد",OBJ
2286,إنت فاكر إن متابعتك لأفلامي أهم من بلدي؟ في ستين ألف داهية وإوعى ترجع في كلامك قبل ما تعتذر على جهلك,NEG
2287,في مسلسل الحرب علي الإسلاميين في #مصر وزير التنمية المحلية كلام وكلام #السادة_المحترمون …,OBJ
2288,وهي الطاولة جهزت تفضلوا :) #حتوتة #عمان #وسط_البلد #7,OBJ
2289,ما معنى الاستبداد الشرقي ؟! أقرأ المقال كاملا …,OBJ
2290,قذارة الانسان تكمن فى سكوته على وساخة ماحوله من اشخاص عن #حمدين_صباحى اتحدث,NEG
2291,قبائل على بالمنطقة الغربية ممتدة لداخل العمق الليبى ومتعاطفين مع الاسلاميين ولم يايدوا #مبارك او #العسكر بعد #ثورة_يناير ويمكن ان يلعبوا دور,NEUTRAL
2292,#وزير_الداخلية محمد بن نايف ينقل تعازي خادم الحرمين وولي عهده لذوي الشهيدين #عبدالرزاق_الغامدي و #محمد_القحطاني - …,OBJ
2293,المصريون يعتقدون أن أمريكا وإسرائيل يدعمون #الإخوان #مصر_القوية …,OBJ
2294,‏ الأسواني:ان الجرائم التى يرتكبها الاخوان المسلمون تتزايد كل يوم وبالرغم من بشاعتها فهي تكشف حقيقة الاخوان التي ‏,NEG
2295,بعد تدمير الانقلاب لقرية دلجا فى المنيا دمروا وأحرقوا وسرقوا قرية العتامنة فى سوهاج انتظروا غضب الصعيد,NEG
2296,للمعلم كتاب موجز وممتع عن التعليم الالكتروني #معرض_الكتاب #معرض_الرياض_للكتاب 2020 …,NEG
2297,نحن امام انهيار لشرعية المجلس الأعلى للقوات المسلحة,NEG
2298,حول لقائي بالرئيس،المضحك في الموضوع إن عمري ماتخيلت اني أخش الاتحادية،غيرانني أقف عالسورأتظاهر #مصر # #السعودية,NEUTRAL
2299,ي قلب لا تعشق مليحاً واحدا ، تحتار فيه تدللاً و تذللاً واهوى الملاح جميعهم تلقاهم إن صد هذا كان ذلك مقبلاً *~ #بالعربي اقلب فندق ههههه,NEUTRAL
2300,مصر تقدم للعالم كل جديد أول دولة فى العالم تصنع الارهاب لتحاربه ولا مانع من اشعال فتنة طائفية لأهداف سياسية,OBJ
2301,#عنيف #ممحون #دياثه #فتح_بكارة #ممحونات #مصر #طرابلس #السودان #أسوان,OBJ
2302,مرسي فتح على نفسه فتوحة ضنك بذاته الرئاسية دي ده فيه ناس هيبقى كيفها الشتيمة بعد كده,NEG
2303,الشباب المتأثر بالفكر الوهابي يحمل نوايا طيبة لكن ليس هذا حال القيادات تاريخياتحالفت الفاشية الدينية مع مع العسكر دائماً كما يحدث الان,NEUTRAL
2304,أنا الأن بملابس الإحرام متجه من المدينة المنورة إلى مكة لأداء العمرة سأدعوا لكم أثناء الطواف من كان له حاجة,OBJ
2305,"بوابة الشروق| تأجيل لقاء بين ""#الصحة"" ولجة #إضراب_الأطباء """,OBJ
2306,اللى حصل مع محمود شعبان فى التحرير أفترا عليه لأنه ضعيف,NEG
2307,"قرار جمهوري بتعيين رئيس الجمهورية أصدق من انتخابات ""تعبيرية"" مقصور حق الترشح فيها على خمسة أفراد لنقاطع هذا العبث كفانا خداع للشعب",NEUTRAL
2308,حلقة السادة المحترمون، مع يوسف الحسيني أمس,OBJ
2309,__ وذكر ابن ظهيرة في جامعه اللطيف أنه وجد هذه العادة في ذكرى #المولد_النبوي عند أهل مكة في القرن العاشر يتوارثها الخلف عن السلف،ولم تكن,OBJ
2310,سكان القبور وحيدون ؛؛ أغلقت صحفهم وبدأ حسابهم، فلندعوا لهم بقدر حبنا لهم وبقدر ما تفطرت قلوبنا حزناً على فراقهم، #اللهم إرحمهم و أغفر لهم,OBJ
2311,انا #الأسد انا شجرة كبير مادة جدورها فـ الأرض شايلة ناس كتير اوي ~ بس انا اللي هشيل نفسي، انا هوصل للي فـ دماغي,NEUTRAL
2312,للوضوح في لحظة تغيير وخطر تمر بها مصر، منذ ٣٠ يونيو لم أشارك في لقاءات سياسية أو حزبية، دوري الآن هو العمل لعصمة الدم ولوقف العنف وللمصالحة,OBJ
2313,تم اعتقال هاني حبيب (روني) اليوم عندما توجه إلى محكمة عابدين ليسأل عن ميعاد جلسته #رجعوا_المعتقلين …,OBJ
2314,الخرطوش مع مين !!! بتسأل بجد !!,OBJ
2315,يعني ايه بتسرش ؟!,OBJ
2316,تم بيع #مصر #السيسي #رابعة_العدوية,OBJ
2317,#اللهم يا مجيب الدعاء يا مغيث المستغيثين يا راحم الضعفاء أجب دعوتنا وعجل بقضاء حاجاتنا يا أرحم الراحمين,POS
2318,يا #فلول يا ولا المره تفويضكوم جابنا لوره #مكملين #مرسى_رئيسى,NEUTRAL
2319,#الداخلية_بلطجية #تعذيب المهندسة داليا رضوان تم الاعتداء عليها بالضرب الخميس الماضي في أحد الكمائن بالعجمي وتم,NEG
2320,هل هناك أي تصريح على لسان الإخوان قالوا فيه أي إنتقاد للجماعات اللي بتثير العنف في سيناء؟ لو فيه حد يبعتهولي أرجوكم,OBJ
2321,موقف حزب المصريين الأحرار من مبدأ الدستور أولا والمواد الفوق دستورية,OBJ
2322,زنزانه 4 عنبر (أ) سجن الحضرة بقلم دعمرو عاطف واحنا لسه تافهيين #أنا_مش_رقم,OBJ
2323,#شيء_سمعت_عنه_بس_ما_شفته #متى_تفقد_المرأه_برستيجها #نظام_الهوامير #علمتني_الحياة خمس الاف متابع حقيقي 51,OBJ
2324,انتصار مرحلى للسلطوية العربية #عمرو_حمزاوي #مصر #ليبيا #الجزائر #السعودية #اليمن #العراق,OBJ
2325,أبوالفتوح: التمويل الأجنبى مرفوض ومسئولية (العسكرى) التصدى له - بوابة الشروق,OBJ
2326,الاغنية اللي كاتبها عمر طاهر ف البوم #السكة_شمال #كاريوكي اسمها ايه؟؟,OBJ
2327,اقترب منى رجل ملتح وعرف نفسه بانه استاذ في كلية العلوم ثم أشار الى زميل له يقف معه وقال نحن من الشيعة فقلت له مصر القادمة سوف تتسع للجميع,OBJ
2328,فاتورة فودافون الشهر ده أوووووووووفر!!!!! ايه ده؟ ده أنا لو فاتح خطي على الصين ما تجييش نص المبلغ ده طب مش دافع!,NEG
2329,لعل من حكمة الله اعتقال قيادات #الإخوان الان قبل ان تتسع ثورة #مصر ويتصاعد غضبها ليطهر البلد من كل خائنساعتها لن يقال ال…,NEUTRAL
2330,"الوطن | نحو ""أجورا"" مصرية | عمرو حمزاوي",OBJ
2331,وزير الصحة المكلف: لا تأجيل للدراسة #خبر_عاجل #السعودية #تأجيل_الدراسة #خطر_فيروس_كورونا #وزير_الصحة,OBJ
2332,يا صاحب السمو إذا تحول #النائب_العام إلى خائن عام وأمن الدولة لمصنع للكذب فلا نتكلم عن دولة مؤسسات بل شلة عصابات والمستندات موجودة سموك,NEG
2333,حواري مع روسيا اليوم,OBJ
2334,أغلب مذيعي قنوات العار تحولوا الى اجهزة تسجيل لاذاعة الاخبار والاراء والتعليمات التى يتلقوها من الانقلاب موديلات,NEG
2335,#قطر #الدوحة # #حمد #تميم #الرياض #دبي #الامارات # #ابوظبي خمس الاف متابع بـ 200 ريال 830,OBJ
2336,وفاة 18 بحادثي سير في مصر #مصر #اسيوط #حادث_سير,OBJ
2337,7 #1فاضي #صباح_الخير #بعد_منتصف_الليل #غرد_بذكر_الله #صور_كنك_بنت,OBJ
2338,عرض الاسبوع 40 ألف متابع #شوارعنا #فن_تتقنه_النساء #ذلك_الشخص #شي_ودك_تجربه #بوح #درر #عجبني #حلو #مكه [2029361],OBJ
2339,#على_الحجار الليلة مع #محمود_سعد :) 8:00 مساءً على #النهار,OBJ
2340,الرسالة رقم 3 من الجزء الاول لكتاب رسائل سجين سياسى الى حبيبته,OBJ
2341,مرسي يقيل طنطاوي طنطاوي يعمل انقلاب مرسي يحبسه طنطاوي يبعت دبابتين للقصر وبكري يحكي اللي ورا الكواليس وصفوت حجازي يشوف مين يكسب ويبوس ايده,OBJ
2342,حوار بين شاب ثوري ومواطن محبط  مقال بقلم دعــلاء الأسـوانـى ينشر صباح غد الثلاثاء في جريدة المصري اليوم >>,OBJ
2343,#جبهة النصرة اقتحام كتيبة 74جانب تل الجابية و مقتل أكثر من 70 من جنود الاسد 26 04 2014 قاسي جدا +18,OBJ
2344,د عبد المنعم أبو الفتوح فى العاشرة مساء 12 07 2011,OBJ
2345,# #نافذة_مصر | #الاسكندرية : لن يضيع حق ورائه مطالب لن تضيع دماء الشهداء ~ ولا #2011,OBJ
2346,شبكة العملاق | رصد| ما تعليقك على قضاء محكمة جنايات #المنيا بالإعدام على #25 #11 #,OBJ
2347,#ماذا_اعطاك_الوهاب_ الحمد لله انه الوهاب و ليست الهبات في يد البشر,POS
2348,منع السفر لدورة الفرانكوفون وفلوس البعثة لدعم مصر عندما لايعرف وزير الرياضة قيمة الرياضة,OBJ
2349,وجاء مرسي وخطب في الناس بدون حماية ،منظر رائع، شئ يدعو للفخر،ثم ظهر صفوت حجازي اللعنة,NEUTRAL
2350,برومو البرنامج الموسم الثاني,OBJ
2351,#في_عالم_موازي لو حبيت حد هيحبك و مش هيوجع قلبك,OBJ
2352,شباب الحملة ناشط في كل محافظة من أجل مصر المستقبل بارك الله فيكم معاً سنغير,POS
2353,لا تسمع للكارهين فهم يستحقون الشفقة انت لم تخطئ في التقدير تقريباً منذ 25 يناير لك كل الاحترام و التقدير ويشر…,NEUTRAL
2354,#عادل_الفقيه_وزير_الصحه_والعمل #فيفي_عبده_الام_المثالية,OBJ
2355,القسام أعلنت رسميًا إسقاط طائرة أباتشي في شمال #غزة | #,OBJ
2356,عرض الاسبوع 36 ألف متابع #وش_أكثر_شي_يسهرك #صيام_الإثنين #خد_موقف_من #صلاة_الوتر #فى_تويتر_تلاقى #الدمام [871791],OBJ
2357,مقال رائع لخالد منتصر,POS
2358,أموي #سوريا • #جبهة ثوار سوريا_ القطاع الجنوبي 27_4_2014 بعض الـْـْغنائم التي حصل عليها الثوار بعد تحرير تل …,OBJ
2359,2014 بوسطن,OBJ
2360,بلدنا مش عايزانا وبتدينا على قفانا #السكة_شمال,NEG
2361,"#التحرير | بالصور 4 بوسترات رسمية لفيلم ""سلاحف النينجا"" الصفحة الرسمية لموقع فيلم بطرح أربعة بوسترات …",OBJ
2362,١بعد ما فيديو عكاشة طلع الان اقدر اقولكم كواليس الموضوع منعا لاي اشاعاتاولا:كل ما يشاع اني عرضت مبالغ و شيك على بياض كلام فارغ لسبب بسيط,OBJ
2363,اجتماع فريق محافظة القاهرة لحمله دعم دعبد المنعم أبو الفتوح  7:00 10:00,OBJ
2364,"لا يترك مناسبة الا و يرفع شعار #رابعة انه الاسد #أردوغان #مصر #تركيا """"",POS
2365,"بوابة الشروق| بالصور أفضل 27 لقطة مضحكة في حفل توزيع #الأوسكار # """,OBJ
2366,تعيش مرتاح في الدونيا تاكل كزم في الاخره #عادل _امام ^^,OBJ
2367,فن مكافحة الغائط!,OBJ
2368,#اكتب_عبارة_على_باب_قلبك اركد الله يهديك : \,OBJ
2369,شاهد - آخر كلام: ضرب البنات و احتجازهن في الاتحادية #,OBJ
2370,#جمال #خيال #حقيقه #جميل #درر #حكم #أعجبني #حكمه #بقلمي #شوق #بوح #شعر #قصيد #رتويت خمس الاف متابع بـ 200 ريال 174,OBJ
2371,افضل لاعبي الدوري الانجليزي في سنة : ٢٠٠٩ #رونالدو في الصيف الذي يليه انتقل الى الريال ٢٠١٣ #بيل في الصيف الذي,NEG
2372,دأبو الفتوح : مدير كل مستشفى ومدرسة ومكتية ومؤسسة يجب أن يدرك ان الخدمة التى يقدمها للمواطني يجب أن يسهل حصول,OBJ
2373,الإخوان جماعة إرهابية وهم من قتلوا ابني,NEG
2374,اول مرة أشوف مناظرة بدون مقاطعة ولا صراخ وكل طرف واخد وقته في الكلام،أحيي #يوسف_الحسيني لإدارة الحوار بهذا الرقي,POS
2375,#اتجوزها_لو راحت ستب او مويك # #__,OBJ
2376,ﻭﺍﻗﻮلك ﺍﻳﻪ ﻃﺮﻳﻖ ﺍﻟﻜﺮﻩ ﺍﺧﺮﺗﻪ ﺍﻳـﻪ ﻭﻫﻲ ﻗﻠﻮﺑﻨﺎ ﻣﺎﺗﺖ ﻟﻴﻪ ﻟﻔﻴﻦ ﻫﻨﺮﻭﺡ ﻣﺎ ﺑﻴﻨﺎ ﺷـﻴﻄﺎﻥ ﺍﻣﻠﻨﺎ ﻳﺎﻭﻃﻦ ﺧﻠﺼﺎﻥ ﻣﺤﺪﺵ ﻓﻴﻨﺎ ﻣﺶ ﺧﺴﺮﺍﻥ ﻭﻻ ﻣﺠﺮﻭﺡ #ﺣﻤﺰﺓ_ﻧﻤﺮﺓ,NEUTRAL
2377,أسف يا ريس،رغم إنتمائي للأخوان إلا أنني إبن ثورة الحرية لذلك ارفض السلطات المطلقة للرئيس مهما كانت السبب وأي كانت المدة,NEG
2378,أصابع خارجية وراء خسارة مصر في قطر,NEG
2379,الولايات المتحدة تسعى لوضع استراتيجيات جديدة بشأن الشرق الأوسط #السادة_المحترمون,OBJ
2380,تجيب أ/ وفاء عسيري على اسئلتكم واستفسارتكم على الهاتف المجاني8002494444 وتويتر وزارة الصحة حول التحرش الجنسي للأطفال #احمني_من_التحرش #تحرش,OBJ
2381,إنجاز الثورة الأعظم أنها فرضت الشعب طرف في معادلة الحياة في مصر بعد ماكان غايب عنها آلاف السنينوإشاعة اليأس سبيلهم لسرقة هذا الإنجاز,NEUTRAL
2382,محدش بينجرح اوى غير لما يتفشخ اوى يا عبيد #باسم_طلع_حرامى عشان كدة عاملين #يلا_نحفل_علي_احمد_ادم ههههههههههه هو #احمد_ادم بيوجع اوى كدة *_*,NEUTRAL
2383,مدير مركز الكرامة لحقوق الإنسان: #الأمم_المتحدة اعتمدت مقتل 985 شخصاً في فضّ اعتصام #رابعة_العدوية #مصر #العرب,OBJ
2384,#النائب_العام يستدعي #ياسر_برهامي للتحقيق في #ازدراء_المسيحية …,OBJ
2385,ان لجنة الانتخابات الرئاسية تحذو حذو المجلس العسكرى تماماً شبراً بشبر، وذراعاً بذراع,OBJ
2386,أتوقف بحكم محكمة,OBJ
2387,على بالي ولا انت داري باللي جرالي والليالي سنين طويلة سبتهالي يا انشغالي بكل كلمة قلتهالي #شيرين,OBJ
2388,#اخطر_انواع_النساء الخارجيات الحروريات اللاتي تجردن من الخُلق والإنسانية والأنوثة,NEG
2389,بيع متابعين #السعودية #الكويت #برشلونة #النصر #الهلال #الإتحاد #الإمارات #الرياض #الدمام #بوح #عمان #دبي #جدة 009,OBJ
2390,#فيلم_نفسك_تعيش_قصته #___,NEG
2391,الحكومة تفرض 1 % رسوم على الدواء وغذاء الاطفال #شاهد التفاصيل من هنا:,OBJ
2392,خطاب مرسي اليوم نسخة مكررة من خطابات مبارك الانفصال عن الواقع والشعارات الفارغة ومحاولة تجميل التزوير والديكتاتورية هل يصدق مرسي ما يقوله,NEG
2393,دعمرو حمزاوي علي قناة أون تي في:- مجلس الشعب هو الجهة الوحيدة التي تملك شرعية صندوق الانتخابات,OBJ
2394,#قضايا و #ملفات : #أطباء #الكبد: الإصابة بــ #فيروس_سى فى #مصر بلغت 200 ألف حالة سنوياً 80% منها تحدث من #المستشفيات,NEG
2395,كنت تأجل وتيجي منك بجميلة وتعمل فيها قعر مجلس وكبير العائلة بس هتقول إيه الغباء السياسي صنعة,NEG
2396,الوطن | الدستور الهندسة غير الديمقراطية للسلطات العامة ونظام الحكم (18) | عمرو حمزاوي:,OBJ
2397,#مصر_القوية |10-لقد حذرنا في حزب مصر القوية ولا زلنا نحذر من خطورة تحول سلطات الدولة إلى مجرد سند لسلطة عسكرية لا تفهم الس…,NEG
2398,الحقوا عكاشه تدخل والبطة اعترفت قبضت من الشاطر,OBJ
2399,يسعدنى ان تشاركنا برايك في الخطوط العريضة للبرنامج,POS
2400,البيان الصحفى ليوم الاثنين 28 نوفمبر2011 حملة عمرو حمزاوى تتقدم ببلاغ ضد الانتهاكات باللجان الانتخابية,OBJ
2401,الأسواني: كيف لمؤمنين يحرصون على الصلاة والصيام والا يفعلوا شيئا حراما او حتى مكروها أن يتحولوا الى جلادين؟! >>,OBJ
2402,2 الغطاء السياسي والدبلوماسي الأمريكي لإسرائيل قائم كالعادة، لا فرق بين رئيس جمهوري أو ديمقراطي، ولا بين رئيس في فترته الأولى أو الثانية,OBJ
2403,بيان صحفى ليوم الآثنين 14 نوفمبر 2011بخصوص تأجيل ندوة حمزاوى بعزبة المسلمين,OBJ
2404,الأميرخالد الفيصل #وزير_التعليم يوجه بوضع خطة عمل للوقاية والتوعية بمرض #فيروس_كورونا #اعتقال #حسم,OBJ
2405,"الغاء فترة ""القرون"" الوسطى من كتب التاريخ",OBJ
2406,ارفض البذاءات التى يبثها الشيخ محمود شعبان ضد الثورة لكنى ارفض ما حدث له في ميدان التحرير من إهانات واستهزاء بكرامته الثورة نموذج أخلاقي,NEUTRAL
2407,#اعترافات_الطفولة استغفر الله العظيم كانت تراودني تساؤلات تكفيرية,OBJ
2408,غطي الورق غطي بالدمع يا عنيا #كايروكي #,OBJ
2409,مجلس الشعب: أنا عضو في لجنتي حقوق الإنسان والشئون الدستورية ولم أترشح لا على رئاسة أو وكالة أي من اللجنتين ولم أصوت في انتخابات اللجنتين,OBJ
2410,ومازال القمع مستمراً بالقانون وبالقوة ! ولكن لا ننسى أن الظلم والتعذيب من محركات الثورة ولتحذروا موجة الغضب,OBJ
2411,# #_ #أنا_رسام #تويت_برسمة_انت_راسمها,OBJ
2412,قضايا العشوائيات مرتبطة بالتعليم والصحة وحياة من يعيشون فيها #السادة_المحترمون,OBJ
2413,ايه يا جدعاان؟! فى ايه ع #اتوستراد #المعادى ؟!!!,OBJ
2414,تونس : حلقة واحد من اربعة,OBJ
2415,"11 ""افتتاح الملتقى الأول لصناع الحياة""",OBJ
2416,خمس الاف متابع بـ 200 ريال #سلمان_العودة #تغريدة #اقتباس #طارق #السويدان #طارق_السويدان #أعجبني #العريفي # 437,OBJ
2417,1981 نرجو منك التواصل مع منسق لجنة المتطوعين 0111650008,OBJ
2418,ما حدث في مصر عكس ما يقوله الكثير هو دليل على الوعي الديموقراطي لدى الشعب مرسي كان جاي بشروط وأول ما هو غيرها الشعب غيره,NEUTRAL
2419,أحمد الله العلى القدير على ما شاء وقدر، واشكره سبحانه شكراً جزيلاً على تقديره نجاتى,POS
2420,أنا ماشي ياشباب كان نفسي أنزل لكم الترجمة الفورية للخطبة الرئاسية ورسومات المبدع عمرو سليم بس ممكن تشوفوها في الينك ده,OBJ
2421,شكرا جزيلا على الترجمة وتحياتي للأستاذة نادين،هو بس في آخر فقرة اللي قايل المقولة شاعر العامية ابن عروس وليس عمرو ابن العاص,NEG
2422,القضاء الإداري يقرر إعادة جمال عبد الرحيم لمنصبه كرئيس تحرير لصحيفة الجمهورية,OBJ
2423,أسلوب النعامة في النقاش غير إنه غبي هو أسلوب حيواني في الأساس داروين كان هيهيص معانا اليومين دول,NEG
2424,لم يُقتل أحد,OBJ
2425,"لو عندك حد مفقود في أحداث الثورة ضد الإنقلاب سجل بياناته هنا """,OBJ
2426,صور كواليس تصوير الحلقة الثالثة عشر من الموسم الثاني للبرنامج,OBJ
2427,#أردوغان و #تميم زعماء بكل ما تحمل الكلمة من معنى #كلنا_قطر,OBJ
2428,اللهم إني أسألك الجنة وما قرب إليها من قول أو عمل وأعوذ بك من النار وما قرب إليها من قول أو عمل #الضحى #الوتر #اذكر_الله,OBJ
2429,مصطفى جلال كاتب علر جدار زنزانه امن الدوله للذكرى الخالده مصطفى جلال صيدلة المنصوره 2014 #عبث #الحريه_لطلاب_صيدله_المن…,OBJ
2430,يا أيها المغيبون,NEG
2431,#الجيزة #مصر_مش_تكيه الفاعلية الثالثه لاحرار اكتوبر امام سنترال الحى السادس,NEUTRAL
2432,#خد_موقف_من الحزن وفرح نفسك عشان الدنيا مش مستاهله,OBJ
2433,اليوم مرت ٣ أسابيع على مذبحة #رابعة و النهضة التي تشبه في بشاعتها مذابح صابرا و شاتيلا و سربرنتسيا و ١١سبتمبر لا يفعلها إ…,NEG
2434,_ الدكتور يعني بالمجتمع المدني نقابات وجمعيات يتحرك المواطن من خلالها تكون لديها القدرة على الحشد ضد أى استبداد,OBJ
2435,فوثق اللهم رابطتها وأدم ودها وأهدها سبلها وأمﻷها بنورك الذي لا يخبوا وأشرح صدورها بفيض الإيمان بك وجميل التوكل عليك #ورد_الرابطة,OBJ
2436,الكتاب الأسود للتساؤلات,OBJ
2437,#مصر #مرسي #رابعة #مكملين #انتخبوا_ محاضرة فى السعودية لتعليم العبودية باسم الدين وفى آخرها سحب على آيباد !!! …,NEUTRAL
2438,دام الملتقى الإعلامي برعاية رئيس الحكومه !! لا بالله خوش اعلامك كله مأجور #ارحل ارحل ياجابر !!,OBJ
2439,"مستشار قانوني ومحامي 0538755527 ""خبراء في الأنظمة والمحاماة"" #محاماة #مستشار #قانون #زواج #قضايا #محامي #الرياض #قضية #رقم #ريتويت ٨",OBJ
2440,#نجيب_ساويرس يتحكم ف النادي الاهلي! احمد سعيد رئيس حزب #ساويرس اصبح نائب رئيس #الاهلي بدل من محمد عبد الوهاب صاحب التاريخ الكبير!,NEG
2441,المستشار أشرف رزق المحامي العام لنيابة الأموال العامة العليا يطلب إنهاء انتدابه بالنيابة والعودة إلى منصة القضاء,OBJ
2442,5مسئولية رئيس الجمهورية وحكومته السياسية والتنفيذية هي حماية المدنيين وضمان حق التظاهر وضمان إتباع الشرطة لقواعد اشتباك تبتعد عن الانتهاكات,OBJ
2443,انصح المصرية للاتصالات ببيع حصة #فودافون عبر #البورصة,OBJ
2444,"شاهدوا حلقة جديدة من برنامج ""بسمة أمل"" مع قصة واقعية بعنوان ""واحد قهوة على الحساب !!!"" هكذا تكون الإنسانية",OBJ
2445,الشمس لا تنتظر استيقاظك لتمنحك النور ولا الزهر ينتظر اقترابك ليمنحك العطر كن مثلهما وبادر بخدمة من حولك,NEUTRAL
2446,واما اسالك بتحبني وتقولي ااااه مبقتش قادر اصدقك و بقيت اخاف هو احنا مالنا و ايه جرالنا و ليه كته 3 3 #عمرو_دياب,OBJ
2447,د نادية العوضي مثال الابنة و الأخت و الأم المصرية فقدت اليوم والدها العزيز إنا لله و إنا إليه راجعون,OBJ
2448,#ابراهيم_محلب العدالة الاجتماعية في مصر لم ولن تولد مادمتم تخشون اقتراب القوانين من المساس براحة وساعده وفساد مصالح الأغنياء,OBJ
2449,|+ *!! #محارم_نيك #سحاقيات #خنيث #بكارة #زواج #دلوعة #دمشق #سوهاج,OBJ
2450,طول ما بيشتمك ككاتب الحمقى اللي فاهمين إن مرسي صح والحمقى اللي فاهمين مبارك كان صح والحمقى اللي فاهمين الحل في القمع والعنف فأنت أقرب للحق,NEUTRAL
2451,اجمع ٣ اعلانات دستوريه واحصل علي طائر النهضه مجانا ٠٠ هذا العرض ساري حتي ١٥ديسمبر,NEG
2452,بعض الناس سيرفضون اى تصرف من الرئيس مرسي حتى لو كان صائبا خصومتنا السياسية اذا تحولت لعداوة تعمينا سأساند الحق كما اراه حتى ولو كنت وحدي,NEUTRAL
2453,دهاني سري الدين والفنان محمود العسيلي ضيفا #يوسف_الحسيني الليلة في #السادة_المحترمون,OBJ
2454,مجلس الشعب 21 فبراير 1: أضفنا إلى بيان سوريا مطالبة الحكومة بسحب دائم للسفير وبتجميد كافة أشكال التعاون من نظام الأسد لجرائمه ضد الانسانية,OBJ
2455,مؤثر-جداً-وفاة-طفل-بـ-6-ابتدائى-داخل-المعتقل يا #دولة_الظلم #دولة_القهر براءة,OBJ
2456,الفضل يعود اليوم لله ثم لشباب مصر الطاهر وشعبها الحي في ربوع مصر الذي أبهر العالم بسلميته وإصراره علي إستكمال ثورته,NEG
2457,10 يمكنكم الاطلاع على منطلقات البرنامج من خلال وسيتم اعلان تفاصيل البرنامج بعد فتح باب الترشيح بشكل رسمى,OBJ
2458,#رويترز : البدوى يفوز برئاسة الوفد بعد منافسة بدراوى,OBJ
2459,القبض على الإخواني أسامة ياسين واعترافات خطيرة بالفرقة 95 إخوان #السادة_المحترمون …,OBJ
2460,ألف مبروك,POS
2461,بيقولك #صباحى نفى تصريحاته عن محاكمة #السيسى و قال عنه إنه بطل شعبى -عندة اننفصام فى شخصية الحزين ده والله !,NEUTRAL
2462,خراب وطن عند قوم فوائد - باسم يوسف :: بوابة الشروق :: نسخة الموبايل ::,OBJ
2463,والعسكر سيطر ظلم اتجبر للشر حضر ع الحدود زي الفراخ وع الحريم يتشطر #عسكر_كاذبون,NEG
2464,#دعوه_للتفاؤل الحياة بتفاؤل و امل,POS
2465,#التحرير | #خالد_بيومي يكتب: دعم المستشفى الحكومى والمهندس #إبراهيم_محلب,OBJ
2466,#سر_مش_مكسوف_منه انا كشاب مصرى عنده 26سنه عمرى ما حسيت بشعور الوطنيه وانتمائى لبلدى غير سنه 2011 بسبب 25 يناير لانى حسيت انها هتكون بلدى,NEUTRAL
2467,فلتذهبوا الى الجحيم #الحرس_الجامعي,NEG
2468,صوره معبره جدا جدا جدا #السيسي_رئيسي_2014,NEG
2469,أمين شرطة يتحرش يراكبة اجنبية بالمطار وزملاؤه يعتصمون اعتراضا على نقله | #مرار_طافح …,NEG
2470,إعلان الدم الدستورى بمجرد أن انتهت قوات الجيش والشرطة من مذبحة الحرس الجمهورى,NEG
2471,انتشار الجيش المصرى فى شوارع وميادين القاهرة لم يحدث فى سيناء قبل نكسة 1967 جيش لم يعرف الحرب فى 40 عاما استعد خلالها ليخوض حربا ضد شعبه,OBJ
2472,لمن هذا القانون؟! هل قريبا ستبيعون مصر ونصبح نحن مأجورون في بلادنا؟! وربما نحتاج ( كفيل) #عدلي_منصور #محلب,NEG
2473,"ما هى ""أخْوَنة"" الدولة؟ ولماذا نخشاها؟ - زياد بهاء الدين - بوابة الشروق مقالة رائعة جديرة بالتعمق فيها",OBJ
2474,_: #أن_بي_أس_الإماراتيه تقوم ببث دعاء #سلامتك_يا_خليفة اداء ابراهيم عبيدلي بعد كل اذان #_,OBJ
2475,يمكنكم متابعة البث الحي لـ عبر #,OBJ
2476,"نحن بحاجة إلى وسطية في المعاملات واعتدال في المواقف و الا تعرضنا لعوامل هدم المجتمعات الكبرى"" #مصر #تونس #لبنان #الإمارات #فلسطين",NEUTRAL
2477,#أنتخبوا_ سؤال فقيق : أنتخابات الرئاسة القادمة بين السيسي وصباحي عبارة عن تمثيلية؟ لأ دى مسرحية بطولة أتنين واحد #هاشتاج والتاني #مشتاج,NEG
2478,هي قضيةالسجين ممدوح علي الطلوحي العنزي ٨ سنوات خلف القضبان ساعدونا في نشره جزاكم الله خير #لمى_ا…,OBJ
2479,شكرًا تويتر !,POS
2480,الماظة:لابد من معايرة العدادات وتوحيد التعريفة لكل القاطنين،التقديرات الجزافية ظلم ولابد أن تتوقف,NEG
2481,#اكتب_عبارة_على_باب_قلبك ما بقى للحب في قلبي مكان ✋,OBJ
2482,الغريب في #يوسف_الحسيني انه بينتقد #ياسر_برهامي و هو اكبر برهامي انا شفته في حياتي #مصر,NEG
2483,العباسية: حماية المعتصمين وتأمينهم واجب الدولة وسلطاتها لا يمكن الصمت على قتل المصريين!,OBJ
2484,الأسواني: أتوجه الى أصدقائى في جبهة الانقاذ بسؤال واحد:هل نريد الدولة الديمقراطية التى قامت من أجلها الثورة أم نريد,NEUTRAL
2485,#رويترز زعماء مجموعة السبع يتفقون على فرض عقوبات جديدة على روسيا بسبب أزمة أوكرانيا # #,OBJ
2486,"11 ""اجتماع اللجنة الإعلامية 18-05-2011""",OBJ
2487,لما حد يوحشك اوي #ادعيله,OBJ
2488,#كلمتين_وبس مابقى تزعلنى,OBJ
2489,فيلم الشتا اللي فات نزل الخليج :),OBJ
2490,تمت تسميتى ضمن قائمة تايم 100 لعام 2013 للقائمة الكاملة زوروا موقع مجلة,OBJ
2491,لم يبدأ حتى الان اللقاء احيانا بيرد د عبد المنعم بشخصه وفي اوقات اخري واثناء اللقاءات التلفزوينية تقوم الحملة بادارة الصفحة,OBJ
2492,أحنا عمرنا ما أختارنا رئيس يعنى أحنا ما أخترناش #الملك_فاروق ولا #محمد_نجيب ولا #عبد_الناصر ولا #السادات ولا #مبارك …,OBJ
2493,صلاح جاهين وفؤاد حداد في بروجرام واحد متع روحك ونضفها من خطابات اللجلجةتصبحوا على خير,OBJ
2494,لاتعلق سعادتگ بأحد لانهم سيرحلون ويغيبون بسبب وبدوون لذا تعلق بالله لان البقاء له #بصـراحـه,OBJ
2495,مشاهد مؤلمة لاستمرار الجيش المصري في تفجير منازل اهالي رفح شمال #سيناء #حسبنا الله ونعم الوكيل,NEG
2496,فى ضوء تضارب الأنباء أين بيان المجلس العسكرى عن حقيقة ومسؤلية ما حدث ويحدث فى سيناء وعلى حدودنا والإجراءات الجارى إتخاذها لمواجهة الموقف ؟,OBJ
2497,شاهد - القضية واحد واحد واحد صفر في آخر كلام #,NEG
2498,شعب #موزمبيق غرق في السيول لمرتين ولم يجرؤ أحد من ذوو المفقودين على صفع أي مسئول ولازال المسئولون في مناصبهم2013,OBJ
2499,عشرون ملاحظة على مشروع الدستور للقاضي أحمد عطية أبو شوشة - تستحق القراءة,OBJ
2500,مازالت أمامنا فرصة لإثبات فقدان هذا المجلس للشرعية: العمل من أجل استقالة نواب المعارضة والمستقلين مصداقيتنا في أفعالنا,NEUTRAL
2501,سم حقوق الانسان أمام خامنئي #المغرب #الجزيرة # #الخبر #ليبيا # #الأردن # #دمشق #الخليج #الإمارات,OBJ
2502,17 فلما أخل بالثقة، ألزمت الدستورية في 2012 البرلمان بتعديل سريع قبل الانتخابات القادمة في 2013 وقرعت الأحزاب على تغليب المصالح على الدستور,OBJ
2503,طالعت اللجنة التحضيرية في #حزب_مصر القوية ما تردد في الصحف عن تحالفات قيل أن الحزب ينوى عقدها مع أحزاب وتيارات وطنية أخرى,OBJ
2504,"الفراشة رغم جمالها فهي ""حشرة "" والصبار رغم قسوته فهو ""زهرة"" لا تحكم علي الناس من أشكالهم بل أحكم عليهم بما تحتويه قلوبهم",NEUTRAL
2505,كيف ترجو النهضة والتقدم من شخص يعتقد أن المنحلة أخلاقيا تضع اللولب في جيبها؟,NEG
2506,سامع صوت الجماهير طالع ينادي بالتغيير عيش وكرامة وإنسانية ورزق دايم للفقير #فابريكا #برنامج_البرنامج #سامع_صوت_الجماهير,OBJ
2507,#صورة_اليوم السترة الواقية من الرصاص الى استلمتها #نقابة_الصحفيين من الجيش #الصحفي_العسكري,OBJ
2508,اجمل ما عندي #كايروكي,OBJ
2509,أحد ضحايا عنف الإخوان المسلمين المؤيد للفريق السيسي #السادة_المحترمون,NEUTRAL
2510,#يانبى سلام عليك #ماهر زين,NEG
2511,"بوابة الشروق| العشرات يشاركون فى تظاهرة ""#تمرد"" الإلكترونية على صفحة ""#المشير"" #مصر # #",OBJ
2512,حادث كنيسة الوراق الخسيس لن ينجح فى التفريق بين #كلام_و_كلام #يوسف_الحسيني #السادة_المحترمون …,OBJ
2513,الأسواني:لماذا تصر الولايات المتحدة على استمرارها في دعم مرسي للنهاية رغم قتله للمصريين وقمعه للتظاهرات,NEG
2514,خمس الاف متابع بـ 200 ريال #سلمان_العودة #تغريدة #اقتباس #طارق #السويدان #طارق_السويدان #أعجبني #العريفي # 411,OBJ
2515,ألف صورة لألف شهيد من شهداء مجازر #رابعة و #النهضة و #رمسيس و #الدقي … # وبيقولك #تحيا_ماسر,OBJ
2516,( القبائل العربية وحداوية ) #محمد_رمضان,OBJ
2517,وصول الدكتور عبد المنعم أبو الفتوح وسط فوج من أحبائه من أهالي المنطقة و وسط موجه تصفيق,OBJ
2518,#الوطن | محمد منصر لاعب #الصفاقسي ينفي خلافه مع أمير سعيود #اخبار_رياضية #,OBJ
2519,كانت فين الروح الحلوة دي أيام زمان نص مليون فرق في الفولورز فعلا بيغيروا الإنسان متشكرين يا مبهج الجماهير,POS
2520,علاء الأسواني يروى عن شباب الثورة: إذا لم نعرف من أين ينفق الإخوان والسلفيون فلا شرعية لأى انتخابات >>,NEG
2521,#خلق_جميل الاحسان الى الجار,POS
2522,تواصلت اليوم مع الآلاف ممن طلبوا المشاركة في الحملة الرئاسية راهنت على الشباب لإسقاط النظام والان نبدء جميعا بناء مصر من جديد,OBJ
2523,اتهام ذوات الأشخاص أو نواياهم و دوافعهم لا يثبت شيئا ناقش الفكرة لا الشخص,OBJ
2524,#ذات_مومنت لما أشوف صوري وانا صغير واللبس اللي كانو بيلبسوني,OBJ
2525,امتا يجى اليوم الى اشوف فيه #هاشتاج باسمى ^_^,OBJ
2526,#البوابة_نيوز: #الخرباوي لتحالف دعم #الشرعية: طمس الله على بصيرتكم,OBJ
2527,بعد ذهابي للقصر العيني القديم ومعرفة أن حالات الإصابة تقريبا 30، 8 إصابات بأعيرة نارية، عدت لقسم قصر النيل وتقدمت ببلاغ ضد المجلس العسكري,OBJ
2528,#الملعب | رئيس نادي #دمنهور:فريق الكرة بالنادي يعتمد على مجموعة من #2_ #,OBJ
2529,#مرسى والسبابة الهائجة!,OBJ
2530,من أكبر أخطاء ناصر إعدام سيد قطب الفكر يتم مواجهته بالفكر، لا بالإعدام قتل صاحب الفكرة من أجل فكرته، يزيد هذه الفكرة ان,NEG
2531,الأسواني يتسائل: هل يستطيع أحد أن يوقف المستقبل ؟! >> أقرأ المقال كاملاً >>,OBJ
2532,"#الشعب_السعودي_الشقيق #خريجات_جامعيات_قديمات_عاطلات #الملك _ """,OBJ
2533,#لو_ده_جنان_اتجنن و احلف على المراقب انك مش هتحل حاجه غير لما تفطر,OBJ
2534,شاهد - آخر كلام: ماذا لو قضي بعدم دستورية الانتخابات #,OBJ
2535,"سابقة خطيرة أمريكا تدرس اعتماد السيادة ""#الإسرائيلية"" على #القدس في أوراقها الرسمية",NEG
2536,قد تكون الخطوة الأولي لتصحيح المسار جمعية تأسيسية توافقية لتعديل الدستور وإعداد قانون انتخابات جديد يتم طرحهما للإستفتاء,OBJ
2537,خطاب الرئيس يعني أنه صار مجال يسمح لدبلوماسيتنا ودبلوماسيينا بلعب سياسة واستخدام أوراق الضغط المختلفة,NEUTRAL
2538,على فكرة الموضوع مش مستاهل الحكاية مفاجأة بالنسبة لي ومتأكد انها بالنسبة لكتير غيري وبصراحة أنا عارف ان مافيش قبل ما اكتب,OBJ
2539,#ضياء_رشوان يطلب من #النائب_العام الإفراج عن الصحفيين المحبوسين,OBJ
2540,"وصول عناصر القوات الجوية المصرية للعاصمة البحرينية للمشاركة في "" الربط الاس #مصر #ميدان_التحرير",OBJ
2541,تقوم فنلندا بالتخطيط لجعل سرعة 100 حق من حقوق جميع المواطنين بموجب القانون وذلك بحلول العام القادم #ثورة_الانترنت #خيبة_علينا,OBJ
2542,اعتراف أنتسب لحمله #حازمون وفضلت أهاجم #مرسى_رئيسى بفكر حزب_الزور وانتقد #الإخوان فى كل الأمور أعتذر لك سيدى الرئيس ف #الشعب_يرد_تحية_الرئيس,NEUTRAL
2543,#توفيق_عكاشة بيحكي عن هيفا وهبي هههه!دي كلها عمليات تجميل امبارح شفت صورها ع النت قبل التجميل دي تقرف عشان تعرفو احن…,NEUTRAL
2544,هل حصل باسم يوسف على الجنسية الامريكية ؟ #مصر #باسم_يوسف,OBJ
2545,سبحانك يالله وفي ساعة المطر تستجيب لدعواتنا،،، #عادل,POS
2546,هو ما ينفعش مكاحمة #مبارك تتنقل #المنيا طاه؟؟ #مصر,OBJ
2547,"#رصد| وصول #مرسي لمقر أكاديمية الشرطة في قضية "" #التخابر "" وصل الآن الرئيس محمد مرسي إلى مكان انعقاد محكمة",OBJ
2548,الحملة فـ الحضرة الجديدة !! #بلغ,OBJ
2549,شاهد - آخر كلام: معايير تشكيل تأسيسية كتابة الدستور #,OBJ
2550,و انت مالك,NEG
2551,شبكه اخبار #المحله | حمله حمدين تنظم سلسه بشريه لدعم و تأييد حمدين صباحي في المحلة,OBJ
2552,ياخذون بالو و يعطوننا كافاني #تخيل 😍,OBJ
2553,#عمرو_خالد يساند #محمد_صلاح من داخل المدرجات شوف الفيديو من #جولولى,OBJ
2554,بنحط جزء منها على تويتر لكن نص البيان بيكون على الفيسبوك او على الموقع /2011,POS
2555,علاء الأسواني: للأسف المسلمين في كل هذه المعارك خسروا حقهم و ساهموا بأنفسهم في تشويه صورة الاسلام المقال كامل,OBJ
2556,#رصد| قرية السوداية بـ #دمياط تصرخ لا ماء نظيف ولا صرف صحي ولا رغيف خبز آدمي,OBJ
2557,#حط_نفسك_مكان_البنت وانت هتكره كل يوم انك اتولدت بنت,OBJ
2558,#نبض_نيوز اا #جمعة_الغضب اا بالفيديو موقع أمريكي يرصد مذبحة رمسيس بجمعة الغضب حجارة معارضي الانقلاب في مواجهة …,NEG
2559,اعلم أنه كلما نُزع منك في الأرض شيئا جميلاً سيخبئ لك شئ في السماء أجمل,POS
2560,#مطر صبآح أجواءنا الحلوههٰ ,OBJ
2561,#اكتب_رساله_لشخص_دون_ذكر_اسمه #لأحدهم #شواطئ_الحنين,OBJ
2562,يا نوجة فينك ؟! :),OBJ
2563,تحية للراحل العظيم السيد محمد حسين فضل الله العلامة المقاوم المحاور المتسامح المجتهدالمجدالمجدداللبنانى الفلسطينى العربى الاسلامى الانسان,POS
2564,اليوم الثالث من الحملة كنت وسط أهلي وناسي في محافظة المنوفية، وجزيل الشكر للمحافظ أشرف هلال، ولمديرية تعليم,OBJ
2565,مندوبين مبيعات #المنوفية #الغربية #كفر_الشيخ توظيف #وظائف #مصر #4,OBJ
2566,ارشح نفسي لرئاسة #جمعية_الاقل_من1000_فولورز و اول قراراتي هو حلها لعدم الدستورية,OBJ
2567,#فيفي_عبده_الام_المثالية اصلا صارت كلمة مثاليه الحين سبه عجبكم كذا طيب امشي يابن المثاليه,NEG
2568,فعلاً أما خروف يشوف الصورة دي طبيعي ماء فيش اعداد اهه,OBJ
2569,"99: 55: 123 4 #توكل_كرمان هذه عاقه لوالدها ويصفها بقليلة الأدب """"",NEG
2570,غياب العدل فى وطنى يبشر بانفجار غضب بركانى شعبى #يسقط_حكم_العسكر #الداخلية_بلطجية #انتخبوا_,NEG
2571,الرسالة رقم 1 من الجزء الاول لكتاب رسائل سجين سياسى الى حبيبته,OBJ
2572,قم بتحميل الملف من الرابط التالى واختر ما يناسب ظروفك من الاعمال لدعم الدكتور عبد المنعم أبو الفتوح فى انتخابات,OBJ
2573,الان #عبد_الرحيم_على يكشف عن أخطر تسريب لـ #البرادعى و #العليمى وشكرى تابعووووووووووونا على قناة القاهرة والناس …,OBJ
2574,"#الوفد ذى تايمز: الجيش الجمهورى الأيرلندى يطبق ""تكتيكات"" القاعدة:  ذكرت صحيفة (ذى تايمز) البريطا #الوفد",OBJ
2575,شارك في الاستفتاء على صفحة كلنا خالد سعيد,OBJ
2576,#عادي_جدا لما يكون فينا اللي مكفينا :'( ويجي حد يكمل علينا :/ :-(,OBJ
2577,صور الجالية المصرية بأمريكا تتظاهر أمام البيت الأبيض ضد الإعلان الدستوري,OBJ
2578,د أبو الفتوح : مشكلتكم تحتاج لقرار ادارى والحكومة الحاليه ضعيفة لدرجة انها لا تستطيع اتخاذ قرار ولا بد من سرعة,NEG
2579,الوطن | الدستور الحقوق والحريات (12) | عمرو حمزاوي:,OBJ
2580,الدكتور صفوت حجازى معتقل في سجون الانقلاب صفوت حجازى مش رقم #انا_مش_رقم # #انتفاضة_السجون …,OBJ
2581,لو كان عندى جيتار #كاريوكى 3,OBJ
2582,2 #قناة_تغاريد / #كليب_اسمعوني (الفرات السعدون):,OBJ
2583,الإرهاب خطر عالمي اعتاد أن يستوطن في مناطق تغيب عنها هيبة وسلطة الدولة ويحولها لملاذ له خلايا القاعدة وتيارات عنفية مختلفة ليست بعيدة عنا,NEG
2584,اكبر فوائد الانقلاب مصر الاخير عالميا فى مستوى المعيشة وفى التعليم الاساسي وبكرة تشوفو مصر,NEG
2585,اسألوا البرادعي عما فعله في العراق #باسم_طلع_حرامي …,NEG
2586,مستشفى الشاطبي وزيارة شباب الثورة لأوغندا والكاتب الساخر جلال عامر في آخر كلام 11م بتوقيت القاهرة على أون تي في,OBJ
2587,ازاي؟ على تويتر؟ لقينا حزب عدل وقلنا يع؟ لما يبقى ليك جبهة قوية ماشي غير كده تتفاوض,NEUTRAL
2588,الادمن:اتفرج على #امريكا_بالعربي حلقة 15 #,OBJ
2589,بقى الخولات #محمد_عادل و #احمد_ماهر بتوع #نشطاء_السبوبة #حمدين_صباحي عايز يطلعهم كده عادي ونكرمهم كمان! #احا,NEG
2590,اشهد ان لا اله الا الله واشهد ان محمد رسول الله الثورة ستنتصر ان شاء الله,OBJ
2591,كيف يمكن التعامل مع الأحداث الجارية على المستوى النفسي,OBJ
2592,عبدالناصر الخائن الاكبر #الاخوان_المسلمون,NEG
2593,سواء اتفقنا او اختلفنا مع الاستاذ خالد صلاح فمن حقه ان يعبر عن رأيه ويقوم بواجبه الاعلامي بحرية كاملة الاعتداء على خالد صلاح ارهاب وبلطجة,NEUTRAL
2594,#مبارك راجل كويس واﻻخوان اعدااااالم على طول الخط,NEUTRAL
2595,بعد العشرة أيام ربنا يستر,OBJ
2596,يا مستنى مصر تعوض خسارة ماتش الستة يا مستنى الساعة سبعة تيجي قبل الساعة ستة,OBJ
2597,يعني ممكن نقول كده بس في وقت تاني؟,OBJ
2598,شبرا العظيمة دوماكل يناير واحنا هنا,POS
2599,4 الشريعة وأحكامها كتبت بعد وفاة الرسول ولذلك غلط تربطها بشخصه مش خوف ولكن حرص على أن المعلومة تكون صح,NEUTRAL
2600,بسمة أمل - جزاء مَنّ يسخر من الناس,NEUTRAL
2601,"# ضبط 2 من المترددين على اعتصام ""رابعة"" بحوزتهما بندقية آلية و""ترامادول""",OBJ
2602,#عمال #مترو أنفاق #لندن يعتزمون الإضراب ليومين بسبب تخفيضات مزمعة في الوظائف #سكاي_نيوز_عربية,OBJ
2603,السلطة القضائية هي الوحيدة التي تملك الحق في,OBJ
2604,ال ع الشمال ده زييت #باسم_عودة الإرهابي أما اللي على اليمين ده زيت الإستقرار هل عرفتم الفرق ؟,NEUTRAL
2605,#بيقولك_أعرف_بلدك الاسكندرية و ده تصويرى ️,OBJ
2606,"#ولاد_البلد #المنصورة تفريق مسيرة لعناصر ""الإخوان"" في #سمنود بعد الإشتباك مع الأهالي بمنطقة الشحاتية",OBJ
2607,#أبو_الهول #الجيزة #مصر,OBJ
2608,#عن إحساس إنك تكون في الشارع والنهار يشقشق والنور يملا الدنيا كلها ^_^,POS
2609,أمريكا تعلن مكافأة مرسي بـ190 مليون دولار لتعهده بتنفيذ قرض الصندوق,OBJ
2610,من النهارده هتبتدي كل الوساخات اللي كان نظام مبارك بيرددها عن هيكل تتردد على ألسنة الإخوان وأنصارهم للإنتقام من كلامه عن فشل مرسي وجماعته,NEG
2611,الجبناء يكذبون علنا احدهم يقول ان العسكر لم يحكموا مصر اخر 60 عاما ويطالب بخضوع مصر للجيش واستشارته فى اى حاجة تخصه,NEG
2612,تطوع عشرة محامين كويتيين للدفاع عن مبارك وقد حصلوا على ترخيص بحضور المحاكمة قبل ان يصلوا الى مصر متى يحظى اهالي الشهداء بنفس المعاملة,OBJ
2613,_ غيب تقارنى الجونة بالغردقة!,OBJ
2614, لزيادة متابعينك بسرعـة ريتويـــت التغريــدة ضيــف مــن يقـــوم بالريتويــت ضيـــف مــن يضيفـــك مباشــرة  فولومي…,OBJ
2615,- #ميدو أمنيتي أن يبقيك القدر هذه المره معي إلى الأبد فوالله لا أستطيع تحمل خذلانك لي مرتين ~,OBJ
2616,"دعلاء الأسواني: كيف أنصف الإمام ""محمد عبده "" المرأة ؟! أقرأ المقال كاملاً ؟! >> …",OBJ
2617,ماتعودتش اسيب لبكره فى يوم مجال ماتعودتش اشوف فى الناس غير الجمال #حمزة_نمرة,OBJ
2618,مدرسة الطبري بشيراتون,NEUTRAL
2619,7 متحف ساويرس للفن الحديث,OBJ
2620,#موافي و #عنان يؤسسان حزبيين لخوض الانتخابات البرلمانية,OBJ
2621,شاهد - آخر كلام: القبض على رجل الأعمال الهارب حسين سالم في إسبانيا وهل تستطيع مصر استرداده؟ #,OBJ
2622,"تابعوا على صفحة ""الفيديوهات"" آخر الدروس والأناشيد والبرامج الدينية وآخر فعاليات صناع الحياة",OBJ
2623,لقي الممثلون المصريون من منافقي سيسي والانقلاب ما يستحقونه من لعنات فى افتتاح مهرجان مالمو بالسويد انها البداية يا عبيد البيادة,NEG
2624,السؤال لماذا يكره بعض المسلمين فى مصر الاسلام؟ تربية سيئة او علمانية وقحة او جهل وفسق ومجون,OBJ
2625,الاهرام الراكعة للبيادة تحولت الى صحيفة صهيونية تنذر العرب بالحرب عنوان لا تجده الا فى اسرائيل,NEG
2626,٣ تقف الآن في ٦ ابريل ٢٠١٣ مع قطاعات شعبية واسعة ضد إعادة بناء الاستبداد عبر جماعة ورئيس وحزب ينقلبون كل يوم على الشراكة والتوافق الوطنيين,OBJ
2627,#السيد_البدوى:#عمرو_موسى بقامته الكبيرة جلس مع #خيرت_الشاطر #,OBJ
2628,إننا نشكو لأن الله سبحانه و تعالى جعل تحت الورود أشواكاً ، وكان الأجدر بنا أن نشكره لأنه جعل فوق الشوك ورداً,OBJ
2629,#يوم_المرأة_العالمي,OBJ
2630,اذا تضمن الاعلان الدستوري شرط موافقة الجيش علي القوانين الخاصة به وكذلك علي اعلان الحرب وتفويضه في صفقات السلاح سيكون الجيش دولة فوق الدولة,OBJ
2631,عمرو خالد: يا شباب صوتكم أمانة وواجب وطني | الموقع الرسمي للدكتور ع,OBJ
2632,عاجل : خمس الاف متابع خليجي بـ 200 ريال #الامارات #ابوظبي #دبي #قطر #الدوحة # #حمد #تميم #الكويت #السعودية 466,OBJ
2633,مش عاوزين  اللى  بيحصل  ينسينا  ان  كان فيه  حاجه اسمها جبهة  الضمير,OBJ
2634,الصلاة في #الأقصى تعادل ١٠٠٠ صلاة هذا ثواب الصلاة فقط لكن ثواب الوصول والجهاد ومقارعة اليهود لا يماثلها ثواب وأجر,POS
2635,لو حاولنا نحصى جرائم الانقلاب فى شتى فروع الحياة لن نتمكن أبدا عددها اكثر من أن يحصي,NEG
2636,"صاحب قناة الفراعين للمصري اليوم: ""أنا ملك التوك شو"" خبر صحيح و وصف دقيق طيب الله أوقاتكم",POS
2637,"#رصد| أصحاب محلات العباسي الجديد بـ #المحلة_الكبرى : المحافظ استهزأ بينا و بيقولنا ""نبقى نعملكم محلات فوق الكوبري""",OBJ
2638,بيان اجتماع وزراء خارجية دول مجلس التعاون الذي انتهى منذ قليل في العاصمة السعودية الرياض #سحب_السفراء_من_قطر …,OBJ
2639,شاهد - آخر كلام: مصر في ليلة مليونية إنقاذ البلاد #22,OBJ
2640,"الفراج يشن هجوم بطريقة قذرة على اتحاد "" منتخب "" ويتحدث عن العدالة و يبرر العنصرية #فلول #اكشن_يا_دوري",NEG
2641,#ارتقوا_و مش كل واحد هتشوفوا مختلف معاك في الرأي يبقى حمار ومش بيفهم !,NEUTRAL
2642,وفي تفسير تالت إن نيل كان عضاض وقرم أمه في دراعها جامد فرجع الأب من الشغل سألها إيه اللي في دراعك قالت له نيل أرمني سترونج,OBJ
2643,كان عنده حلم :) محمد على كلاى : حلم بأن يكون فى من أقوى أبطال العالم فكان له ذلك ، لقد كان شابا صغيرا يعيش فى,OBJ
2644,ما يحدث من الشرطة العسكرية ضد المتظاهرين السلميين غير مقبول ولا يمكن السماح به في مصر الثورة إهانة فى مصري هي إهانة للشعب المصري كله,NEG
2645,"عباس يصف المحرقة ب""ابشع جريمة"" في العصر الحديث ويدعو اسرائيل لتحقيق السلام #افب #عباس #اسرائيل #المحرقة",NEG
2646,تصفيق حاد للدكتور مع بدأ حديثه,OBJ
2647,شكرا على مشاعرك الطيبة,POS
2648,شاهد - آخر كلام: يا قائد الجند - مصطفى سعيد #,OBJ
2649,"#النائب_العام يحيل #برهامي لـ""استئناف #القاهرة"" في بلاغات تتهمه بـ #ازدراء_الأديان أحال المستشار هشام بركات،",OBJ
2650,من الذي نشر نظرية الاستبداد الشرقي في الغرب ؟! أقرأ المقال كاملا,OBJ
2651,نقابة المهن التمثيلية تعلن مشاركتها في مليونية الثلاثاء وتنظم وقفة غدًا,OBJ
2652,_ !!!! اريد ان اشخر لكن اخشي عليكم من الضجيج #الكورة_للجماهير #رجعوا_الجماهير يا ولاد ال…,NEUTRAL
2653,امشي في الشارع وكل ما تشوف حد خد # معاه #اتجنن,OBJ
2654,محامي ومستشار قانوني ٠٥٣٧٨٥٥٥٢٧ #المحامي #محامي #قاضي #حكم #درر #الوتر #مستشار #رقم #ريتويت #محاماة #مشاكل #قضايا #اسرية #محامي #مكتب ؟,OBJ
2655,ممكن لو كلمتك ف التليفون واتناقشنا مناقشة سياسية ناخد عشر سنين أنا وانت بموجب القانون داه,OBJ
2656,#سنن_قبل_النوم قُل قبل نومك : الحمد لله الذي أطعمنا وسقانا، وكفانا وآوانا، فكم ممن لا كافي ولا مُؤْوي,OBJ
2657,"قال رسول الله صلى الله عليه وسلم: ""إن للصائم عند فطره، دعوة لا ترد"" بماذا دعوتم الله قبل الإفطار يا شباب؟ #دعاء_الإفطار",OBJ
2658,مشاركه الوسط تأتي مقترنه بوضوح التوافق علي مطلبي ايقاف المحاكمه العسكريه للمدنيين وتعديل قانون الانتخابات والتاكيد علي مسار التظاهره السلمي,OBJ
2659,_ ده ادعى انهم ادرى فكيف يختاروا اسم كده؟,OBJ
2660,للبيادة نكهات عديدة - باسم يوسف :: بوابة الشروق :: نسخة الموبايل ::,OBJ
2661,#محمود_سعد اعلامي قذر بعد اذاعة فيديو خيانة #حمدين قال لم اسمعه جيدا ولم يعلق عليه لانه ليس اعلامي بل افاق ومنافق حقير 4,NEG
2662,لا للهحوم على قنوات الإعلام:,OBJ
2663,#مجالس_جمهور_الاتحاد بأي منطقة من الوطن الغالي التكرم برفع معاناتنا مع لجان الاتحاد السعودي ورئيسهم الى #الفيفا بصفتهم …,OBJ
2664,شوف رد فعل الببلاوي على الحادث وإحنا يجيلنا الضغط والكولسترول وجلطة في المخ عادي #السادة_المحترمون,OBJ
2665,لا تعلم الغيب,OBJ
2666,اللهم إجعلنا ممن تواضع لك فرفعته،وأقبل تائباً فقبلته،وذل لهيبتك فأحببته،ودعاك صادقاً فأجبته،وسترت ذنبه وغفرته,OBJ
2667,رئيس الوزراء إبراهيم #محلب يلتقى مجلس إدارة اتحاد عمال #مصر # #,OBJ
2668,خطيب الجمعة في السلطان حسن أشاد في الدرس باستضافة لشباب كدعوة لإظهار الإيجابيات في عز الضلمة,OBJ
2669,الوطن | فى شأن خاص فريدمان بيتنر | عمرو حمزاوي:,OBJ
2670,أن تكون مسلما فى بريطانيا يعنى أن كثيرين لا يحبون ديانتك ولا يعترفون,OBJ
2671,الإخوان يتحدوا الدولة ويعلنون النزول في مظاهرات الجمعة القادمة #السادة_المحترمون …,OBJ
2672,تحدد مواصفات انتخاب لأعضاء لجنة الدستور وهي مختلفة تماماً عن مواصفات البرلماني بعد ان ينجح اعضاء اللجنة لو وجدنا مثلا ان السلفيين او,OBJ
2673,#شكرا_قطر دولة كسبت إحترام الشرفاء بمواقفها وذكائها من خلال وقوفها مع الشعوب فالكل زائلون ومن يبقى الشعوب,POS
2674, حسن روحانى كسرى الفرس الجديد مقال #يوسف_الحسيني في بوابة الصباح,OBJ
2675,دعلاء الأسواني يكتب: الى متى نخترع العجلة ؟! ننشره لكم الليلة في تمام التاسعة مساءً على الصفحة الرسمية وينشر صباح غدفي جريدة #المصري_اليوم,OBJ
2676,هذا العام قررنا أن يكون برنامج رمضان مختلفاً عن كل عام فبدلاً من أن نحكي قصة شخصية أو سيرة أفراد، قررنا أن نقدم,OBJ
2677,شاهد - آخر كلام: المهندس إبراهيم المعلم مع يسري فوده في حوار حول المشروع المشترك مع شركة لنشر روائع التراث,OBJ
2678,#السعودية #هاشتاق_فاضى #دوم_فاضي #واحد_فاضي #الرياض 7 #واحد_فاضي #1فاضي #صباح_الخير #صور_كنك_بنت,OBJ
2679,نسعى لتطوير الجهاز الإداري بالدولة لمكافحة الفساد,OBJ
2680,_ مافيش مقارنة في السعر بس معلوماتي إن نسخة الهلال محذوف منها أجزاء أرجو إنك تتأكد من دهطبعا أسعار الهلال أرخص لأنها دار حكومية,NEUTRAL
2681,بسبب #الخرفان مصر #خربت و #الأرهاب وصلها و #الامتحانات اتقدمت ومش عارفين نذاكر امتى #حسبى_الله_ونعم_الوكيل,OBJ
2682,مقال علاء الاسواني الذي ينشر صباح غد بجريدة المصري اليوم,OBJ
2683,1 ههههههه حظي وحش,OBJ
2684,#حاول متخونش ثقة حد فيك,OBJ
2685,المفترض ان حضرتك تبلغي انت وزميلك الشرطة واعطائهم كافة المعلومات ولاتنسوا #باسم_يوسف_طلع_حرامي #اخوان_ابليس #الاخوان_جماعة_ارهابية,NEG
2686,هل ادرك الحقراء الحقيقة؟ اوباما واعوانه خالفوا الدستور الاميركى وتم صرف المساعدات العسكرية لمصر رغم الانقلاب,NEG
2687,متابعة لتطورات التأسيسية يليها متابعة لتطورات حدود مصر الاقتصادية على ضوء مبادرة وزير البترول، آخر كلام، أون تي في ١١م,OBJ
2688,"#ولاد_البلد #المنصورة مباحث #دمياط تضبط "" هاني الديسكو"" وبحوزته 55 كيلو بانجو و200 جرام هيروين",OBJ
2689,#فولورز_عفركوش_بيعملو_فولو_لبعض #فولورز_اسلاموفيتش_بيعملوا_لبعض_فولو #فولورز_جميــلة_و_صاحب_تويتر_هيولعوه…,OBJ
2690,عَلِّم في المتبلم يصبح ناسي وناقش في الإخواني يفضل ضاني (من فقرات تلك الأمثال في المعصرة),NEG
2691,علبتين لبنالحلقة الثانية من مشاهد من مسرح حكم الفرد وتعليق سريع على الأحداث في نهاية المقال,OBJ
2692,خمس الاف متابع بـ 200 ريال #سلمان_العودة #تغريدة #اقتباس #طارق #السويدان #طارق_السويدان #أعجبني #العريفي # 381,OBJ
2693,تؤكد لي الردود ان بعض الأخوة يعتقدون فعلا انهم الاسلام وانك اذا لم توافقهم فانت عدو للإسلام لا مساحة لديهم في ان تحب الاسلام وتختلف معهم,NEUTRAL
2694,وما ذنب الضمير,OBJ
2695,كل الدساتير الماضية سقطت لانها لم تكن وفق ارادة مجتمعية #السادة_المحترمون,NEG
2696,​مرت سنتين و أكثر علي فراقهم و أنت أعدت فقط نصف حقهم إفرح لأنك أعدت البسمة لوجوه أهلهم ٢٥ #مذبحة_بورسعيد,OBJ
2697,عرض الاسبوع هاشتاقات نشطة #في_الحياة_ياصديقي #غرد_بطولك #الشعب_يقول_كلمته #زودن_على_جكرها,OBJ
2698,الجميل في المسلسل ان ماحدش فيكو بيحاول يقلد الشخصيات المثلت الفيلم,POS
2699,2 علاقات دبلوماسية واقتصادية وتجارية نستطيع تجميدها، تحرك عربي نستطيع أن نقوده في الأمم المتحدة للضغط على حكومة اليمين الإسرائيلية,OBJ
2700,"اليوم السابع | ""التوك شو"": ""الجمل"": أبو الفتوح من أقرب مرشحى الرئاسة لقلوب الناس وسرير ""مبارك"" تمثيل",NEUTRAL
2701,من أخلاق الأخوان لله دركم ياأبناء البنا ! #مرسي_رئيسي #الشعب_يرد_تحية_الرئيس #انتخبوا_ #انصاف_الاخوان,NEUTRAL
2702,لم انتخب مرسي ودعوت الى مقاطعة الانتخابات في مقال منشور في المصري اليوم لكنى أتفهم تماماً موقف الثوريين الذين اضطروا لانتخابه حماية للثورة,NEUTRAL
2703,المتحدث باسم #بوتين:الهجوم في شرق #أوكرانيا يوجه الضربة القاضية لاتفاق #جنيف #روسيا #الخليج # #العرب # #السعودية,OBJ
2704,زار د عبد المنعم أبو الفتوح اليوم الجمعية الشرعية والتقى خلال زيارته بالشيخ/ مختار المهدي رئيس الجمعية وبعض اعضائها,OBJ
2705,خمس الاف متابع بـ 200 ريال #سلمان_العودة #تغريدة #اقتباس #طارق #السويدان #طارق_السويدان #أعجبني #العريفي # 240,OBJ
2706,هل سأل خيرت الشاطر خلال لقاءاته برئيس الأمن الوطني عن أدلة تدين قتلة السيد بلال أم أنه يعلم أن أغلب شيوخ السلفية ليسوا مهتمين بدمه أصلا؟,OBJ
2707,اتهام محمد مهدى عاكف المرشد السابق للاخوان (عمره أكثر من 90 عاما) بالقتل العمد يؤكد أن الفبركة وصلت مداها,NEG
2708,أرجو قراءة النوت دي بخصوص ما يحدث الآن في التحرير:,OBJ
2709,البرلمان اتحل ورجع واتحل وناس تزيييييط واقلبوا على مرسي وناس تزيييط ويقولك الاخوان مثبتين العسكري واحنا نتوتر ونشتم بعض وفي الاخر فسسسسس,OBJ
2710,علاء الاسواني: رأيي أننا متحضرون لكننا نعيش في دولة غير متحضرة أقرأ المقال كامل,NEUTRAL
2711,#فودافون العباطه بين ايديك,NEG
2712,"البرنامج يعتذر عن ""إفيه"" لأبو تريكة #البرنامج #أبو_تريكة #باسم_يوسف",OBJ
2713,ثوار #الزقازيق ومسيرات صباحية ومسائية ضد الانقلاب 2 5 2014 #انتفاضة_السجون # #جواز_مصر_من_امريكا_باطل …,OBJ
2714,"ازاي يا دكتور؟؟؟ ده الإخوان وصل أتباعهم نفوذهم لغاية اسبانيا من زمانحتى الملك هناك اسمه ""إخوان كارلو",OBJ
2715,ابتســـم ودع كل من حولك يبتسم لاجلك ابتســـم فإن في الابتســـامة راحة وصحة ابتســـم ودع الحياة تشرق لك,OBJ
2716,شارك #قاطعوا_السياحة_في_تركيا #قاطعوا_المنتجات_التركية #مصر #سوريا #لبنان #الأردن #السعودية #الإمارات #العراق #البحرين #عمان #الكويت,OBJ
2717,صحيفة الجارديان البريطانية التى وصفها المسلمانى الانقلابي الخائن بالكذب توجت الأسبوع الماضي بجائزة فرونت لاين كلوب,NEUTRAL
2718,كوفيه ستوك سيتي عاملة زي الكوفية بتاعتنا #أولد #وايت_نايتس,OBJ
2719,خمس الاف متابع حقيقي #قطر #الدوحة # #حمد #تميم #الرياض #دبي #الامارات # #ابوظبي 54,OBJ
2720,#محمود درويش,NEUTRAL
2721,محمد رُضا كتب عن الشتا اللي فات,OBJ
2722,بكرة مصر هتنور ان شاء الله 6,OBJ
2723,#حاميها_حرميها #الجيزة كفايه عليهم نور عنين #السفاح انتوا حتنهبوا ولا ايه؟؟,NEG
2724,سيدي الفاضل اعلم جيدا ان #دحلان_عميل و #ضاحي_خلفان إنما هم كلاب ضالة أطلقها أسيادهم,NEG
2725,#صلاح أساسيا أمام #ليفربول بس دة برده ميمنعش أني عايز #تشيلسي يخسر #نزل_صلاح,OBJ
2726,"6 ""محاضرة د عمرو خالد بتونس""",OBJ
2727,احاول ان اتعاطف مع من رماني بالخيانة والكفر واستخدم الدين لتحريض الناس علي وعرض اسرتي للخطر و شكك الناس في ديني طب ازاي؟,NEG
2728,مش هنسالك وانتا واقف جنبى بتطلب القصاص وكلاب الداخلية ضربوك بالرصاص #جيكا,NEUTRAL
2729,سنقاتل على اللقب حتى النهاية أكد مدافع فريق #تشيلسي و #المنتخب_البرازيلي ديفيد لويز على …,OBJ
2730,نندَّفع بكل ما أوتينا من عاطفه و نتفاجَّأ بأشرس معالم الخذلان! #إعترافات_ليلية,OBJ
2731,أي مرشح يحمل مبادىء #14آذار يحق له الترشح لا يجوز لمن قتل #سامر_حنا و #رفيق_الحريري و #محمد_شطح وسواهم أن …,OBJ
2732,#يوسف_الحسيني امريكا لاتعنيها سوريا ولا الشعب السورى ولا نصره الاسلام، لكن يعنيها الكيان الصهيوني وحماية تركيا,NEUTRAL
2733,ممكن يبقى إسمك سكينة بس تبقى أرجل بكتيييييييييييير من واحد إسمه أحمد,OBJ
2734,قررت تعليق حملتى الرئاسية - إلى ان يكون هناك ميعاد محدد لنقل الرئاسة - و سأعود إلى صفوف الكفاح لتوعية الشباب,OBJ
2735,#متطرفون #يهود يضعون لافتات على أبواب #الأقصى تدعو لبناء #الهيكل المزعوم تفاصيل في التعليق الأول,OBJ
2736,سأكون معكم الآن على صفحات المنتدى لنناقش سويا ما جاء في الحلقة 12 من برنامج #قصة_الأندلس، شاركونا تعليقاتكم عن الحلقة,OBJ
2737,تيار قضاة الإستقلال: مجموعة الأشخاص الذين كان يجب ألا تستقل أبدا بمن يشكك في إنتمائهم لجماعة الإخوان المسلمين,NEUTRAL
2738,#ثوار #المرج #عزبة_النخل #المطرية #عين_شمس ما نبقاش رجالة لو ماطلعناش ال 5 سيدات من #قسم #المرج الليلة #مرسي #الاخوان #انتخبوا_ ريتويتِ,OBJ
2739,فصل الدين عن الدولة تقديس للدين وتاكيد لدولة القانون والمواطنة من الذين اقتنعوا بذلك محمد على سعد زغلول مصطفى النحاس جمال عبد الناصر,OBJ
2740,#جبهة ثوار سوريا_ القطاع الجنوبي 27_4_2014 جبهة ثوار سوريا من على قمة تل أحمر شرقي المحرر,OBJ
2741,أتقدم بخالص التهنئة إلى الإخوة الأقباط بمناسبة عيد الميلاد المجيد أعاده الله على مصر بالأمن والرخاء,POS
2742,عرض الاسبوع 36 ألف متابع #وش_أكثر_شي_يسهرك #صيام_الإثنين #خد_موقف_من #صلاة_الوتر #فى_تويتر_تلاقى #الدمام [908799],OBJ
2743,السلام عليكم ورحمة الله أصدقائي لقلد طلب مني #مارك تغييــــــــر إسمي المستعار وإلا فلا يمكنين دخول حسابي,OBJ
2744,انت شفت الحك ولازقة فيه كدهو! وبدل ما كانت بتسبح ف البسين ! سبحت ف أعماقه مع المعرصين #انتخبوا_,OBJ
2745,أيتها القطط المتمسحة بالعسكر خوفا من الاخوان هل تطلبون الديمقراطية من الشرطة العسكرية الحرية تنتزع والشعب الذي اسقط مبارك قادرعلى الاخوان,OBJ
2746,أيها الاخوان في أية من القران وفي أى حديث شريف تعلمتم ان المبنى المصنوع من الحجر يكون الدفاع عنه بقتل الناس بالرصاص الحي على أى ملة انتم,NEG
2747,هل أنت واحد من هؤلاء ؟ شاهد وأجب على هذا السؤال,OBJ
2748,#وانا_صغير_كنت مصدومة انو ارقام القنوات بالرسيفر تبعنا غير عن رسيفر صاحباتي !!,OBJ
2749,عندما صعد نيل أرمسترونج على سطح القمر قررنا أن يكون إسهامنا الحضاري إصدار إشاعة أنه سمع الأذان هناك وأسلمالإشاعة أوفر بكتير وهدفها الخير,NEG
2750,الحمد لله بسمة قامت بالسلامة، وربنا رزقنا بنادية,NEG
2751,الببلاوي: تصنيف الإخوان تنظيما إرهابيا قرار سياسي #الببلاوي #مصر,POS
2752,دورة تدريبية فى رمى الطوب بخصوص اتهام النيابة العامة لى بالتحريض على قتل المتظاهرين السلميين الساجدين ! أمام,OBJ
2753,_2441 20140 __ لا مرحبا بالخرفان #سأنتخب_السيسى_و_مش_هنزل_لمستواك,NEUTRAL
2754,#ﻓﻮﻟﻮﺭﺯ_ﺍﺳﻼﻣﻮﻓﻴﺘﺶ_ﺑﻴﻌﻤﻠﻮﺍ_ﻟﺒﻌﺾ_ﻓﻮﻟﻮ #ﻓﻮﻟﻮﺭﺯ_ﻋﻔﺮﻛﻮﺵ_ﺑﻴﻌﻤﻠﻮ_ﻓﻮﻟﻮ_ﻟﺒﻌﺾ #ﺍﻟﻤﺪﺭﻳﺪﺳﺘﺎ_ﺑﻴﻌﻤﻠﻮﺍ_ﻓﻮﻟﻮ_لبعض,OBJ
2755,اتفق معك جداً و ان عائلة الأسد قمعيين مستبدين و خلقوا دولة أمنية كما اتضح لي بعد ان خدعت،ان المليشيات المسلحة هناك كارثة,NEUTRAL
2756,الانقلاب ساقط لا محالة وبعدها ستعلو قيمة مصر والمصريين الى عنان السماء فى كل بلاد الدنيا بعد سنوات الذل والهوان لناصر ومبارك وسيسي,NEUTRAL
2757,بعتها لحضرتك في رسالة,OBJ
2758,"فيديو : الجزء الثاني من حوار المرشح الرئاسي #حمدين_صباحي مع ""الوطن """,OBJ
2759,- بعد عشرين عاما ستشعر بمزيد من الأحباط ليس بسبب الأشياء التي فعلتها و لكن بسبب الأشياء التي لم تفعلها ! #مارك توين,OBJ
2760,#عن رجولتك وانت بتهزء واحد بيعاكس بنت حتى لو متعرفهاش,POS
2761,3 القضاء المصري أتى بمرسي رئيس ما تقوله يعني أن نتيجة إنتخابات الرئاسة باطل القضاء سلطة دولة وهكذا مرسي هو الدولة مرفوض,NEG
2762,يا جماعة المشكلة مش فى الفيديو ولا فى الشريط ولا فى المكان إحنا فى حد فينا نيته وحشة :):) #الثورة #فيلم_ثقافى,OBJ
2763,#أوباما: العقوبات الاميركية الجديدة بحق #روسيا سيُعلن عنها الاثنين,OBJ
2764,#الحريه_لطلاب_صيدله_المنصوره ويبقــــى الدُعـــاء ويثبــت الأجــر ;),OBJ
2765,حياتنا السياسية بها استقطابات حادة بعض من صوتوا لحمدين وأبو الفتوح سيصوتون لمرسي أو شفيق، وآخرون وأنا بينهم سنكون في معارضة ديمقراطية,NEUTRAL
2766,مشروع بشاميل :) ان شاء الله تضبط وما اتووهق واطلب للضيوف من المطعم #اول_مرة,OBJ
2767,#عن إحساس عمرو دياب في اغنية (لو قادر) 3 3,OBJ
2768,بيان كلية الحقوق جامعة الاسكندرية بشأن الاعلان الدستوري,OBJ
2769,الجيش والداخلية والبلطجية ايد واحدة لارتكاب جرائم وحشية جديدة ضد شعب مصر فى تظاهراته السلمية 30 اغسطس الشعب يستعيد ثورته,NEG
2770,أعتذر عن عدم ظهوري الليلة وسأصدر بياناً غداً,OBJ
2771,صوتي ثورة مش عورة صورتي هوية مش غواية #يوم_المرأة_العالمي,OBJ
2772,خفضوا الأسعار شويتين عشان نجيب بدل الخروف إتنين …,OBJ
2773,#ليتك_تحس # #غرد_بصورة #كلمة_حلوة ️ # #4…,OBJ
2774,#ولاد_البلد #المنصورة #مصراوي مديرية أمن #الدقهلية تدفع بتشكيلات أمنية بمحيط مستشفى #طلخا المركزي,OBJ
2775,شير وريتويت أبوس إيديكوا الدكاتره اللي يقدروا يتواجدوا عند #المقطم إنزلوا في 60 حاله إصابه بالخرطوش وإرتفع عدد القتلي من…,OBJ
2776,أيها الغيورون على القانون هل سمعتم عن تهريب المتهمين الأمريكان و14 الف مدني في السجن الحربي وإعلان دستوري باطل يمنح الحكم للعسكراين كنتم ؟,NEG
2777,لقد جابو الكهربا على غير العادة #شكرا_شركة_الكهربا #شكرا_قطر :,OBJ
2778,شمس نيوز|| مصادر إسرائيلية: #عباس سينجح في تشكيل حكومة كفاءات وطنية,OBJ
2779,احمد شفيق مقدمة ضده 35 بلاغا إهدار مال عام وفساد منذ عام وقد حماه العسكر من التحقيق هل رأيتم مرشح للرئاسة متهم بهذا العدد من الجرائم,NEG
2780,صباح الخير و الفرح و الأمل و الجمال والحريةو السلام و نهاية كل الأحزان صباح مصر أم الدنيا,POS
2781,"أسأل الشعب القطري الشقيق : "" هل يرضيكم ما تفعله قناة الجزيرة مباشر مصر ؟ """,OBJ
2782,انا فعلا نفسي تحصل منظره بين #حمدين و #السيسي,POS
2783,الرأى والتعبير فى خطر !,OBJ
2784,"#اجتماعات برعاية #أميركية لبحث تمديد #المفاوضات #الفلسطينية ـ ""#الإسرائيلية""",OBJ
2785,يقصر بعض الناس سراويلهم لانه نوع من الخيلاء و اذا به ينزل من عربية مرسيدس #عبث,NEG
2786,"مؤتمر"" المفكرين"" في أبو ظبي :العالم يعيش ثورة العلم والتكنولوچيا والتواصل الإنساني ونحن نعيش حقبة الجهل والكذب وغياب القيم حزين عليك يا مصر",NEUTRAL
2787,بمناسبة عيد تحرير #سينا السيد الرئيس السادة صناع القرار يحرقكم الله اسقطوا #كامب_ديفيد,NEG
2788,نحب اللغة العربية لأنها لغة القرآن ولأن نبيّنا عربي ولأنها لغة أهل الجنة #اليوم_العالمي_للغة_العربية #غرد_بصورة,POS
2789,انقطعت بهم أسباب الأرض ولم يبقى لهم إلا بابك اللهم كن معهم اللهم انصرهم اللهم إن ضاقت بهم الأرض فافتح لهم أبواب السماء #…,OBJ
2790,بوابة الشروق| حملة #المشير: #السيسي لن يشكل أو يدعم حزبًا سياسيًا طوال مدة رئاسته لـ #مصر,OBJ
2791,يقولون والعهدة على الراوي أن استير بولونسكي لما سمعت بترشيح البلتاجي لرئاسة المخابرات نُقلت إلى المستشفى لإصابتها بشرخ في الحلق من فرط الشخر,NEG
2792,جمال سلطان فضح الانقلاب واعاد الحق لمرسي بعد ان عانده كثيرا,NEUTRAL
2793,"#الشروق: ""الفرنسية"": مجموعة كوماندوس كردية تخطف جنديين تركيين: خطفت مجموعة كوماندوس كردية عسكريين تركيين مساء",OBJ
2794,#شعر #النصر #الهلال #متصدر_لا_تكلمني #الامارات #عمان #سوريا #غرد_بالخير #رتويت #دعاء [2890628],OBJ
2795,حجز تي شيرت #أولتراس_أهلاوي في #كفرالزيات #07 #,OBJ
2796,حكمة الويك إند: الكلام لا يطعم الفم :,OBJ
2797,#الكويت #السعوديه #البحرين #قطر #ا?مارات #عمان #العراق #مصر #تونس #الجزائر #المغرب #ا?ردن #السودان #لبنان 328,OBJ
2798,#رويترز: مراقب محتجز في #أوكرانيا يقول إن المجموعة المحتجزة بصحة جيدة قال أحد المراقبين الدوليين الذين يحتجزهم,OBJ
2799,هل نتصور ان المجلس العسكري قد فوجيء بترشيح الشاطر للرئاسة بينما هو الذى منحه العفو الصفقة واضحة اكدها الاستاذ الهلباوي الاخواني الشريف,OBJ
2800,التسعيرة الجبرية مزيد من النهب محمد البرغوثي #السادة_المحترمون,OBJ
2801,شاهد - التقييم السياسي والدبلوماسي للوضع في سوريا نشأت الديهي ـ في السادة المحترمون …,OBJ
2802,فى حكم مرسي حظت مصر باحترام عالمى فى الانقلاب تحول العالم لعزلتها اعلامنا:مرسي اساء لمكانة مصر,NEUTRAL
2803,علامة رابعة فى مواجهة اوباما فى العاصمة الماليزية كوالالمبور #يوسف #الفريق_الاعلامي,OBJ
2804,ماذا فعل عمر بن الخطاب أول ما تولى الحكم,OBJ
2805,تفعيل الرخصة الرابعة خلال 3 أشهر #مصر #اخبار #,OBJ
2806,شاهدوا برومو حلقة جديدة من حلقات بسمة أمل أنيماشن - موعدنا في رمضان كل خميس الساعة ٥ مساء كل عام و أنتم بخير,OBJ
2807,48670715 _ قلت وأكرر المجد لعاصري الليمون لأن وجودهم على رأس معارضي مرسي الآن هو ماينفي عنها تهم الفلولية,POS
2808,أنا الرئيس بدأ متظاهرو الاتحادية العودة الى بيوتهم ، بعد اربع ساعات من النضال المتواصل وقوفا على اقدامهم ،,OBJ
2809,#موت_بغيظك_السيسي_رئيسك يعني هل يعقل ان ينتخب الشعب المصري رئيس يقول عن جيشه العظيم و شهدائه #عسكر !!,NEUTRAL
2810,#الجمعة #سورة_الكهف #جمعة_مباركة,OBJ
2811,ﺑﺘﻔﺮﺡ ﺍﻭﻯ ﻟﻤﺎ ﺗﺒﻘﻰ ﺍﻧﺖ ﺍﻟﺴﺒﺐ ﻓـ #ﺿﺤﻜﺔ ﺣﺪ ﺍﻧﺖ ﺑﺘﻌﺸﻘﻪ ! ^_^,POS
2812,هل ده يرضي ربنا؟ مقال اليوم إذا آلمك ما فيه بادر إلى رد فعل للإنصاف ورفع الظلم ولو حتى بكلمة لكي لا ينالك وزر الصمت,NEUTRAL
2813,لا ودلوقتي اكتشفوا إن هيكل ناصري وإنه سلطوي وبيشرب سيجارطب ولما مرسي كان هيطير من السعادة بيه ومد لقاؤه معاه ساعة كان فاكره بيشرب كليوباترا,NEUTRAL
2814,مجدي الجلاد لسه ماكتبش وبلال فضل بينفخ في قربة مقطوعة وهشام قاسم لسه عنده أمل وعلياء جاد راحت تشتري بيض من المطار وأنا شكلي هرجع لندن تاني,OBJ
2815,احيانآ نحتاج الى ان نخرج عن المعتاد نحتاج لضحك للبكاء لرقص بجنوون ( اشوف هالهاشتاق سامج لكن مايمنع اعطيه جوه ) طولي 196…,OBJ
2816,! اللى خلف ما مات!,OBJ
2817,#ذات_مومنت لما تقدم عرض عمل جديد متحمسله عمرك ما إشتغلته لزبون واليوم موعد إجتماعه مع مقره في اليابان وشعورك أنا شن درت إن شاء الله يرفضوا!,NEUTRAL
2818,أعلنا اليوم تأسيس حزب الدستور الجديد في جو مليء بالحماس والتفاؤل وفقنا الله لما فيه خير الوطن,NEG
2819,شاهد - آخر كلام: ثورة مصر إلى أين بعد أحداث جمعة التطهير مع عدد من النشطاء # #25 #,OBJ
2820,برنامج امريكا بالعربي - الحلقه 5 كاملة,NEG
2821,7_ انا عاوزة احرق #أماني_الخياط بالغاز !,NEG
2822,#وائل_جمعة صخرة الدفاع المصرية,POS
2823,ملخص مباراة #الهلال 3 - 0 #النهضة - #كأس_الأمير_فيصل #السعودية الرياض #القصيم #جدة #الدمام #مكة,OBJ
2824,سوريا ترتكب بها جرائم ضد الإنسانية منذ أن بدأت انتفاضة شعبها الشقيق ومن لحظتها ومصر والعرب والعالم يتخاذلون عن نصرة السوريين,NEG
2825,بلغني اليوم أن شركة مصر للطيران رفضت عرض فيلم الشتا اللي فات على متن طائراتها وذلك لأنه يتحدث عن الثورة لو لم يكن من أبلغني أخطأ فهذا عار,NEG
2826,شاهدوا الحلقة السابعة من: عمر صانع حضارة وحلقة خاصة عن إنسانية الفاروق,OBJ
2827,صل علي الحبيب,OBJ
2828,دستور يا إخواننا,OBJ
2829,#قناة_اليوم_السابع #7 بالفيديو #عدلى_منصور: نكسة 67 زادت المصريين إصراراً لاستعادة #سيناء,OBJ
2830,أنا عايز أخويا عصام,OBJ
2831,2) اعترف بالمطالب المشروعة المتعلقة بحكومة إنقاذ وطني وتعديل الدستور وتقنين وضع جماعة الإخوان كإطار للحوار، 3) أقر بإلزامية نتائج الحوار,POS
2832,- الجيش خائن - الجيش يشوه الرموز الإسلامية #يسقط_حكم_العسر…,NEG
2833,ملاحقة باسم يوسف وزملائه من الإعلاميين بتهم لا تعرفها الا الأنظمة الفاشية هو استمرار لممارسات قبيحة و بائسة لإجهاض الثورة التغيير حتمي,NEG
2834,قرار وزير العدل يخول الشرطة العسكرية والمخابرات الحربية الضبط القضائي ضد المدنيين,OBJ
2835,: د #أيمن_نور لـ #قناة_الشرق: رفضت لقاء #السيسي بناءاً على طلب د #محمد_مرسي,OBJ
2836,ليه مستكترين إن الست تنفيطيب شكرا ليها إنها نفت كلام طائفي زي دهولازم يتم عمل تحقيقات قضائية لإثبات وجود قرصنة ولو طلع كدب ساعتها تتحاسب,NEUTRAL
2837,اذا كانت رسالة البرنامج الوحيدة هي كشف التجارة بالدين و كشف قنوات الفتنة فده يكفينا، تاني، يتحرق البرنامج المهم البلد,NEUTRAL
2838,اذا صدق خبر تأجير الانقلاب الاهرامات لشركة صينية ستكتمل كل اكاذيب وشائعات اعلام العار ضد مرسي الى حقائق وفضائح نفذها الانقلاب,NEG
2839,#توفيق_عكاشة: #محمد_رمضان دا شمام وسمكري بوابير جاز,NEG
2840,مليارات الانقلاب للاعلام الاميركى لن تحسن صورته يدفعون للغرباء من اجل عمل حرام ويدفعون شعبهم الى الجوع والهوان,NEG
2841,محتاج #اطمن مش عارف :/ #,OBJ
2842,مساآاآحه — #جدو ♡ انشالله برجع بكمل حياتي بحضنك في الجنه ♡,OBJ
2843,تأكدوا أن التزام الرئيس بالقانون والحفاظ على استقلال القضاء وتدعيمه هو فى مصلحة الشعب قبل أى طرف آخر,POS
2844,هامش للديمقراطية ــ أولوية اقتصاد السوق والعدالة الاجتماعية - عمرو حمزاوي - بوابة الشروق,OBJ
2845,البطالة: • تعهدات من القطاع الخاص بإنشاء مراكز تدريب وتأهيل للعمالة و للحرفيين، خاصة في المناطق الصناعية بمدينة بدر,OBJ
2846,الوطن | موجتان متعاقبتان لمقاومة صناعة الاستبداد (1-2) | عمرو حمزاوي:,OBJ
2847,فى وطنى يموت من لايستحق الموت على يد من لايستحق الحياة #سأنتخب_السيسى_و_مش_هنزل_لمستواك,NEUTRAL
2848,_: #مرسى يدعو #الرئيس الموريتانى للمشاركة فى القمة الإسلامية بالقاهرة ,OBJ
2849,الانقلابي ضيف الجزيرة المدعو محمود عطية يقول امس ان مصر طبيعية بلا اى ازمات نسخة مرتضى بلا سب,OBJ
2850,أشارك الليلة في برنامج علي قناة الناس الثامنةوالنصف مساءً( عصام سلطان),OBJ
2851,باسم يوسف يشعل حماس المتظاهرين أمام الاتحادية,OBJ
2852,انا اللي غلطان يا سيدي، كنت عايز اقف جنبك,NEUTRAL
2853,شجاعة بنات مصر الثوريات لا تقلق نظام مبارك فقط لكنها تزعج الجبناء فاقدى النخوة الذين يقبلون الذل من اجل السلامة ويرفضون الثورة لكرامتهم,NEUTRAL
2854,ثمه شعله حنين مشتعله في جوفي حرقت كبريائي حتى الرماد ومزجته في كوب زجاجٍ شفاف وسكبته على أزهار الذكرى حتى أرتوت وينعت #اعترافات_ليلية,OBJ
2855,اللي يشوفك يتمنى يكون مثلك واللي يعرفك يحترمك ويحبك واللي يسمع عنك يتمنى يقابلك ! #حاول,POS
2856,إنشغل اخوانى وزملائى بحزبى الحرية والعدالة والنور فى جمعية الدستور، بالدفاع عن شخص المهندس خيرت الشاط، أكثر من الدفاع عن المرجعية الاسلامية,OBJ
2857,استجابةً وتفعيلاً وتنفيذاً لإرادة الشعب المصرى الثائر بميادين مصر الآن، وتأكيداً على اختيار خمسة عشر مليوناً بصناديق الانتخاب 4,OBJ
2858,احلى أغنية تيتر في رمضان اغنية شيرين - مشاعر من مسلسل حكاية حياة | النسخة الاصلية #مصر #كلام_في_الحب,POS
2859,غير معقول وجود قوات جيش وصاعقة فى المدارس الصور مرعبة للعالم كله وجايين تقولو عايزين سياحة,NEG
2860,1: انتخابات #نقابة_الصحفيين: #طارق_المومني_ نقيبا للصحفيين #الاردن الف مبروك عمي الاعلام مقاولة النا,OBJ
2861,بالصور كارثة عقارية جديدة بالاسكندرية عقار جديد يميل بدرجة 10 سم و يهدد العقارات المجاروة,NEG
2862,ثوار احرار هنكمل المشوار #كابوريا #يوسف #اللبان دورنا #نكمل,OBJ
2863,#الحرية_والعدالة | شاهد الآن: #ليلة_الاتحادية أول فيلم استقصائي يتناول أسرار و كواليس تعرض لأول مرة حول حقيقة,OBJ
2864,#شخص_تتمنى_له_عاما_سعيدا_2014,OBJ
2865,سقوط مسنة في حفريات المجاري أمام المجلس البلدي الشمالي #البحرين #,OBJ
2866,أعمل مع زملاء على تأسيس جبهة وطنية دائمة لحماية حرية الإعلام,OBJ
2867,- #اسرائيل #عباس,OBJ
2868,"شاهد ""ملخص الحلقات السابقه #برنامج_البرنامج عن اختراع #الجيش "" على :",OBJ
2869,2014 #اوعى_تنسى,OBJ
2870,سنفعل كلّ ما نستطيع لإسقاط هذا الدّستور الباطل,NEG
2871,#استغاثة من معتقلي سجن #الزقازيق العمومي نداء الى كل المنظمات الحقوقية نداء الى اصحاب الضمائر الحية #انتفاضة_السجون …,OBJ
2872,ظهرت في شوارع وسط القاهرة، بوسترات عليها صورة أحمد شفيق,OBJ
2873,#هننضف_لو بطلنا تحرش,NEG
2874,الشيخ نبيل نعيم وحوار عن الاخوان وعلاقتهم مع الأمريكان #السادة_المحترمون,OBJ
2875,#ولاد_البلد #المنصورة #مصراوي مركز #المرأة يدين هتك عرض طفل #بلقاس ويطالب بـ #محاكمة عاجلة وإعلانها للرأي العام,OBJ
2876,فريد أحمد حسن : لماذا تستهدف الحكومة الشيعة؟: #أبلة_فاهيتا #محمد_مرسي #حزب_الحرية_والعدالة #حمدين_صباحي #عمرو_موسى,OBJ
2877,بدء جلسة محاكمة القرن ومبارك يُحيّ محبيه من داخل قفص الاتهام #مصر #ميدان_التحرير,OBJ
2878,"#بيونسيه تؤثر في العالم أكثر من #أوباما و #بوتين في القائمة السنوية لمجلة ""تايم"" #صباح_الخير_يا_عرب",OBJ
2879,يوم السبت القادم 10 سبتمبر وكل يوم سبت الساعة 6 مساءاً لقاء المتطوعين الجدد فى القاهرة بمقر الحملة 243 ش رمسيس,OBJ
2880,لماذا يخاف الإسلاميون من الإنتخابات المبكرة إذا كانوا مطمئنين إلى قوتهم في الشارعمصر تستحق فرصة ثانيةأقول قولي هذا وأستغفر الله لي ولكم,NEUTRAL
2881,شبكه اخبار #المحله |اذان العشـــاء,OBJ
2882,#البوابة_نيوز: في خطاب لــ #محلب و6 وزراء #المركز_المصري: استخدام #الفحم كارثة:,OBJ
2883,ادين مثل باقي المصريين جميعا الاعتداء الهمجي علي الاستاذ خالد داوود بواسطه انصار الاخوان الارهابيين الثوره ستنتصر علي الارهاب,NEG
2884,انا هباات في الشغل لحد ما العصيان يخلص ههههههههههههههههههههه,OBJ
2885,"#الوطن| اعتصام تمريض ""العلاج بأجر"" بـ #المنصورة للمطالبة بتغيير مديرة الوحدة",OBJ
2886,امير عيد هو اللي فعلا يتقال عليه ستريكر صريح #كاريوكي #السكة_شمال,POS
2887,بطولة تدق الطبول حاربوا من اجل الاسطول #زمالك,OBJ
2888,شاهد - آخر كلام: الروائي والأديب الكبير خيري شلبي في ذكرى رحيل محمود درويش وفي ليلة العاشر من رمضان #,OBJ
2889,#مبارك عنده أبناء و #مرسي عنده جماعة الوحيد اللي غلبان في البلد دي هو عدلي منصور تحسه إنه مقطوع من شجرة !,POS
2890,تواضع مع والديك - بسمة أمل,OBJ
2891,لا ما بسلم عليه اصلا كل مرة اسلكلك و اقول طيب,OBJ
2892,مطرانية الكاثوليك بالمنيا تستقبل رفات قديسين من #لبنان وتحتفل بهم أربعة أيام,OBJ
2893,الفرد هو الركيزة الأساسية التي تقوم عليها عملية التغيير والإصلاح والتي و إن بدت صعبة إلا أنها ليست مستحيلة ، بل,NEUTRAL
2894,شبكة الـ سي إن إن تكشف عن نوايا التصويت داخل الكونجرس الأمريكي …,OBJ
2895,_ لم يحدث هذا كذب و افتراء,NEG
2896,"إصابة سيدة فى مشاجرة بين ""شيخ بلد ومساعد شرطة"" بالأسلحة النارية بـ #بني_سويف #مصر التفاصيل على",OBJ
2897,شاهد معنا كيف يعالج #أطباء عيادات دوالي تضخم #البروستات بدون جراحة #فيديو #يستحق_المتابعه #للرجل…,OBJ
2898,عرض الاسبوع 44 ألف متابع #أذكار_المساء #بصراحه_مليت_من #خد_موقف_من #علمتني_الحياة #الحياة_تحتاج_إلى_شيئين [941824],OBJ
2899,_ ولو قرأتي ما كتبت هتلاقيني قولت إخلاء سبيل ومش براءة باين عليكي مناضلة جامدة,NEUTRAL
2900,الليل هو بداية النهار والشتاء هو بداية الصيف والألم هو بداية الراحة#ابراهيم_الفقى,OBJ
2901,"#احداث_من_الذاكرة مبارك يستنجد بالبلاطجة، عنوان من صحيفة الجمهورية الصادرة من مدينة تعز ""ويبدو العنوان خطأ"" #بكفي_حصار #اضبطوا_شركاء_المخلوع",NEG
2902,الوطن | ميزانية الرئيس | عمرو حمزاوي:,OBJ
2903,ردك ممتاز ولديك استعداد طيب للكتابة تحياتي,OBJ
2904,يوم ما #هتفتري اعرف ان #ربنا هيبعتلك اللي يفتري عليك,OBJ
2905,كيف يمكن مسح الشرائط التى سجلت جرائم العادلي لماذا كان العادلي يضحك بسعادة اثناء محاكمته اتمنى الا تكون إجابة السؤالين واحدة,NEG
2906,وَالعُمر يَا أمّي ضَنين ، لكنّني مَا زِلتُ أحلمُ مِثلما يَوماً رأيتُكِ تَحلُمين ! - #فاروق جويّده,OBJ
2907,خلال لقائه بأعضاء نادى هوليوليدو حمزاوى يتوقع إقبال 80% من الناخبين على صناديق الاقتراع,OBJ
2908,شاهد - يسري فوده: هذا وقت الاختيار بين الوطن و الأهل و العشيرة #,OBJ
2909,،029،542 استمارة سحب الثقه هذا هو العدد الرسمي الذي تم اعلانه اليوم في مؤتمر الحمله,OBJ
2910,الخلاف الآن بين القوى المدنية و التيارات الدينية و محاولة إقحام المجلس العسكرى الغرض منها إظهار التيار المدنى كراغب فى تدخلهم!,OBJ
2911,الرسالة رقم 20 من الجزء الاول لكتاب رسائل سجين سياسى الى حبيبته,OBJ
2912,مساعد وزير #الداخلية: الحديث عن عودة #الحرس_الجامعي الآن صعب,OBJ
2913,فرصة لمتطوعى الحملة فى القاهرة لمرافقة رئيس مصر القادم الدكتور عبد المنعم أبو الفتوح فى طريقه إلى مؤتمره الشعبى,OBJ
2914,ماتدافعش عن الكذب وتقولي أنا مش إخوان مرضك ده ليه علاج على فكرة إنك تبطل تعيش في قطيع الجماعة وتشغل مخك شوية,NEG
2915,#تعطل_الواتساب #توقف_الواتساب #الواتساب_معلق تأملو هكذا,OBJ
2916,قبضت كام من ساويرس كله في ال #فسسسسسس,NEG
2917,كيف شارك الإخوان في ثورة يناير؟ صادروها لحسابهم الخاص!,OBJ
2918,من لا يعرف أمه إلا يوما في السنة فهو عاق لها، ومن يصلها ويهديها ويبرها كل يوم فلا معنى لـ #عيد_الأم عنده، فعيد الأم من…,NEG
2919,بس ممكن # يموت وساعتها #حمدين_صباحي ينجح بالتزكية ساعتها حيكون له تلات معارضين #الاخوان و #الفلول و #مؤيدين_السيسى_بيعملوا_فولو_لبعض,NEG
2920,#الكويت #السعوديه #البحرين #قطر #ا?مارات #عمان #العراق #مصر #تونس #الجزائر #المغرب #ا?ردن #السودان #لبنان 454,OBJ
2921,_ #ليبيا #السودان #حركة_كايدينهم #مصر,OBJ
2922,عندما آحببتك ؟ آحببتك بقلب طفلة تخشى فقدانك وبقلب عاشقة ﻻ تريد غيرك #محمد,OBJ
2923,فريق الوعد #إنصاف_الإخوان,POS
2924,يجب فصل الحركة الدعوية عن التنافس على السلطة السياسية,NEUTRAL
2925,أنا سعيد جداً بما أنجزه شباب أكاديمية الداعية المعاصر في سيناء في يومهم الأول، فقد التف حولهم أهل سيناء الذين,POS
2926,مراسلنا من #الاسكندرية : #صدقى_صبحى : #القوات_المسلحة ستظل دائما #الدرع_الواقية لهذا #الشعب_العظيم,POS
2927,تكبيررررررررررررررررر مسيرة احرار #المعادى الان,NEUTRAL
2928,اردوغان عمد إلى دغدغة مشاعر العرب بخطابه عن القضية الفلسطينية #السادة_المحترمون,OBJ
2929,وفاة المخرج توفيق صالح عن 87 عامًا بعد صراع مع المرض #يوسف_الحسيني #,OBJ
2930,#الأمن يسيطر على اشتباكات #المطرية وفض تجمع #الإخوان,OBJ
2931,"#الوطن | ""#الزند"" و""#عكاشة"" يصلان الكاتدرائية للمشاركة في قداس #عيد_القيامة المجيد #مصر #اخبار",OBJ
2932,عبدالله السلمان مال الخطر معاهم يخرج احسن منّك #ارحل انت الآخر,NEG
2933,محمد السيف ليفربول بيمحطونك عدل اليوم #تحرش ,NEUTRAL
2934,تاريخ1948 دا بيفكرك بحاجة ؟ يعنى الخيانة قبل #كامب_ديفيد بكتير بعتوا فلسطين فى 48 ياكفره !,OBJ
2935,قرار وزير الثقافة بإسناد تنظيم مهرجان القاهرة الدولي للفريق السابق (مع إحترامي لهم جميعاً) قرار غير حكيم وسيأتي بعواقب سلبية على تصنيفه,OBJ
2936,نعم حضرت جلسة استماع واحدة للدستور استمعوا لنا بكل اهتمام ثم ضربوا بملاحظاتنا عرض الحائط لا للدستور,NEG
2937,عاجل الجنازة اتأجلت الي صلاه العصر,OBJ
2938,ردا علي التصريح المنسوب الي,OBJ
2939,يدعوكم صالون د علاء الأسواني إلى حضور الإفطار الجماعي السنوي اليوم الخميس الساعة السادسة مساءً >>التفاصيل>>,OBJ
2940,مسيرة للإخوان في الإسماعيلية تنتهي باشتباكات مع الأهالي بالشارع التجاري #السادة_المحترمون …,OBJ
2941,3 غير صحيح! التوقيع لخالد كان لتمكينه وهو الشاب الوحيد والأكثر جراءة في الدفاع عن المدنية من دخول السباق الرئاسي,POS
2942,هو الاحتلال عبارة عن ايه؟ دبابات طيارات مجنزرات اعتقالات حظر طوارئ قتلإلخ تبقى ثورة دي ولا احتلال؟؟ احتلال ا…,NEUTRAL
2943,أتحدى أي شيخ من المتاجرين يطلع يقول الكلام اللي بيتقال قدام السفارة على الهواليه لإنهم يعشقوا التحريض بس وتسخين الشباب لإن ده بيزود السبوبة,NEG
2944,بدل ما تطلع تقول قدمنا اولادناما تقدم نفسك يا أخي #السادة_المحترمون 2 …,OBJ
2945,#طرب_تايم #ذكرى ياحبيبي وينك انت وين انا الكمان خرررررافي,POS
2946,انا استمتعت بأداء تشيلسي أمام اتلتيكو مدريد الكرة التي احبها الكرة عقل مدربين وليس فقط مهارات وسرعات لاعبين #ذا_شامبيو…,OBJ
2947,من يمنع الضيقة على قلب مرتاح ومن يحتوي ضخ الغلا داخل الدم هذي هي الدنيا بها هم وأفراح ليت الفرح يقضي على زايد الهم #بيتين من #الواتس_اب,NEUTRAL
2948,3) #الطبالة يمارسون #حرب_اللاعنف على المشروع الاصلاحي، فيحاربون جميع المصلحين بالقذف والتخوين مما يساهم جليا في خلق متطرفين راديكاليين,NEUTRAL
2949,"#محمود_سعد : ""أنا بحب الراقصات وهم فوق رأسي""",POS
2950,الشعب مش لاقي ياكل والاسعار نار والشغل واقف والانقلاب يبنى نصب تذكارى فى رابعة بعشرين مليون مش حاسين بالناس,NEG
2951,العبيد فى اعلام العار لم ينطق بعد تصريح ايهاب رمزى ان الاقباط سيقاطعون انتخابات البرلمان ويصوتون لا للدستور اذا,NEG
2952,كرستيانو يحصل على لقب لاعب الاسبوع في موقع جول دوت كوم ( ) #ريال_مدريد,OBJ
2953,"#يوسف_الحسيني القبض على الفلوطة "" صبحي صالح "" في الأسكندرية #السادة_المحترمون …",OBJ
2954,#النصر_الفيصلي كلكم روحوا لحسين وربي يستاهل ترى كل فوز يجي بحماسة,OBJ
2955,1 مصر تتجدد بها دماء الاستبداد، بتشريعات مشبوهة وانتهاكات لحقوق الإنسان وقمع للمعارضين وتجريم للتظاهر السلمي وهو ليس بجريمة في المجتمع الحر,NEUTRAL
2956,"#نفسك_فى_أية_فى_الجنة_ نفسي إنه نفسي ""تهدأ""",OBJ
2957,مدن: 25 مليار ريال حجم الاستثمارات بصناعية جدة الثانية #السعودية # #الرياض #الدمام #جدة #مكة #الخبر …,OBJ
2958,إذا قابلنا الإساءة بالإساءة فمتي تنتهى الإساءة ؟,OBJ
2959,ناخد من الرسول عليه الصلاة والسلام قدوة لما كانوا بيشتموه كان هو كمان بيشتمهم تفتكروا؟ كان زماننا بوذيين,NEUTRAL
2960,64 لا خفت انا كده، اللهم نجنا من غضب الاخوان و اجعل كلامنا خفيف عليهم,OBJ
2961,الاسواني:قبل أن تشترك القوى الوطنية في أى انتخابات قادمة يجب عليها أن تجد اجابة لهذا السؤال: المقال كاملاً >> … …,OBJ
2962,واضح ان الناس اللي ساكنة في 6 اكتوبر بتروح مدارس وتشتغل في القاهرة والجيزة وده سبب كافي لزحمة رهيبة,NEG
2963,لماذا نتمسك بانتخابات تحت اشراف دولي ؟! أقرأ المقال كاملا …,NEUTRAL
2964,العقد الذى بين المجلس و الشعب انهار لانه لم يحترم,OBJ
2965,_ مش مذكورة,OBJ
2966,"من كتاب دعوة للتعايش للدكتور عمرو خالد : ذات مرةٍ قال أبو حنيفة: ""أنا أرى كذا""، ولم تنتهِ المناقشة، فكتب أحد",OBJ
2967,#حازم_عبد_العظيم يكشف لماذا تحول من صفوف #الثوار لصفوف #الانقلاب,OBJ
2968,#ارسلي_لأخوك_كلمة_أحبك_وصوري_ردة_الفعل مو منك من إلي يقولك -_-,OBJ
2969,#ثوار #المرج #عزبة_النخل #المطرية #عين_شمس ما نبقاش رجالة لو ماطلعناش ال 5 سيدات من #قسم #المرج الليلة #مرسي #الاخوان #انتخبوا_,NEG
2970,بعد أن كان 6 اكتوبر 1973 هو يوم انتصار الجيش للشعب ينتظر الجميع 6 اكتوبر 2013 ليكون يوم استعادة الشعب للجيش,OBJ
2971,بصراحة دى اكتر حاجه بتخلينى مش بحب تويتر موضوع الفولورز,OBJ
2972,الآن أحل ضيفاً على الإعلامية رولا خرسا في برنامج الحياة والناس على قناة الحياة 2 وحديث حول تنظيم القاعدة,OBJ
2973,شاهد - آخر كلام: منزل لـ مبارك في باريس، يحرص الفرنسيون على عودته لنا ربما أكثر من حرصنا #25 # #,OBJ
2974,#وزير_التموين: #الدعم لا يصل لمستحقيه وعودة #المجمعات_الاستهلاكية قبل رمضان || لمزيد من التفاصيل على الرابط,POS
2975,83 مصلحة الشعب فوق اي وسيلة,OBJ
2976,أضحك من قلبك مع عصام العريان وقناة الجزيرة وتعليق العريان على ثورة 23 يوليو # …,OBJ
2977,دموع يوسف الحسيني على معاناة أهل أحمد أسامة ضحية الإخوان بأحداث رمسيس …,OBJ
2978,عرض الاسبوع 40 ألف متابع #شوارعنا #فن_تتقنه_النساء #ذلك_الشخص #شي_ودك_تجربه #بوح #درر #عجبني #حلو #مكه [2034674],OBJ
2979,#لو_كان_السادات_عايش كانت مصر من أكبر الدول المنتجة و كانت ضمن مجموعة الثمانية رحمة الله عليك يا أسد العرب و قاهر اليهود,OBJ
2980,"صوره جميله لعشب استاد #الامارات ! #ارسنال """,POS
2981,اللهم آآآآآآآميـــن #الدولة_الإسلامية #باقية #العراق #سوريا #بورما #الشيشان #افغانستان وسائر بلاد #المسلمين,OBJ
2982,د عبد المنعم أبو الفتوح : في برنامجي الانتخابي جانب يركز على تغير ثقافتنا عن التعليم الفنى والمهنى والاهتمام بدعمهما,OBJ
2983,"# بالأسماء شهداء القوات المسلحة في #انفجار_العريش""",OBJ
2984,:) #فولورز_عفركوش_بيعملو_فولو_لبعض #فولورز_اسلاموفيتش_بيعملوا_لبعض_فولو,OBJ
2985,#قذائف خاطئة أطلقتها قوات #النظام على مبنى يتمركز فيه عناصر من ميليشيا #حزب_الله اللبناني في #القلمون #سوريا #نيران_صديقة,OBJ
2986,الميزة الوحيدة لحزب النور هو توافر مادة جيدة للبرنامج لكن انا بقول ان البلد اهم من البرنامج :),POS
2987,#الداخلية_بلطجية واقعة الاعتداء على الزميلة م/ #داليا_رضوان,NEG
2988,95 فيه :),OBJ
2989,الي #حمدين_صباحي: لو أنت عاوز تحاكم #السيسي يبقي أنت ما فرقتش كتير #عن اللي حاكم #سليمان_خاطر #نقطة #مصر #الانتخابات_الرئاسية #اليوم_السابع,POS
2990,على فكره اللى انتى متعرفهوش عنى انى لما بكون مقفول من حد #لازم اكون #مستفز لأقصى درجه معاه لحد ميعرف هو عمل ايه !!,OBJ
2991,شاهد - آخر كلام: أزمة التأسيسية قنبلة في الطريق #,OBJ
2992,دبلوماسية محشي الشبت مقال اليوم في الشروق ياريت مرسي يبقى يدي للشعب وصفة محشي الشبت نبقى طلعنا منه بحاجة,NEG
2993,أنباء عن تغيير أوقات الدراسة في الرياض اعتباراً من العام القادم من ١ظهراً إلى٥عصراً وذلك لمدة ٤ سنوات لعمل #مترو #الرياض,OBJ
2994,القدرة هى منحه من الله لك اما الامكانات هى مابداخلك لاستخدام هذه القدره دكتور #ابراهيم_الفقى,OBJ
2995,يتعين بمتخصصين لإزالة المباني المخالفة #السادة_المحترمون,OBJ
2996,#الفكر لايواجه إلابالفكر لابالبطش والظلم والقهر فتحقيق #العدل والمساواة والحواريقضي على الانتهاكات العلميةوالعقلية و #الشر…,OBJ
2997,بالفيديو بنات #خادم_الحرمين تظهرن بملابس خليعة ؟ #اوعى_تنسى #كلمة_العدناني_ماكان_هذا_منهجنا # #,OBJ
2998,الأسواني:اذا لم تتوحد القوى الوطنية فورا من أجل استخلاص الدولة المصرية من أيدي الاخوان فلسوف ندفع ثمن غاليا نحن وأولادنا,NEG
2999,إضراب سلمي للعمال في ألمانيا بمناسبة #عيد_العمال,OBJ
3000,ندوة د عمرو حمزاوي بجامعة المنصورة الجزء الثانى,OBJ
3001,تشييع جنازة العميد الشهيد أحمد زكي من #مسجد_الشرطة ب #العباسيةو #ابراهيم_محلب و وزير الداخلية يتقدمون الجنازة #,OBJ
3002,#واحد_فاضي #الهلال #السعودية #النصر #النصر_الهلال #غرد_بصوره #الرياض #زيادة_المتابعين #رتويت #هاشتاق_خاص [2602308],OBJ
3003,"الحب في مجتمعنا #مصطفى_محمود #الأحلام _ """,OBJ
3004,بيقولك دعوة #السيسى دى دعوة لحرب اهلية على اساس ان التلويح بسيناريو سوريا والارهاب فى سينا والدعوة للعصيان وتقسيم ال…,NEG
3005,متى نرى تحليلا سوسيولوجيا متعمقا يليق بهذه الأغنية وتلخيصها لأحوالنا وطريقتنا الفريدة في المزج بين الحزن والعبث,OBJ
3006,دفاعا عن الحرية والديمقراطية والمدنية وسيادة القانون التي أؤمن أن خلاص مصر مرتبط بالانتصار لهم، وللرأي العام، وللتاريخ الذي يدون الآن، أسجل:,OBJ
3007,#رمضان قد أتيت فماذا تغيّر من آخرِ لقاء؟,OBJ
3008,شاهد - آخر كلام: كيف نحمي أمن مصر القومي #,OBJ
3009,"دعمرو حمزاوي برنامج"" بلدنا بالمصري "" 25مارس 2012",OBJ
3010,#اعترافات_الطفولة احب كونان واحلم يرجع سينشي ونتزوج,NEG
3011,عرض الاسبوع 40 ألف متابع #شوارعنا #فن_تتقنه_النساء #ذلك_الشخص #شي_ودك_تجربه #بوح #درر #عجبني #حلو #مكه [2007631],OBJ
3012,شاهد - الإخوان: حل البرلمان انقلاب على المسيرة الديموقراطية 16,NEG
3013,يوما ما سيعترف #حزب الله انه يعمل مع #اسرائيل !!,OBJ
3014,شاهد - آخر كلام ـ يسري فوده: هذه معركة لا يحسمها وزير #,OBJ
3015,368 ممكن و نص،احنا صمنا سوا و الأذان للمغرب و مدفع الإفطار صاحبته أجراس الكنائس، الفقر لا يفرق بين الأديان و #مصر وطن لكل الأديان,OBJ
3016,حق شهدائنا يضيع بشكل منظم نظامنا القضائي عاجز عن القصاص والجهات التشريعية والتنفيذية لم تدعمه، ومحاسبة كل من قصر في جمع الأدلة ضرورة,NEG
3017,عمال أعد خرفان و برضه مش عارف أنام من الكلمة دي: محححححكمة,OBJ
3018,#في_عالم_موازي اي خول من دول يتمسك فى الشارع يقلع ملط و يركب الحمار بلشقلوب و نزفه ف العشوائيات,NEG
3019,يافدي النصر ويازين الملعب غايه في الروعه والجمال ️️️️️️️️️  # #النصر_الشباب …,OBJ
3020,شوفتوا؟ الدنيا مش سودة قوي,OBJ
3021,عصام سلطان يكتب | فاجعتــان,NEUTRAL
3022,1 رئاسة منتخبة لم تعصم دماء المصريات والمصريين وقبلت حدوث انتهاكات لحقوق الإنسان دون محاسبة,NEUTRAL
3023,"الاعلامي محمد فودة يعقد مؤتمرا جماهيريا غدا بمدينة #زفتى بحضور الفنانة #غادة_عبدالرازق لدعم المرشح #عبدالفتاح_السيسي # إلعب ياسيسي:)""",POS
3024,رحماك من هذا العذاب قلبى من ااشواق ذاب #عبدالحليم_حافظ #يا_مالكا_قلبى,OBJ
3025,#شاهد #90دقيقة : رصد حال اليوم الدراسي فى #الجامعات و شكوى #الطلاب على شبكة #قنوات_المحور #المحور #المحور_2,OBJ
3026,لن نتفاوض مع حكومة وحدة وطنية فلسطينية إلا إذا اعترفت #حماس بـ #إسرائيل #فلسطين #المصالحة #تسق…,OBJ
3027,"ألتقيكم اليوم مع الإعلامي عمرو الليثي الساعة 930 مساءً، في برنامج ""90 دقيقة"" على قناة ""المحور"" للتحدث عن زيارة دول حوض النيل و عن سيناء",OBJ
3028,#أثيوبيا : قرار رسمي من #الإتحاد_الأوروبي و #روسيا و #الصين و #إيطاليا و #البنك_الدولي بوقف تمويل بناء #سد_النهضة الأثيوبي,OBJ
3029,#محمد_علي_خير _:قرار الرئيس #عدلي_منصور بتحصين قرارات الحكومة من الطعن عليها أمام القضاء غير موفق #مساء_الخير #,NEG
3030,تبااااااااااااااااااااا لك ياااااااااااااااااااا #مارك وأخير استطعت تغيير إسمي دعواتكم أصدقائي كي أتمكن من استرجاع إسمي الأول,NEG
3031,الانتخابات القادمة ستكون لحظة مهمة في تاريخنا سيعرف ملايين المصريين من يساند الثورة ومن يتآمر عليها اما رضا عام وأما معركة حاسمة,OBJ
3032,الإخوان ناسيين إن إدانة اعتداءات التحرير بتطلع من منظمات حقوقية وثورية ومكتفين بإستخدامها للزياط لفض التحرير مش لعلاج المشكلة من جذورها,OBJ
3033,"الأمن يسمح لـ"" #الألتراس"" بحضور نهائى شباب اليد بين #الأهلى والطيران لمزيد من التفاصيل",OBJ
3034,هي قطر عملت إيه تاني؟,OBJ
3035,يا شباب أهدى لكم قصة الحب هذه و حلقة جديدة من بسمة أمل - الحب الحقيقي لا يموت,OBJ
3036,سلاماعلى شهداء الانتصارالعربى ، وتحية الى قواتنا المسلحة التى عبرت بمصر من الهزيمة الى النصر (إن ينصركم الله فلا غالب لكم),POS
3037,التيار الشعبي وجبهة الانقاذ اكتشفا أخيرا أنهما بلا قيمة فى زمن الانقلاب بعد اعلان قانون التظاهر الجديد,NEG
3038,ما بين بعينك على كثر مااجاااك #عبدالمجيد,OBJ
3039,_ بارك الله لكما وبارك عليكما وجمع بينكما فى خير زيجة موفقه ودعواتى للاسرة بالخير والسعادة,OBJ
3040,ابعد عنهم ما انتاش قدهم #وايت_نايتس,NEUTRAL
3041,لن نستسلم لتهديدات الانقلاب العسكرى ومرسى سيظل آمنًا بفضل دعم أمريكا | أخبار الموجز …,NEUTRAL
3042,صبآحي حبـة مسكنـة لـ نزلـة الحنين التي تعتريني الآن ~ #صباحي,OBJ
3043,#جوارديولا: أملنا في #ميونخ #ذا_شامبيووونز #بايرن_ميونخ #ريال_مدريد,OBJ
3044,اتمنى ان تكون القوى الإسلامية والليبرالية واليسارية راغبة بالفعل في تشكيل قائمة وطنية موحدة لخوض الانتخابات البرلمانية القادمة #,POS
3045,اليوم السابع | اليوم وقفة لدعم #حمدين #صباحى بـ #العجمى,OBJ
3046,جملة اعتراضية ـــــــــــــــــــــــــــــــ هل هذه الانتخابات عادلة ؟!,NEG
3047,بادافع عن واحد قال عني شخصيا عميل وخائن وجاسوس وتسبب في تشويه سمعتي عند كثير من المصريين! شفتي إزاي؟!,NEUTRAL
3048,بالنسبة لقناة #فلول و الحاجة #سما_المصري اللي صدعونا بخبر القبض عليها وتراخيص وحوارات القناة لسه شغالة هو كان فيلم هندي عشان يتشهرو اكتر,NEG
3049,وزارة جديدة بالكامل بما فيها رئيسها تمثل الثورة ولاتشمل أى من عناصر حكومة الرئيس السابق هى الطريق لإكساب المصداقية وثقة الشعب,OBJ
3050,#يوسف الزلزلة كن رجل وبربقسمك أولا إلتزم الصمت واستمع للاستجواب ثانيا كن بصف رئيس الوزراء رابعا بجدارة انت حكومي😂,OBJ
3051,اللهم امطر على قبر #محمد حسين جمعه وعلى قبور جميع موتانا وموتى المسلمين من سحائب رحمتك يارب اللهم اغسلهم بالماء والثلج والبرد,POS
3052,إدارة الصفحة || من هو مرشحك لإنتخابات الرئاسة المصرية شاركونا على الرابط التالى,OBJ
3053,الداخلية مدمنة كذب من زمان بس لما لقت رئيس الدولة نفسه بيكذب والمسألة ماشية قالت تنزل اسطوانة حمادة حتى لو كانت واسعة ماجتش عليها يعني,OBJ
3054,"#حمدي_قنديل: طلبت العمل في"" #ماسبيرو"" بدون أجر ولم أتلق ردا | #الدستور الأصلي",OBJ
3055,حب البلد بيعيش لما يموت الجوع #حمزة_نمرة مهما كلت وشبعت برضو مش بحبها,NEG
3056,نرفض التدخل في تشكيل الحكومة الجديدة من أي جهة أو حزب ونرفض أي شكل من أشكال الضغط على قرارت عصام شرف,NEG
3057,الكاتب الصحفي سليمان جودة ضيف #يوسف_الحسيني في #السادة_المحترمون,OBJ
3058,#البنزين بيغلى و #الشعب هيوسع احا يا حكومه,NEG
3059,#التحرير | بالصور امرأة تغطي جسدها بـ12 ألف نحلة الحدث الأكثر غرابة هو قيام امرأة بارتداء 12 ألف نحلة,OBJ
3060,"الدين الاخواني بتاعكوا مافيهوش "" لا يسخر قوم من قوم عسى ان يكونوا خيرا منهم"" احنا المسلمين عندنا كدة ف…",NEUTRAL
3061,لمشاهدة الحلقة الحادية عشر من برنامج #قصة_الأندلس:,OBJ
3062,المضحك في الموضوع إن أنا عمري ماتخيلت اني أخش الاتحادية،غير ااني أقف عالسورأتظاهر #يوسف_الحسيني #الس…,OBJ
3063,#البيض_يتمثل_فى الي يعمل فولو و لما اعمل الباك يعمل انفولو,NEG
3064,#هتحبك_لو تحاول تقنعها باللى انت عايزه بهدوء مش زعيق وخلاص ;),POS
3065,هذا هو حال جمهور الهلال وهو يناضر جمهور النصر يحتفل بالكاس #النصر_الهلال,OBJ
3066,نيويورك تايمز: الانقلاب دراكولا يبطش بالصحافة,NEG
3067,ال ع الشمال ده زييت #باسم_عودة الإرهابي أما ال ع اليمين ده زيت الإستقراااااااااااااااااااارررررررر #هز_ديلك …,NEG
3068,النائب المهندس حاتم عزام هو صاحب مشروع تعديل انتخابات رئاسة الجمهورية الخاص بالفرز فى اللجان الفرعية واعلان نتائجها وتسليمها للمندوبين,OBJ
3069,#هادي_خشبة يدافع عن #أبو_تريكة,OBJ
3070,_ عشان دي منطقتهم اللي المفروض دارسينها,OBJ
3071,الإعلان الدستوري اعتداء غير مسبوق على استقلال القضاء وأحكامه,NEG
3072,الوطن | إدارة أوباما ومصر | عمرو حمزاوي:,OBJ
3073,لواء اركان حرب اسامه عسكر (اسمه فعلا عسكر) يعلن قرار القوات المسلحة: المنابر لازهريين يحددهم الطيب بس مش انقلاب عسكرى,OBJ
3074,#النهضة يتوج بطلا للدوري العماني لكرة القدم للمرة الثالثة في تاريخه بعد خسارة ملاحقه فنجاء امام السويق 3-5 #عمان,OBJ
3075,محظورة حكومياً وثورياً و شعبياً و قانونياً #السادة_المحترمون,OBJ
3076,شاهد - سفير الحضارة المصرية - الرحالة المصري أحمد حجاجوفيتش في السادة المحترمون # #,OBJ
3077,كلمة الفريق أول عبدالفتاح السيسي أثناء استقبال جثامين شهداء سيناء #السادة_المحترمون …,OBJ
3078,خلافا لما ذكر في بعض البرامج، ليست لجنة مجلس الشعب لتقصي الحقائق بشأن مذبحة بورسعيد جهة تحقيق جنائي هي جهة تحقيق,OBJ
3079,عندما يكون المتهم بطلا ويكون الحاكم والسجان جبناء مرسي رئيسنا الشرعى والانقلاب ساقط لا محالة,NEUTRAL
3080,إعادة ضبط بوصلة الذات السياسية (١) - بوابة الشروق ::,OBJ
3081,#دعوه_للتفاؤل هاشتاق جا بوقته *-*,OBJ
3082,شاهد - آخر كلام: شباب الإخوان وحزب الحرية والعدالة,OBJ
3083,#علامات: من علامات موت القلب عدم الحزن على مافات وعدم الفرح على ماهو آت,NEG
3084,أتابع ما يحدث اليوم وسأعلق عليه خلال الساعات القادمة، وحزب مصر الحرية يصدر بيانا الآن,NEG
3085,"وزير الزراعة #الأردنى السابق #يتفقد زراعة #القمح على ""#مصاطب"" بالشرقية | الزقــازيق",OBJ
3086,يجب ووقف فورى للعنف ومحاكمة المتورطين فيه علناً,NEG
3087,أنا ماباحبش أقول حكاية والد علاء دي عشان بتقلل منه وحتى علاء نفسه بيزعل إن والده مش واخد حقه ككاتب عظيمصباح الورد ياعمي,OBJ
3088,عجز الموازنة في الربع الأول حسب تقارير وزارة المالية الرسمية يفوق 50 مليار جنيه الرقم صحيح وموثق,OBJ
3089,التوزيع اللوجستي للخدمات الطبية والاسعاف مطلب هام لحماية الأرواح !! #الامارات # وزارة_الصحة # وزارة _ الداخلية,OBJ
3090,ادعوا الى إتفاق القوى الإسلامية والليبرالية واليسارية على تداول السلطة في إطار الالتزام بمبادئ الشريعة الإسلامية كمصدر أساسي للتشريع,NEUTRAL
3091,"مستشار قانوني ومحامي 0538755527 ""خبراء في الأنظمة والمحاماة"" #محاماة #مستشار #قانون #زواج #قضايا #محامي #الرياض #قضية #رقم #ريتويت ; -!",OBJ
3092,#عاجل #الرياض #مكة #خواطر #غرد_بصورة #غرد_بصوره #دبي #غرد_بذكر_الله [31473905],OBJ
3093,و لو ان الإرهابي صفوت حجازي او غيره قاوم بالسلاح فليقتل اير مأسوف عليه،فهذا هو القانون الذي نجاهد لتطبيقه على الجميع,NEG
3094,كيف تحول المصيبة إلى بسمة أمل ؟! قصة ريك أندرسون,OBJ
3095,إحرقوا مقراتنا، اقتلونا، لن تقتلوا أفكارنا ولن تحرقوا مبادئنا، سنظل كما عرفنا العالم، لا نملك الا الحجة والبرهان والبيان,OBJ
3096,القطاع الخاص الوطني و المبادرات الأهلية و موارد الدولة,OBJ
3097,راسك برضو يا حوده #انتخبوا_ #فيفي_عبده,NEUTRAL
3098,57 حالة إعتداء على صحفيين في #مصر خلال أسبوعين#العرب,OBJ
3099,#أغنية دوي #الثورة- روزبه من #ليبرتي و #منيرة حمدي من #تونس #اشرف #آزادي #الحرية #ايران,OBJ
3100,(2) #مش_لازم ممكن اكون شايفاها متستحقش الزعل ولا هو يهمنى و يستحق انى ابرر,OBJ
3101,"عندنا القضاء ""الواقف"" وهو المحاماة والقضاء ""الجالس"" وهو القضاة والعدل ""النائم""!ا #جلال_عامر",NEG
3102,#نبض_رابعة #ضد_الانقلاب #حاميها_حراميها #المنصورة إستجابه للتحالف الوطني لدعم الشرعية في أسبوع #حاميها_حراميها,OBJ
3103,شاهد - آخر كلام - يسري فوده: الدور الآن على من؟,OBJ
3104,إن الكريم إذا قدر عفا و إذا حاسب سامح اللهم انك عفو تحب العفو فاعف عنا,OBJ
3105,#اﻷهلى هو اللى دايما مفرحنى الحمد لله على نعمة انى #أهلاوى,POS
3106,الشعب المصري يقضي على أسطورة التيار السياسي المتأسلم,OBJ
3107,الانتخابات البرلمانية القادمة محطة كبرى، فإما تقارب بيننا وبين الدولة المدنية بمعانيها غير العسكرية وغير الدينية أو تباعد بيننا وبينها,POS
3108,#اعترافات_الطفولة انا اللي طيحت اخوي يوم كان بالمهاد من ايدي وخليت الخدامه تنزف بدالي,OBJ
3109,#اتنين مقدرش ابدا افوت حلقة من برامجهم مهما كان السبب #ابراهيم_عيسى و #امانى_الخياط,OBJ
3110,طلعت بالكلام ده كله من صورة؟ المفروض ابقى قليل الادب و ارفض التصوير مع اي حد؟,OBJ
3111,إذا كنت أستفز الحقير فهذه نعمة من عند الله,OBJ
3112,من أجمل ماشاهدت في حياتي أكبر نجوم هوليود وهما عالمسرح بيتجمعوا لقراية كتاب هوارد زن عن التاريخ الشعبي لتوصيله للناس,POS
3113,الرسالة رقم 43 الجزء الثانى لكتاب رسائل سجين سياسى الى حبيبته,OBJ
3114,حزب النور أول خازوق كان منه ، كان في انتخابات الرئاسة إما عدد كبير منهم انتخبوا #مرسي وكانوا بالكلام مع #أبوالفتوح #انتخبوا_,NEG
3115,الفجر| السفير حسام القاويش، المتحدث باسم #مجلس_الوزراء، للإعلامية #جيهان_منصور في برنامج #صباح_التحرير: المهندس,OBJ
3116,"#اكتب_عبارة_على_باب_قلبك ' فراق وجهك ضيق ومواجهك عيد والوقت قاسي والتقاليد قـــشرا""",NEUTRAL
3117,العوا يقرر تعليق حملته الرئاسية حتى تعلن إجراءات جادة عن تنظيم إنتخابات الرئاسة وموعد محدد لها لأن الاستمرار فى ظل هذه,OBJ
3118,#رايف_العتيبي هم لفاني ياسعد حزة عصير من بين خلق الله قلبي سطابه حتى بحياتي ياسعد عرقل السير اصبحت كني ميت من عذابه #عبدالمجيد العنزي,NEUTRAL
3119,نـآآس بتحسب عمــرهـآآ بالدقيقه والسنهبـس كلــه الا انــآآ انا عمــرى م الليله أبتدي #عمرو_دياب,OBJ
3120,بيع متابعين جودة عالية #بيع_متابعين #انستقرام #الكويت #السعودية #قطر #البحرين #مصر #درر #بوح #حكم [2866438],OBJ
3121,السعودية دفعت عشرة مليارات للسلطات العسكرية للإفراج عن مبارك #مصر,OBJ
3122,محمود الجوهري هو القائد الوحيد الذي هتفت بحياته وأفتخر بذلك وهتفت بسقوطه وندمت على ذلكرحم الله محمود الجوهري رحمة واسعة,NEUTRAL
3123,أعتذر لمن كانوا ينتظرون ظهوري اليوم في ساقية الصاوي عندي أسبابي فأرجو تقديرها,OBJ
3124,تجديد حبس #ياسر_علي متحدث رئاسة #المعزول 15 يوما في قضية التستر على #هشام_قنديل| ياااااه وحشتونا ووحشتنا نوادركم …,NEUTRAL
3125,اللهم لا تعلق قلبي بما ليس لي و اجعل لي فيما أحب نصيباً,OBJ
3126,العالم بيتجه للتقليل المنتظم والمستمر من اعتماده على الفحم ومصر عايزة تزيد منه! #أوقفوا_الفحم,NEG
3127,شاهدوا #أجمل #فساتين #الفنانة #غادة_عبدالرازق عبر موقع #مجلة #ليالينا,OBJ
3128,عودة إلى عصر المحميات في الخليج كل #أردني و #سوري لازم يقرأ الجزء الأول كل #سعودي لااازم يقرأها كااام…,OBJ
3129,مرسي بيعمل جلسات الحوار الوطني عشان يفرح لما يلاقي حد يقول له السيد الرئيس فينسى اللي حصل وبيحصل له في المحافظات وقدام الإتحادية,NEG
3130,حوار مع خواجة (1) مقال اليوم ومحاولة لفهم ما جرى وما يجري,OBJ
3131,662 #الراتب_مايكفي_الحاجة #الاتحاد #الهلال #النصر #الاهلي #مرسي,OBJ
3132,| فيلم #ثوار #ورق# : #مصر # #مرسي_رئيسي #انتخبوا_,NEUTRAL
3133,اعتذار سي بي سي عن حلقة الشيطان الاراجوز جزء من التمثيلية لاظهار أنها شملت مساسا بسيسي او الانقلاب لا تصدقوا,NEG
3134,من يمنع الأقباط من التصويت كما يحدث الان لا يحق له بعد ذلك ان يتحدث عن الدين شهوة الاخوان للسلطة قد اعمتهم عن اى اعتبار اخلاقي او ديني,OBJ
3135,الخطأ القومي عندنا هو التبجيل,NEG
3136,"مصر أول دولة في العالم تسمح لها روسيا بشراء طائرات ""ميج 35"" #المصري_اليوم",OBJ
3137,انا #مسلم وبفتخر,POS
3138,اهم مطلب الان إيقاف المحاكم العسكرية لانها تستعمل كعصا غليظة للقمع نزول اى واحد فينا للتظاهر الان قد يكلفه شهور وسنوات في السجن الحربي,NEUTRAL
3139,#سوريا - 27 4 2014 سرايا الحق بالاشتراك مع حركة حزم لواء الإيمان بالله دك معاقل الشبيحة بصواري -,OBJ
3140,شاهد - آخر كلام: د محمد البرادعي - ليلة جمعة 8 يوليو - موجة الثورة الثانية 8,OBJ
3141,افتتاح مشروع تخرج الدفعة الاولى من مشروع اكاديمية #الدستور,OBJ
3142,#بصـراحـه في آلعمر حكاية واحده فقط نجد فيها وطن حقيقي ومادونها مسرحيات متعدده نؤدي دورنا فيها ببراعه,NEUTRAL
3143,اتابع بسعادة واعجاب مئات المغردين الشجعان اسلوب شيق وخفة دم ورؤية ناضجة واستنتاجات مذهلة مواهب مصر كثيرة يدفنها الفساد والواسطة واللصوصية,NEG
3144,فوثق اللهم رابطتها #ورد_الرابطة #نبض_اﻷمة,OBJ
3145,لا تحزن اذا ضاقت بك الحياة ربما اشتاق الله لسماع دعائك :') #عمرو_خالد,OBJ
3146,فيلم الشتا اللي فات هيبدأ عرضه في لندن يوم 23 أغسطس في آي سي إيه,OBJ
3147,الانقلاب كشف الحرب القذرة على احرار الالتراس الاعلام الفاسد يدعم مشروع تصفية احرار الالتراس,OBJ
3148,نت #فودافون بيعلم الصبر,NEG
3149,سيطرة البلطجية المسلحين على الشوارع ليلا قتلوا ملتحيا أمس فى جسر السويس كارثة أمنية غير مسبوقة,NEG
3150,"باراك #أوباماقرار الرئيس الفلسطيني محمود #عباس تحقيق المصالحة مع حركة#حماس ""غير مفيد"" غير مفيد لمن؟ ومن يقرر ذلك؟ """,OBJ
3151,اللي هي المرجيحة الكبيرة اللي على نهر التايمز بلندن بتدخل ايرادات تلت قناة السويس,OBJ
3152,هل عمرك قابلت حد بيفهم وفي نفس الوقت بيدعم المتأسلمين عن قناعة مش للمصلحة؟,NEG
3153,يا أستاذة تيريزا خلافي مع الاسلام السياسي معروف لكني لن امارس خلافي على حساب الحقيقة سأحترم اختيار الشعب مهما اختلفت معه,NEUTRAL
3154,لا انا معنديش خط اتصالات بس لو #فودافون مش اتظبتت شكلى هحول يا نيفين والله :),OBJ
3155,#إنفوجرافيك الساعة #السيسي #الانتخابات #الاخوان #صباحي #الشرطة,OBJ
3156,مهو لما الواحد يصتبح علي جدول #الامتحانات كدة مفروض بقيت اليوم هيبقي عامل ازاي -_-,NEG
3157,"يقول رسول الله صلى الله عليه وسلم: ""يُقال لقارئ القرآن اقرأ وارتق ورتل كما كنت ترتل في الدنيا، فإن منزلتك عند آخر آية تقرؤها""",POS
3158,إتفرج ياسلام صلاح جاهين ومحمود السعدني في بروجرام واحدرحم الله الجميع وجزاهم عنا وعن مصر خير الجزاء,POS
3159,الأسواني: لماذا وصل بنا الحال إلى الدرجة التي دفعت مصريين كثيرين الى الحنين الى نظام مبارك الفاسد الظالم تماما >> …,OBJ
3160,ارجو من مذيعي وضيوف الجزيرة الرد على حسام فودة عندما يكرر عبارته اليومية ما هى صفة خيرت الشاطر ليلتقي سفيرة,NEG
3161,أحد الحضور: نحن محبوسين في مصرلعدم قدرتنا على التواصل مع المجتمع,OBJ
3162,أنا الحقيقة مهتم أكتر بإني أعرف المسلمين الإسلاملإنهم لو عرفوه مش هنحتاج نعرفه للأمريكان ولا غيرهم,OBJ
3163,الاسواني: لماذا تعارضون الاعلان الدستوري الذى أصدره الرئيس مرسي ؟! >> المقال كامل >>,OBJ
3164,ما ينفعش تقوللي أنا الكلام ده وإنت عارف كويس,OBJ
3165,"أنصار مرسي يحرقون ""مطرانية القوصية"" بأسيوط",OBJ
3166,المعتصمون داخل مسجد الفتح يستخدمون طفايات الحريق ويتهمون الجيش بإطلاق قنابل الغاز عليهم #السادة_المحترمون …,NEUTRAL
3167,بما إن #الربيع_العربي يصب في صالح أمريكا ، ويدمر المسلمين ، فهو اختراع أمريكي #سياسة #الثورة,OBJ
3168,شاهد - آخر كلام: السلفية في مصر - الشيخ أسامة القوصي #,OBJ
3169,و بمناسبة الضرورات تبيح المحظوراتتعريف الضرورة هي ماهلك دونها الانسانيعني المعاناة بدونها ليست ضرورة الاشباه و النظائر للسيوطي,OBJ
3170,الكاتب الصحفي جمال فهمي وكيل نقابة الصحفيين ضيف برنامج نقطة لقاء النهاردة مع يوسف الحسينيتابعونا,OBJ
3171,"دولة #القانون #القضاء_الشامخ أوبهة سجن 42 متهما ما بين3 إلى23 عاما بتهمة""التظاهر وقطع الطريق""بالمنيا #مصر #الثورة",NEG
3172,الضعف الانتخابي والجماهيري لا يقتصر على الأحزاب الجديدة ويطال بكل تأكيد قوى راسخة في المشهد السياسي إلا أن عقود سلطوية مبارك الطويلة أنهكتها,NEG
3173,"#يوسف_الحسيني نوجه كل التحية والتقدير لشعب الإمارات العظيم بسبب أوبريت ""هذه مصر"" …",OBJ
3174,بسم الله الرحمن الرحيم ##############################################,OBJ
3175,#الشعب_يرد_تحية_الرئيس #بكار_الديوث #انتخبوا_ #مصر_الليلة #نكاح_الكاراتيه #إنصاف_الاخوان #_ …,NEUTRAL
3176,#فيفي_عبده_الام_المثالية اصلا صارت كلمة مثاليه الحين سبه عجبكم كذا طيب امشي يابن المثاليه ههههههههههههههههه زمن حسبي لله على رجاله,NEG
3177,#في_حاجة_صح وزير النقل:افتتاح مترو مصر الجديدة التى تمتد من العباسية حتى محطة الأهرام بمصر الجديدة الأسبوع الأول من مايو,OBJ
3178,يوما ما سيدرس أولادنا شجاعة المرأة المصرية التى تجلت في الثورة صلابة بنات مصر مثل نوارة وغادة كمال وسميرة ابراهيم تجعلني فخورا باني مصري,POS
3179,#بالفيديو: #الفنان #أشرف_عبدالباقي يسخر من #إعلان #وائل_جمعة,OBJ
3180,#__ #أعترافات_ما_قبل_النيزك #السعودية هناك أشياء سـ نظل نحبها مهما كبرنا ^_^,OBJ
3181,أليس الحب هو ان انظر الى وجهك الجميل،فأشعر انني امتلكت كل الدنياو انتِ كل دنياي #كلام_في_الحب #مصر #الإمارات #فلسطين #البحرين #السعودية,POS
3182,خليك كوبري #عسكر #اخوان لايق عليك # #قانون_التظاهر #قصر_الاتحادية #اسقاط_قانون_التظاهر #6ابريل,NEUTRAL
3183,لا سكر ولا زيت ولا غيره ومن يكتب هذا يردد كلاما فارغا وبالمناسبة سادعو قريبا لجمع تبرعات لقسم الحروق بجامعة أسيوط وهو في حالة سيئة جدا,POS
3184,"شبكه اخبار #المحله | مجهولون يضرمون النيران فى محول كهرباء أمام قرية ""الراهبين"" بسمنود أضرم مجهولون النيران،",OBJ
3185,7_ مش أنا اللي لسه بيهري هم بيعملوا كده وطالعين نازلين كذب أسطوري والمفروض يعني أصدقهم لما يبقى فيه دليل بالشكل ده؟ ولا أطنش؟,NEG
3186,عن الحب والصبر - رسالة للشباب - بسمة أمل,OBJ
3187,#التحرير | حملة صباحى تنظم سلسلة بشرية بالسويس لدعمه فى انتخابات الرئاسة العشرات من أنصار وأعضاء حملة حمدين صباحى,OBJ
3188,18 تسديدة و11 فرصة و51 هجمة قادت #الزمالك لإسقاط القناة المزيد من أخبار الرياضة على …,OBJ
3189,احصآئية تقول ان 88% اهداف البايرن في الشوط الثاني #حذر,OBJ
3190,#الحمدلله_علي #كل_حال,POS
3191,تابعوني الليلة علي الجزيرة مباشر مصر الساعة 10 مساءً,OBJ
3192,شاهدوا الآن درس يلقيه دعمرو خالد أثناء استراحة صلاة التهجد، ثم دعاء، تابعوه على الرابط التالي,OBJ
3193,#ليه كل من طول #شنبه مد بوزه #الشنبات #لوك ،،، مين اشنب واحد فيهم ؟,OBJ
3194,شاهد - د جلال أمين ضيف آخر كلام في محاولة لشرح ما يحدث للمصريين الآن,OBJ
3195,على غير عادته بالجلسات السابقة علامات الارتباك تظهر على علاء مبارك داخل ا #مصر #ميدان_التحرير,OBJ
3196,اللهم إنا نسألك عيش السعداء و موت الشهداء و مرافقة الأنبياء آمين,OBJ
3197,#زمكان - #مصر | #توفيق_عكاشة بيقول البت شلبية اللي عندنا في البلد أحلى من #هيفاء_وهبي,OBJ
3198,#مصر_العربية |العالم العربي| البرلمان الليبي يؤجل اختيار رئيس الحكومة إلى الثلاثاء,OBJ
3199,أنا الآن بين أهالي ضحايا قطار أسيوط في محافظتنا الحبيبة، وقد التقيت المحافظ قبل قليل وأتوجه الآن لتقديم واجب,OBJ
3200,3 3 3 :) #فولورز_اسلاموفيتش_بيعملوا_لبعض_فولو #فولورز_عفركوش_بيعملو_فولو_لبعض,OBJ
3201,المستشار هشام البسطويسي بعد إعلانه نيته الترشح للرئاسة ضيف آخر كلام الليلة على 9 - 7 #,OBJ
3202,قصة حب أفشلتها كذبة - حلقة هامه من بسمة أمل للمقبلين علي الزواج,OBJ
3203,لم أقل ذلك تابع تويتات مش ذنبي انك بصدق أي حاجة عن الفيس بوك من غير ما تتأكد من حسابي,OBJ
3204,الامن والامان في حكم العسكر اصبحنا فعلا اضحوكمة العالم #انتخبوا_البرص,NEG
3205,عرض الاسبوع 40 ألف متابع #شوارعنا #فن_تتقنه_النساء #ذلك_الشخص #شي_ودك_تجربه #بوح #درر #عجبني #حلو #مكه [2094833],OBJ
3206,د عبد المنعم أبو الفتوح : العدل الكامل فى توزيع الثروة و الدخول ، وتنمية القدرات ، وتهيئة مناخ التشغيل الكامل,OBJ
3207,النتيجة النهائية مش لا او نعم تسعين في المية :ليه؟,OBJ
3208,على المدى المتوسط والطويل لابد من التعامل مع أزمة الفراغ الديموجرافي (البشري) في سيناء وأزمة غياب التنمية وتحدي ربط سيناء ببقية الوطن,OBJ
3209,اللى هيدوس لااااايك هبعتلواااا ادد #ميدو,OBJ
3210,ينبغي أن يرى جميع التونسيين أنفسهم في الدستور وليس الإسلاميون فقط,OBJ
3211,الحل هوتوحيد المطالب إقالة النائب العام وتطهير القضاء والشرطة ومنع المحاكمات العسكرية ثم انتخابات تنقل السلطة الى المدنيين بأقصى سرعة,NEUTRAL
3212,شاهد لقاء عمرو خالد في برنامج 90 دقيقة مع عمرو الليثي على قناة المحور عن أزمة مياه النيل - الجزء الأول,OBJ
3213,قال رسول الله صلى الله عليه وسلم: ( إنكم لن تسعوا الناس بأموالكم فليسعهم منكم بسط الوجه وحسن الخلق ),OBJ
3214,أنت شخصية عامة ياأخي الكريم لابد أن تتقبل النقد الساخر كما نتقبل نحن التكفير والتخوين من مشايخكم وأنصاركمغفر الله لنا ولك,OBJ
3215,#بني_سويف | مظاهرة نسائية حاشدة ضد حكم العسكر بمدينة بني سويف #,OBJ
3216,تخيل انك تتشاجر في الشارع انت تضرب خصمك وهو يضربك ثم يظهر شخص لكى يفرق بينكما لكنك تكتشف انه يمسكك ليمكن خصمك منك هذا ما يحدث في مصر الان,NEG
3217,مهزلة كرة القدم في العالم !! #الفيفا #السعوديه #مهزلة_تذاكر_البريد #بربسه,OBJ
3218,مافيش منظمة تراقب كام واحد دخل لجان الإقتراع؟ لازم يتعدوا من جهة مستقلة لأن بعد إضراب أغلبية القضاة الكاسحة ولاء القلة اللي هتشرف لمين؟,OBJ
3219,د أبو الفتوح في العاشرة مساء : أنزعج الآن من الأداء الأمني و هناك تباطوء متعمد من الجهات الأمنية في عودة الأمن لمصر,NEG
3220,#الهلال #النصر #الأهلي #الأتحاد #جده #رتويت #شعر #السعودية #الكويت #الإمارات #قطر #دبي #الرياض #غرد_بصوره 4559,OBJ
3221,شهود عيان يرون تفاصيل اعتداءات الإخوان بملوي #السادة_المحترمون,OBJ
3222,"زلموكة (=' ) غالبا تحريف لزلمة: ""والمُزَلَّمُ القصير الذنب"" - لسان العرب #أصل_كلمة_مصرية #لغةمصري",OBJ
3223,بعض القضاه حدثوني أنهم متعجبون من المعوقات أمام قانون استقلال القضاء وكأنه لا توجد رغبة لوجود قضاء مستقل د عبد,OBJ
3224,ايه هو اللي على الجزيرة؟,OBJ
3225,النائب العام الذي يمعن في عقاب وكيل نيابة لعدله وإفراجه عن البريء ما الذي سيمنعه هو وأمثاله من تزوير نتيجة إستفتاء؟ المبادئ؟,OBJ
3226,بالأرقام: أداء بنوك أبوظبي في الربع الأول - #الإمارات #بالعربي,OBJ
3227,#ولاد_البلد #المنصورة #مصراوي فيديو صيادو #نبروه مهددون بقطع الرزق بسبب تلوث مياه البحر,OBJ
3228,عدت للقاهرة منذ قليل وتصادف وصولي للمطار مع وصول منتخب كرة القدم المصري للصم والبكم عائدا من تركيا بعد فوزه بالمركز الثاني ببطولة العالم,OBJ
3229,انتظروا خطاب #المشير وتعلموا ولا ترفض المناظرة مع #حمدين,OBJ
3230,نشكرك تكلمتي بلسانا جميعا :),POS
3231,#الكويت #السعوديه #البحرين #قطر #ا?مارات #عمان #العراق #مصر #تونس #الجزائر #المغرب #ا?ردن #السودان #لبنان 373,OBJ
3232,من ذكريات صفحتنا || 15 أغسطس2011,OBJ
3233,القاضى كريم اسماعيل,NEG
3234,أول فيديو حي من الدكتور عمرو خالد على موقع هايد باركوانتظروا كلمة يومية من الدكتور عمرو خالد بالفيديو اشترك,OBJ
3235,"البوابة نيوز: بلاغ للنائب العام لمحاكمة ""برهامي"" بتهمة ازدراء الأديان: يسار_برهامي #مصر #النائب_العام",OBJ
3236,"د علاء الأسواني يكتب مقاله الأسبوعي بعنوان:"" من يذكر فوجيموري ؟! "" >> … … نشر صباح اليوم في جريدة المصري اليوم",OBJ
3237,مباشر 6 إبريل/ #مصر #اسيوط مصرع وإصابة 7 في مشاجرة بالأعيرة النارية بين أبناء العمومة بأسيوط لقى فلاح مصرعه,OBJ
3238,عمال #مترو أنفاق #لندن يحضرون لإضراب ليومين بسبب تخفيضات مزمعة في #الوظائف #إضراب,OBJ
3239,#مرتضي_منصور و #السبكي امام #النائب_العام لتقديم بلاغ ضد #محلب بسبب منع فيلم #حلاوة_روح #نقابة_الاعلام_الاليكترونى,OBJ
3240,"# #هام بالـ #فيديو اعترافات المهندس رياض عيد المُنشقّ عن تنظيم ""#الدولة"" # #",OBJ
3241,شاهد علي هذا الرابط: بدء لقاء دعمرو خالد,OBJ
3242,"#الثورة_العراقية :: هروب ضابط استخبارات الفوج الخامس في جهاز مكافحة الارهاب "" المقدم حسين محجوب عبد الامير",OBJ
3243,"طلبت العمل في ""#ماسبيرو"" بدون أجر ولم أتلق ردا التفاصيل على الرابط || …",OBJ
3244,#صفقات_لم_تتم #دي_ستيفانو إلي #برشلونة في الواقع، فقد اعتقد برشلونة الغريم التقليدي للفريق الملكي بانه حصل على,OBJ
3245,فأن متشدقين بالدفاع عن الحريات يرفضون الرأي الآخر ويقصون المختلفين معهم بديكتاتورية,NEG
3246,أي خروف يشوف أعداد النهاردة لازم يتواضع ويهز ليِّته خاصةً ان العيد على الأبواب,NEG
3247,القائمة السوداء: بعض شيوخ الفضائيات الدينية الذين روجوا لأكذوبة اني ماسوني وأضافوا اليها بهائي وغيرها من الأكاذيب أيضا بحق ليبراليين آخرين,NEG
3248,الفترة الاخيرة شهدت تنامي في العلاقات بين روسيا والعالم العربي #السادة_المحترمون,OBJ
3249,شاهدوا الحلقة ٤ من برنامج عُمر - صانع حضارة هذه الحلقة لم تكن فقط عن هجرة عمر بن الخطاب، ولكن كان هناك أكثر من 10,OBJ
3250,"بالفيديو "" العليمي"" لـ "" #البرادعي"": ""شباب #الإخوان معانا"" التفاصيل والفيديو عبر الرابط",OBJ
3251,كتاب لامى دا أسلوب حياة :) #ثانوية_عامة علمى رياضة 3:),OBJ
3252,أ/عصام سلطان على قناة الحياة برنامج الحياة اليوم في مناظرة قوية عن أداء المج,OBJ
3253,الانقلاب اعادنا الى عام 1955 بعيدا عن الحريات الضائعة التخلف يزحف على كل القطاعات وبكره تشوفوا مصر,NEG
3254,قصة إن ده رئيس منتخب ولازم يكمل باطلة والدليل الأرجنتين ونيكسون اللي استقال لما كذبماهياش عافية لو فشل وعاند وصمم يخلف وعوده هيعطل البلد,NEG
3255,صورة لملعب #برشلونة يوم امس وهو ممتلئ بالورود حزنا على وفاة مدرب الفريق السابق تيتو فيلانوفا,OBJ
3256,شاهد بث مباشر لزيارة أهالي ضحايا قطار أسيوط,OBJ
3257,أعتذر عن عدم الظهور الليلة لظروف خاصة,OBJ
3258,"كتاب ""مرسي ودموعي وابتسامتي"" للأديب/ محمد فتحييناقشه الليلة دعلاء الأسواني في ندوته الأسبوعية في المقطم التفاصيل",OBJ
3259,الفرق بين شجاعة طالبات الثانوي بالمحلة وجبن مسئولي التعليم ونذالة الاخوان هو ذاته الفرق بين مستقبل مصر وماضيها المستقبل قادم وسينتصر حتما,NEUTRAL
3260,هل تريد واشنطن و تل أبيب للثورة المصرية أن تكتمل؟ آخر كلام، 11م بتوقيت القاهرة على أون تي في,OBJ
3261,سبب حريق في اكثر من منزل الرجاء من الاخوان النشر منقووول #رتويت #تحذير #رتويت_للأجر #رتويت_بلآ_توقف #رتويت_فضلا,OBJ
3262,هل دعوة #حسن_البنا اخرجت الناس من عبادة القبور الى عبادة الله ؟الشيخ #محمد_أمان_الجامي #كلنا_ال…,OBJ
3263,تحية لقضاة مصر الأجلاء لدفاعهم عن حقوق الشعب المصري وحرياته وتمسكهم بمبدأ استقلال القضاء,POS
3264,#الوطن| #وزير_التموين: 1200 رغيف شهريا نصيب الأسرة المكونة من 8 أفراد,OBJ
3265,المصرى الحقيقى كالهرم الشامخ رفقته شرف و التواصل معه حق و نسيانه محال و الدعاء له واجبكل عام و انتم بخير و مصر طيبة و حرة آمنة,POS
3266,ابانوب سمير من المصابين بطلق خرطوش #اسكندرية,OBJ
3267,أنزل وشارك,OBJ
3268,يجب ادخال المزيد من ممثلي التيار المدني كأعضاء لهم حق التصويت مع رفع نسبة الموافقة الى الثلثين حتى يصدر الدستور بشبه إجماع الاخوان يرفضون,OBJ
3269,تكثر هذه الأيام تصريحات منسوبة لي لوسائل إعلام مرئية ومكتوبة لم أظهر في أي وسيلة إعلامية ولم أدل بأي تصريحات لأي صحف أو قنوات تلفزيونية,OBJ
3270,الثورة تريد تحرير العقول التلفزيون المصري يريد تغييب العقول الثورة ستنتصر,NEUTRAL
3271,لاجديد ! فجمهور #شبكة_المجد يملكون من الوفاء والولاء ما تعجز عنه حروف الشكر والثناء مبادرة #بادرة_مجداوية لا نملك نحوها …,POS
3272,#لوشز #فاشن #فساتين #فساتين2014 #فساتين_سهرة #فساتين_للبيع #فساتين_ناعمه #فساتين_دانتيل #نيويورك…,OBJ
3273,7_ أنا نشرت توضيح لفيديو تم إستغلاله بشكل واطي مش معنى إن الأمن مفتري يبقى كل اللي بيقولوه الإخوان صح,NEUTRAL
3274,المركز الاول شكرا للجميع باحبكم كلكم هاني شاكر ستايل,OBJ
3275,ثمانية دروس مستفادة من حلقة (دردشة تيوب) التي تم بثها أمس شاهدوا الحلقة كاملة على هذا الرابط، وانتظروا الأحد,OBJ
3276,2 واحد قاللي ما صدقتش وبحثت بكل الطرق وفعلا ما لقيتش ولو لقيت أرجوك تقوللي لأني مازلت مخطوف بالمعلومة,OBJ
3277,#عبارات_تعشق_الزوجة_سماعها تبين فلوس,OBJ
3278,ده أنا افتكرتهم داخلين على حسك والله وكنت لسه هاقولك المرة الجاية لو هتيجي تعالي إنتي والفوميليا بس,OBJ
3279,هذا حال الكثير مع الواتساب #الواتساب_معلق,OBJ
3280,بخصوص سد النهضة: تمتنع المزايدة دون معلومات، مع التأكيد على أن تدفقات مياه النيل مصلحة مصرية عليا لا يمكن التفريط بها,OBJ
3281,قدم الفراعنة للعالم ثلثي الاثار الموجودة حاليا واليوم يقدم شعب مصر العظيم للعالم حضارة من نوع جديد الصمود واشارة رابعة,OBJ
3282,#الحب_هو اهتمام، تنازل، كلام، احترام، فعل، دعاء، تغاضي، عتاب، تسامح !,POS
3283,""" هات مقشتك معاك "" يبدأ فريق عمل ""معاً نصنع بداية جديدةلمصر جديدة"" مجموعة من حملات النظافة فى",OBJ
3284,أي حد عايز ينتخب فرعون يبقى يدور على آلة زمن ترجع به هو لوحده لعصر ما قبل الميلاد,NEG
3285,هل قصد #ويليان و #أوسكار عدم التمرير الكرة #لمحمد_صلاح في مباراة #تشيلسي 1 × 2 #سندرلاند ؟,OBJ
3286,#سيناء المهمشة على مدار العصور السابقة واحتمال تكون القادمة,NEUTRAL
3287,الاجازة مخطط لها من اول الموسم و سنعرض في فترة التوقف حلقات تجميعية خاصة من افضل الفقرات و التفاعل مع الجمهور بين الفقرات,OBJ
3288,عناصر من الاخوان المسلمين يشعلون الحرائق في القاهرة #السادة_المحترمون,OBJ
3289,#اختاه وحيات ابوكى و امك ياشيخه بلاش تضربى غطس فى علبه الميك اب و البرفيوم,OBJ
3290,3 ماعنديش مانع انا بتكلم عن الفجر في الخصومة,NEUTRAL
3291,"بطاقة مباراة #ارسنال و #نيوكاسل """,OBJ
3292,مباراة #المصري و #المنيا مذاعة على قناة الصعيد - السابعة سابقاً - تردد 11227 رأسي #المصري # #بورسعيد,OBJ
3293,"#ولاد_البلد #المنصورة #مصراوي أهالي السائق القتيل يهاجمون قوات الداخلية، ويرددون هتافات "" الداخلية بلطجية"" أمام",OBJ
3294,#محمود_سعد قعد يدافع عن الشباب اياهم ولما جه يقول للمراسل هات لنا واحد نكلمه اتشتم هو والمراسل اتفضل حاورهم قبل ما تقنع الناس تقبلهم #مصر,NEG
3295,لو أنصف الإخوان لصارحوا الشعب بأن طائر النهضة الذي أخفوا هويته هو البومة، ولغيروا شعارهم من (نحمل الخير لمصر) إلى (نحن نحملك إلى الجنة),NEUTRAL
3296,شبكة السنة النبوية تطلق خدمة بث الأحاديث الصحيحة عبر #واتس_آب #الأحاديث_الصحيحة #شبكة_السنة_النبوية,OBJ
3297,#حط_نفسك_مكان_البنت قبل ما تنزل لازم اهلك يكونوا عرفين رايح فين مين هيكون معاك هتروحو ازاى مين هترجع متى و هترجعو ازاى,OBJ
3298,بإذن الله يلتقيكم الدكتور عمرو خالد مساء اليوم الأحد الساعة 9 مساءً على قناة العربية، ثم في الحادية عشر إلا الربع,OBJ
3299,النخبة المصرية ضعيفة وليست بقوة الشعب، زى الموتور القوى على الشاسيه الضعيف، يعنى العربية لو مشيت بسرعة ممكن تتقلب,NEUTRAL
3300,شاهد - التغطية الإعلامية لحادث تفجير كنيسة القديسين هل كانت مهنية ومحادية؟ وهل فتحت كل الملفات المتعلقة,OBJ
3301,1 فى 6 اكتوبر 1973 استشهد المئات من جنود مصر البواسل برصاص اليهود وكان أعظم أيامنا,OBJ
3302,منذ غرس بذرتها الشهيد #حسن_البنا ليسقيها بدمه صاحب الظلال ليتم الفتك ببطل أول صندوق إنتخابي ديموقراطي وشعبية #الاخوان_…,POS
3303,محكمة الجمهور تعلنهاحُكمها النهائي على #فيفي_عبده 1 #الحكم #,OBJ
3304,ألف صورة لألف شهيد من شهداء مجازر الانقلاب العسكري الدموي في #رابعة و #النهضة و #رمسيس و #الدقي الصور علي بوابة …,OBJ
3305,ميتين ام الناموس على اللى متعاطف معاه #ارحل,NEG
3306,204 مليون بريد إلكتروني ترسل عبر الإنترنت كل دقيقة #جوجل #يوتيوب #فيسبوك #تويتر #سكايب #إنستاجرام #آبل #واتس_آب,OBJ
3307,4 لا مجال للمفاضلة بين أسيوط وغزة، كلاهما واجب وطني وأمن قومي، المزايدة وصراع الأحزاب بشأن ثوابت وطنية يمتنعان,NEUTRAL
3308,#مصر تحظر #نشاط #حركة #6 #أبريل ابرز حركة #معارضة خلال #الثورة ضد #نظام #مبارك,OBJ
3309,هناك قضايا وطنية عامة دائماً أسعى لبناء توافق حولها مع الجميع أما الانضمام أو العمل تحت مظلة الإخوان أو غيرهم فمرفوض تماما,NEUTRAL
3310,طالب نجا بمعجزة من أعلى كوبري #أكتوبر #أخبار #مصر,OBJ
3311,#شكلك_مش_غريب #الاهلي_الافريقي,OBJ
3312,خلق جميل ثقافة الحوار وتقبل الرأي الاخر,POS
3313,نفسك طويل ؟,OBJ
3314,اللهم اجلعني لهم نصره على الاقل اعلاميآ اللهم ارفع كلمتهم على الظالمين والطغاة #جبهة-النصره,OBJ
3315,#لو_ده_جنان_إتجنن امشي وانت مشغل الكاميرة فيديو ولما تشوف حد رمي حاجة علي الارض اجري عليه واقوله الفقرة دي اتصورت نذيع ولا تنضف,OBJ
3316,ملحوظة: التويتة اللي فاتت المفروض إنها نكتة واضح إني محتاج شوية تدريب على نكت الثورة :),OBJ
3317,عائشة خيرت الشاطر عبر الفيس بوك تروي #اختي عن زيارة والدي بالأمس وكعادتي ألتقي بأبي الحبيب #خيرت_الشاطر مرة كل,OBJ
3318,"شاهد ""جولة #السوري الحر بدرعا || جولة مع أمير الإقتحام #جبهة النصرة في تل الجابية بين الجثث والغنائم"" على - …",OBJ
3319,ألغيت المسيرات للميادين الخطرة كالتحرير و رمسيس فإذا بهم يقتلون الأطفال بالرصاص الحي في عباس العقاد و يدهسونهم بالمدرعات …,NEG
3320,عرض الاسبوع 40 ألف متابع #شوارعنا #فن_تتقنه_النساء #ذلك_الشخص #شي_ودك_تجربه #بوح #درر #عجبني #حلو #مكه [2076966],OBJ
3321,كيف لمرشدٍ تفوَّه للغنمِ بماءٍ تعلو على المرسي هل القائد يدلدل القدم دون أن يمتطي الكرسي تباً للصمت هلال الفشل ودمت أبيّ يا مصري,NEG
3322,النصر سوا تيفو ٩٠ دقيقه واكل ٤ واليوم سوا انتعاش وشكلها وفاه هههههههههههههههههههههههههههههههههههههههههههههههههههههههههه #ال…,OBJ
3323,الأحتلال لا يحل بالحروب يجب النظر فى الحلول السياسية السلمية #تويت_كأنك_ناشط_ايام_حرب_اكتوبر #البرادعى,OBJ
3324,التليفزيون يتجاهل أفلام التراث المصري ويجب أن لا ننسى أبطال السينما المصرية # …,OBJ
3325,حرق الكنائس وقتل الناس وتعذيبهم وقطع أصابعهم وألقاؤهم من فوق الأسطح وذبح الضباط كل ذلك في نظر الاخوان من حقهم والا اعتبروا انفسهم ضحايا,NEG
3326,هي عدت على الشروقكان لازم يقولوا إن البلاغ هو اللي قايل كده لإن المحضر لما هينتقل عشان يعلن السفارة اليهودية هيتعب,OBJ
3327,#30 يا أخي أي منصب؟ رفضت المناصب اللي عرضت عليا وقولت اني بقوم بدوري ومش محتاج مناصب، أرحمونا يرحمكم الله، اختلفوا بنزاهة,NEUTRAL
3328,617 #الراتب_مايكفي_الحاجة #الاتحاد #الهلال #النصر #الاهلي #مرسي,OBJ
3329,فى هجاء الغتاتة!,NEG
3330,قصة عمّار مُلهمة! قصة الشاب عمار بوقس الذي لا يتحرك فيه الا لسانه وعينيه وحقق مالم يستطع تحقيقه الآخرين!,OBJ
3331,"استمعوا الان الى أخى فى الله الداعية السورى ""محمد أبو الطيب"" الذي منع من الخطابة هو و أسرتة جميعاً فى سوريا بسبب",OBJ
3332,احمد ثابت شاب ثوري معروف في الاسكندرية يرقد الان في مستشفى البترول بعد ان ضربه الاخوان بالرصاص وعذبوه داخل جامع ابراهيم دليل سلمية الاخوان,OBJ
3333,#عاجل #الرياض #مكة #خواطر #غرد_بصورة #غرد_بصوره #دبي #غرد_بذكر_الله [31474525],OBJ
3334,668 #الراتب_مايكفي_الحاجة #الاتحاد #الهلال #النصر #الاهلي #مرسي,OBJ
3335,"و في النهاية ذهب النشطاء والاشتراكيين والعلمانيين و الكفرة الي غزةوظل الاخوان يهتفون في الازهر ""رايحين شهداء بالملايين""",NEUTRAL
3336,الهدف من استدعاء محامين من بلاد اخرى في القضايا السياسية هو الدعم السياسي والمعنوي وليس القانوني للمتهم المقصود إظهار مبارك كبطل تحرير,NEUTRAL
3337,موقف الأسواني من شفيق فخور به جداوهو موقف كل الثوريين من شفيق صبى مباركاذاكنت تدعم شفيق فالأولي بك تدعيم جمال مبارك,POS
3338,#ﺍﻧﺖ_ﻣﻬﻤﺎ_ﻛﺒﺮﺕ مش هنسي اي لاعب لبس تيشيرت #الزمالك و لعب علشان الزمالك مش علشان الفلوس و حب الزمالك و جمهور الزمالك من قلبه ^_^,POS
3339,اسمعو #فولورز_اسلاموفيتش_بيعملوا_لبعض_فولو #فولورز_عفركوش_بيعملو_فولو_لبعض #شكلك_مش_غريب # …,OBJ
3340,#الوفد فيـديووقفة مؤيدة للسيسي بالإسكندرية: تجمع العشرات من أهالي الإسكندرية، بعد صلاة الجمعة، #الوفد,OBJ
3341,مكملييييين #ثورة_25_يناير #باسم_رئيسا_لمصر,OBJ
3342,#ولاد_البلد #المنصورة مجهولون يضرمون النيران في سيارة طبيب أمام حزب #الدستور ب #المحلة الكبرى,OBJ
3343,وزيرة البيئة تعترف ان مشاكل القمامة لن تحل الا بعد 10 سنوات الاعلام ذبح مرسي بعد 100 يوم لانه لم يحلها,NEG
3344,من أسرار الشفاعة -شاهدوا حلقة جديدة من بسمة أمل,OBJ
3345,اشهر مواقع التسوق على الانترنت كسب من شهرة رابعة ويبيع فانلات وكاب واعلام باشارة رابعة الامارات والسعودية والانقلاب هيقفلوا النت,OBJ
3346,الليلة الساعة الحادية عشر دعلاء الأسواني مع الاعلامية ليلان على قناة اون تي في وقراءة في مشهد الثورة ضد الاخوان المزمع عقدها غداً الأدمن,OBJ
3347,لو مهما قالوا الضحكه مش مفرقاك #كايروكي,OBJ
3348,"2: التليفزيون المصري يذيع لقطات أخرى لـ""اشتباكات الحرس الجمهوري"":",OBJ
3349,انتظرت فى التعليق على مقال فهمى هويدى حتى قراءة الجزء الثانى الذى نشر اليوم وللاسف: ما طلبه هويدى لا يجرؤ اى انقلابي على طلبه,NEG
3350,الرياض #القصيم #واحد_فاضي #الهلال #السعودية #النصر #النصر_الهلال #البدائع #الزلفي #حفرالباطن #مكة #جدة [2637208],OBJ
3351,"مصدر: مجموعات حدودية مسلحة تهدد أمن مصر بقيادة ""#محمود_عزت"" للتفاصيل:",OBJ
3352,الثورة والإنتخابات قدمتا لنا عربة مجهزة لننطلق بها كلما اردنا الإنطلاق يدوسون علي فرامل التمسك باللوائح الشكلية فيعلو الصوت ولا حركة حقيقية,NEUTRAL
3353,الدماء التى أريقت في مجزرة ارتكبتها الدولة بماسبيرو لايمكن ان تضيع دون حساب واجب الرئيس أن ينفذ وعده بمحاكمة كل من تورط في قتل ابنائنا,NEG
3354,رصد| #عاجل| نقلا عن الأناضول : الحكم بالإعدام على 37 من رافضي الانقلاب، #2011,OBJ
3355,#4 غرد_بصورة #غرد_بصوره #رمزيات #,OBJ
3356,مازالنا فى إنتظار الإعلان عن التحقيق مع الرؤوس الكبرى للنظام هل إقتصر الفساد على قيادات الصف الثانى؟!,NEUTRAL
3357,صحفي ألماني يروي تفاصيل ليلة مرعبة من التعذيب والإهانة بين المعتقلين المصريين في الأقسام والسجون,POS
3358,7_ أكييييييييد مش ده البديل البديل ما زال مستتر في نظري وهيظهر قريباً فيه مفاجآت جاية هتفيدنا المهم معركة الدستور دلوقتي,OBJ
3359,اللي عايز يتحاور يروح يتحاور مع أهالي الشهداء والمصابين، لو دول رضوا عنكم ربنا هيرضوا عنكم وإلا فلا أمل أبدا لنا جميعا,NEUTRAL
3360,#شراميط #قحبة #لحس #موجب #زواج #السودان #صنعاء #الكويت #أسوان,OBJ
3361,يوم هام فى مصير دستور مصر القادم,OBJ
3362,شعب #موزمبيق غرق في السيول لمرتين ولم يجرؤ أحد من ذوو المفقودين على صفع أي مسئول ولازال المسئولون في مناصبهم2013,OBJ
3363,إنتحال أشخاص صفة قضاة وتصويت جماعى بالجيزة,OBJ
3364,الى مينا وجورج وانطون غيروا اسماءكم على بروفيلكم قبل ما تشتمونى عشان المسألة متبقاش دين وعنصرية وفتنة قلة ادب وغباء كمان,NEG
3365,لا تجعل الامتحانات تلهيك عن عن عن الامتحانات اللي بعدها ،، ما هما شهرين طين #امتحانات_ايفري_وير #عشان_خاطر_ماسر,NEG
3366,أليسَ جميلاً عِندَما تَعلمْ أنّ هُناكَ شَخصٌ يَعيشُ مِنْ أجْلِك ولاْ يُرِيدُ اَنْ يفْقِدك ! #كلمتين_وبس #اوعى_تنسى #ريتويت #الأمل_روح,OBJ
3367,#عن حد مينفعش تقوله ان بتحبه ! فـ بتدعيله في صلاتك,OBJ
3368,لن ننساكِ يا سوريا تابعوا حلقة جديدة من حلقات سوريا في القلب ورسالة من شهيد حمص مصطفى عبود,OBJ
3369,بقالى كتير ماكتبتهاش #السيسى_رئيسى #سأنتخب_السيسى #باسم_طلع_حرامى #هشام_الجخ_طلع_نكسجى_حرامى,NEUTRAL
3370,انا لو نفسي اخطط و ارتب و اصرف فلوس الدنيا عشان اشوه الاخوان مش حاعرف اخترع حد زي صفوت حجازي,NEG
3371,#حزب_الدستور #بورسعيد| بحد ادني للاجر لا يقل عن 1200 جنيه وتنميه حقيقيه للصعيد #هنكمل_حلمنا,OBJ
3372,"من ذكريات صفحتنا || 28 فبراير 2011 يا شعب ليبيا أذكركم بكلمة جدكم عمر المختار "" نحن لا نستسلم ننتصر أو نموت""",OBJ
3373,المهندس صلاح عبد الكريم عضو الهيئة العليا لحزب الوسط ومرشح الوسط لمقعد نقيب المهندسين ضيف الجزيرة مباشر مصر,OBJ
3374,لا تسيروا في طريق الحق إلا بعد أن تتأكدوا من قلة سالكيه,OBJ
3375,شعب #هاشتاج بطبعه :) :) :),OBJ
3376,لو لسّه ماشفتش الحلقة #المواطن_المصري ، دوس هنا برعاية 2454,OBJ
3377,عبدالرحمن محمد الصوت الفخم! #غناء #أغاني #طرب #فن #عرب,POS
3378,غداً الساعة 7 م مظاهرة في طلعت حرب للتضامن مع غزة,OBJ
3379,وجعتكو التويتة اللي فاتت يا إخوان معلهش تيجي فين دي جنب وجع أمهات الجندي وجيكا وكل اللي إتقتلوا في عهدكم وتحت ظل كذب رئيسكم مخلف الوعود,NEG
3380,أنا #أردني وأفتخر ببلادي 😌,POS
3381,أهم مواضيع تحدث في مصر الأن #السيسي #الانتخابات #الاخوان #صباحي #الشرطة,OBJ
3382,البرنامج - الحلقة 12 كامله:,NEG
3383,قاومت وكنت الشوكة في حلق التنين أرهبت الدبابات العزل بالسكين ! #جنين,NEUTRAL
3384,#كفاية بقى كده كتير اووى عليكم #حسبى_الله,OBJ
3385,الحلقة السابعة عشر - الجزء الثالث - لقاء باسم مع إباء و ثريا,OBJ
3386,الوطن | الكتلة الثالثة توافق أم مقاطعة | عمرو حمزاوي,OBJ
3387,حامدين، راضين، عليك متوكلين لك الحمّد #ربنا ف آتمم نعمتك علينا وعافيتك وسترك وآسعدنا في الدنيا والاخره,POS
3388,#على_طريق_الله ( #روح_العبادة ) #النظافة رئة #الحياه #مصطفى_حسني,OBJ
3389,__ قليلٌ من يدومُ على الوداد فلا تَحفَل بقربٍ أو بعاد إذا كانَ التغيرُ في الليالي فكيفَ يدومُ وُدٌّ في فؤاد؟ #محمود س…,OBJ
3390,"عنوان المصري اليوم ""باسم يوسف يظهر ملتحيا""عنوان غريبكأن الذقن حكر على مجموعة من الاشخاص النمطية مرض",NEG
3391,الأسواني: لقد أثبت مرسي أن الاسلام الحقيقي العظيم الذى نعتنقه ونعتز به يختلف الى حد التناقض مع المقال كاملاً >> …,NEG
3392,سيذكر تاريخ القضاء فى مصر كل قاضى انحاز للعدالة و لم ينحاز لحزب أو جماعة أو نظام حكم,OBJ
3393,هو ليس مكانه طاولة الحوار المحترم إن عمر سليمان لا يؤمن بالحوار إنما يؤمن فقط بالقتل !,NEG
3394,ما أشبه اليوم بالبارحة,OBJ
3395,كلام وكلام #السادة_المحترمون,OBJ
3396,شاهد - آخر كلام: هؤلاء الحالمون القادرون على العزف و الغناء,OBJ
3397,احد ضحايا الاخوان اصابوه برصاصة في قدمه ثم عذبوه ببشاعة داخل الجامع هو احمد ثابت عضو 6 ابريل وهو يعالج الان في مستشفى البترول بالإسكندرية,NEG
3398,د البلتاجي مخ,NEG
3399,ما حجم اعمال الشاطر وكم تبلغ ثروته وما مصادرها وهل دفع الضرائب طبقا لنفس القانون الذي يطبق على ساويرس التطبيق الانتقائي للقانون فساد فاحش,NEG
3400,لو حشد المصريون 5 ملايين مواطن فى القاهرة يوم 6 اكتوبر ان شاء الله سيسقط الانقلاب سقوطا كاملا القرار للشباب عماد الثورة,OBJ
3401,"دعلاء الاسواني يكتب مقاله الأسبوعي بعنوان:""كيف للرئيس أن ينام؟!"" الآن فقط على الصفحة الرسمية على #فيسبوك",OBJ
3402,الاعلام لا مظاهرات صور القنوات مصر خالية وهادئة الطرطور مصر تدفع ثمنا باهظا بسبب المظاهرات مين الكذاب كلهم,NEG
3403,مصر عمرها ما كانت هيبة في عهد مبارك ده كلام رخيص مصر كانت هيبة في ال18 يوم هيبة بجد والعالم كله وقف يتعلم وده كان الشعب,NEUTRAL
3404,محاولة اغتيال وزير الداخلية المصري بتخطيط وتنفيذ جنرالات السيسي | الصدى نت,OBJ
3405,نحن وغيرنا ننتظر من الاخوان الكثير، ننتظر ان يغيروا الصورة الذهنية المأخوذة عنهم فى الفترة الأخيرة، ننتظر ايادى ممدودة يتبع,NEUTRAL
3406,#هناك_مكان_اسفل_الجحيم لكل واحد بيقعد يدافع عن حد لدرجة انه بيحسسك انه اله مبيغلطش #السيسي #مرسى #باسم #برهامي #يلا_نحفل_علي_احمد_ادم,NEUTRAL
3407,#فولورز_عفركوش_بيعملو_فولو_لبعض #فولورز_اسلاموفيتش_بيعملوا_لبعض_فولو #فولورز_جميــلة_و_صاحب_تويتر_هيولعوها_تانى باك وقتى جدا,OBJ
3408,4 كلفة الفاشية المتصاعدة في كل الجنبات، ومقولات التكفير الجاهزة، والاستعداد للعنف الذي نراه اليوم في محافظات مختلفة وأدانته بالكامل واجبة,OBJ
3409,النِعمة تحتاج للشكر،، وَالبَلاء يحتاج للصبر،، وَالذنَب يَحتاجُ للإستغفار،، (فمْن شكرَ و صَبر وَ اسْتغفَر نَال #ال…,OBJ
3410,قد ترى الأمور مستعصية عليك بعض الشيء لكن اذا ما نظرت من ذاك الباب الذي لا ينظر إليه احد سوف ترى الأمور متجلية واضحة ومفهومة لديك #حاول,POS
3411,ﻛﻦ مرنا فلكي تصنع حضارة وتتعامل مع حضارات وجنسيات أخرى يجب أن تجمع بين القوة والشجاعة وعلى الناحية الأخرى بعض,OBJ
3412,مدرعه فض شغب قبل سلم السودان علي الكوبري و انت جاي من اكتوبر #بلغ,OBJ
3413,أنا لم أصوت في انتخابات الرئاسة 2012 ولكني كنت مع د #مرسي في الإعادة أمام #شفيق …,OBJ
3414,د عبد المنعم أبو الفتوح: البعض يصور الاسلاميين وكأنهم الهكسوس، بينما تقضي قواعد اللعبة الديمقراطية ان يصل للحكم,OBJ
3415,أكيد كلنا نحب نكون ناجحين ، لكن هل فكرنا في طرق النجاح وكيفية الاستمرار فيه، فالأصعب من النجاح الحفاظ عليه ومن,OBJ
3416,تعلمت الحياة بما استطعت من الشقاء وعلمتني كيف أنساها لأحياها #محمود درويش,OBJ
3417,الملف الكامل لانتخابات الرئاسة ونتيجة اللجان الفرعية: كثير من المعلومات المهمة لمن يُعد لانتخابات مجلس الشعب,OBJ
3418,الحقيقة العارية,NEG
3419,ابو ام #مرسي اللي خلي بتوع مبارك يفتكروا نفسهم ثوار وكلنا واحد وابو ام #السيسي اللي خلي الاخوان يفتكروا اننا واحد …,OBJ
3420,تم إلغاء إجتماع الأسر بمصر الجديدة،يعتذر د/عمرو عن عدم الحضور نظرا للظروف الراهنة وتواجدة في المجلس القومي لحقوق الإنسان لوقف العنف بالتحرير,OBJ
3421,#مصطفى_حسني #على_طريق_الله #روح_العبادة #الوضوء #كراسة_إياك_نعبد فرائض واركان الوضوء النية = نية التطهر من,OBJ
3422,إيهاب عبدالله رئيس نادي #دمنهور:أرسلنا فاكس وتواصلنا مع العلاقات العامة بوزارة الشباب والرياضة لزيارة النادي ولم يرد أحد #الملعب #,OBJ
3423,ينفع كده فين العداله الاجتماعيه اللي بتنادوا بيها انتو بتويته واحده تجيبوا 1000 فلور و احنا نشتغل اليوم كله,OBJ
3424,يا عزيزي حاولت اكثر من مرة من سبتمبر اللي فات وكان موافق ثم اكلم من حوله فلا اجد اجابة شافيةدلوقتي برنامجي خلص خلاص,NEUTRAL
3425,"زوجة #متعب على "" #فيس_بوك "": "" #الشرطة مينفعش معاها غير معاملة #الألتراس "" دوس على اى حرف على الكيبورد واعمل",OBJ
3426,مقتل شخص وإصابة 29 على أثر اشتباكات بين الأهالي والإخوان بالأسكندرية #السادة_المحترمون …,OBJ
3427,يوم 7/7، يوم هام في مشروع (العلم قوة) وهدفه جذب وتسكين 100 ألف أمي داخل الفصول، في يوم واحد، عن طريق 10 ألاف,POS
3428,من لا يستطيع أن يفهم أن 'اللهم بلغنا يونيو' كانت توقاً لإجازة بعد عمل شاق مع كل الأطراف بكل احترام ثم يسب و يخوّن سامحه الله,NEUTRAL
3429,خمس الاف متابع #النصر #الهلال #الرياض #في_المرمى #الإتحاد #قطر #متصدر_لاتكلمني #عاجل 529,OBJ
3430,1234 أمسك الخشب !,OBJ
3431,من قال أن دستور الجماعة لا يقسم مصر يجب أن يكشف على نظره فهذا شيء واضح وضوح الشمس,NEG
3432,#باسم_طلع_حرامى باسيييييم مهزوز علشان اتفيش,NEG
3433,_ أرجو أنك تقرأي المقالين دول قبل ما تتفي على حد,OBJ
3434,من يحكم مصر يجب أن يكون متصالح مع الدين مسلما ومسيحيا فهذا طبيعة المجتمع المصري الذي يقدس دينه د عبد المنعم أبو الفتوح في مؤتمر بأسوان,OBJ
3435,هل تعلم بأن #الشاي يروي الجسم؟ # ? صحة #غرد_بمعلومة …,OBJ
3436,#السعاده اخوية يهتم بيا اكتر من نفسة حتى و هو بعيد عنى,POS
3437,2) وقوات مسلحة لا يتدخل بشئونها أحد ولمجلسها حق الفيتو على الدستور وغيره,OBJ
3438,أنا كُلِ مَا قـ(ؤ)ـول التوبه يا بويِ ترميني الم'ـقـ(ج)ـادير يا عينِ #عبدالحليم_حافظ,OBJ
3439,نحن لسنا مفلسين حتى نخشى النقد والاعتراض فالمرء المليء بالفكرة ومنتم إليها بحق ليس لديه غضاضة من نقد الناس له,OBJ
3440,#حركة_كايدينهم #مصر #قول_كلمه_للسيسي_وخد_فولو_هديه ياسيسى يا زعيييييييم #سأنتخب_السيسي #احنا_شباب_هنصوت_للسيسى #سوريا …,POS
3441,#الإتحادية من كثر مايقولون فريقنا صغـار في السن ، حسيت إني أتابع طيور الجنة يآكلبوتو يآمونتي ، يآعنوني يآ مخمخ ، هههههههه #الأهلي #الملكي,OBJ
3442,90 قتيلا من قوات #الأسد بانفجار مبنى غرفة الصناعة في منطقة حلب القديمة ، ما أدى إلى انهياره بالكامل ، وإصابة مبنى شعبة حزب البعث #سوريا,OBJ
3443,أشعر بالشفقة على من يصف فبركات السيسي يوم30 يونيو بثورة حشد مرتب لمدة ست ساعات لتبرير عملية الخيانة والغدر والإنقلاب على أو…,NEG
3444,4 للتوضيح: تماما كما سجلت رفضي في اجتماع سد النهضة لغياب الشفافية في مسألة سيناء وفي كلمة علنية فخرج البعض مدعيا شكري على الشفافية في سيناء,NEUTRAL
3445,سلامة الإحراءات أمر مهم و الأهم سلامة مبدأ الحرية المسؤولة متضامن مع قنوات دريم و كل صوت حر مسؤول إلى أن يثبت العكس,OBJ
3446,أيها المتحدثون عن شرع الله هل يوجد في شرع الله تهمة اسمها العيب في الذات الملكية هل من شرع الله التعاون العسكري مع امريكا لتحتل العراق,NEUTRAL
3447,لماذا لم يذهب الرئيس الطرطور الى جنازة لواء الشرطة؟ لو كان مرسي كانوا مسحوه,NEG
3448,الحديث عن انتخابات ديمقراطية وتكافؤ الفرص، فى غياب حرية تكوين الاحزاب بمجرد الاخطارخلال الفترة الانتقالية ، هو لغو واستمرار للفكر السلطوى,NEG
3449,بعد قليل برنامج #هاشتاج مع محمد ثروت ع راديو احلى كلام| رقم المدخلات 01280423836 السكايب 9,OBJ
3450,ملعب #ريال_مدريد #سنتياجو_برنابيو 😍لبيه ملعب يفتح النفس 😉,OBJ
3451,#كلمه_بتتقال_في_البيت_كل_يوم وين رايح ؟,POS
3452,افضل ﻻعب في العالم رونالدو لم يستطع التسجيل بوجود الصخرة حمد المنتشري! #اسطورة #كانيدا_يحتاج_لحمد_المنتشري,POS
3453,سي بي سي:جنايات #بورسعيد تؤجل إعادة محاكمة المتهمين في قضية #مذبحة_بورسعيد لجلسة 18يونيو القادملسماع شهود الإثبات #,OBJ
3454,كلمة مرسي الموفقة في طهران حيتم توظيفها جيداً في الداخل بصراحة ما أقدرش ألوم الإخوان على استغلال مكاسب سياسية خارجية لخد,NEUTRAL
3455,لازم #الزمالك يكسب الشرطة و الاسماعيلى عشان يضمن الصعود اى حاجة غير كده الزمالك مش هيصعد,OBJ
3456,استكر الإعلامى يوسف الحسينى إهانة الشيخ محمود ش #…,OBJ
3457,نفس الكلمتيين اللى سمح بهم #السادات الى #صباحى يقولهم امامه وهو طالب هما نفس الكلمتين الذى يرددهم فى حملته!,OBJ
3458,تويت_كأنك_ناشط_ايام_حرب_اكتوبر #السادات ل #بيجن: انتوا جيش مالكوش عازة اثلا و #بيجن يرد: مابررررررررررراااااااااححححه خخخخخخخخخخخخخخ,OBJ
3459,الصوره اليخاندرو وبالصج مطلق #ليه يا مجبوس طلعت برياني ؟,OBJ
3460,#السادة_المحترمون حلقة الإثنين 21 أكتوبر 2013 كاملة لقاء العقيد خالد عكاشة، الأستاذ أحمد بان …,OBJ
3461,"#اللهم ارحم "" #والدي "" رحمة واسعة وبرد على قبره ياأرحم الراحمين #يالله #يارب #وقف_عمر_الشيراوي #أبي #الوالد",OBJ
3462,اللهم اشفي كل مريض يتألم،وارفع عنه واجعل شفائه برحمتك عاجلاً في شهرك الكريم،اللهم انزل على قبور موت,OBJ
3463,شاهد البث المباشر لحفل توقيع بروتوكول التعاون بين وزارة الأوقاف ويمثلها فضيلة الدكتور طلعت عفيفي وزير الأوقاف,OBJ
3464,الى الشتامين الدكتور علاء لا يقرا شتائمكم لأنني اضعها اولا باول في الزبالة لو كان ذكاؤكم يماثل بذاءتكم لما كان هذا مصيركم ميشيل الادمن,OBJ
3465,بسمة أمل - أحلى متعة في الدنيا,POS
3466,#برشلونة #ريال_مدريد 646,OBJ
3467,لا يوجد في ترشيح شفيق شيء واحد قانوني مقدم ضده 35 بلاغ فساد لم يحقق فيها ينطبق عليه قانون العزل ولم يطبق تصويت الأمن لصالحه كله باطل,OBJ
3468,أرحب بسماع الاقتراحات لعمل خطة الاعمال الميدانية التي تستمر (سنة) عبر المراسلات الخاصة أو إرسالها لبريد #اعتقال 3…,OBJ
3469,كم هى حقيرة الشمطاء ميرفت التلاوى عدوة الاسلام تسخر من الاسلاميين لاختيار 2 فقط في لجنة الدستور قالت:احمدوا ربنا اننا عبرناكم,NEG
3470,حق الوطن بمسيحييه ومسلميه - بوابة الشروق #,OBJ
3471,"#الوفد الاثنين أول مؤتمر لجبهة مؤيدى السيسي بدمياط: أعلنت ""جبهة مؤيدى السيسى"" إحدى لجان الحملة #الوفد",OBJ
3472,محامي ومستشار قانوني ٠٥٣٨٧٥٥٥٢٧ #نواف #علي #عمر #محمد #خالد #محامي #ركان #سعاد #سعد #حماد #حمد #احمد #يوسف #السعودية #فايز #عاجل رصد تسعة أبراج مخالفة لتعليمات السلامة في #الرياض,OBJ
3473,#دعوة_الصائم_لاترد اللهم لا تعلق قلبي بمعصية وطهر قلبي من كل حب يخالف طاعتك,OBJ
3474,مهما حاولتم إقناع أنفسكم أن الشعب إختار دستور الإخوان دون تخويف أو لعب بالدين أو إنتهاكات ستظل الحقيقة أن مرسي كذب على المصريين ليمرر دستوره,NEG
3475,: خريطة مسيرات القوى الثورية والسياسية إلى #الاتحادية غدًا ,OBJ
3476,لم يوقفه ضعف بصره عن ان يقرأ #جريدة_الشرق #رشيد_الشارخ #غرد_بصورة #معرض_الكتاب #الرياض,OBJ
3477,أغنية سامع صوت الجماهير - مؤسسة فابريكا,OBJ
3478,مرة أخري ولكي لا نحبط، انتخاب رئيس بالإعلان الدستوري المبتسر يحمل معه بذرة الخلاف بين السلطات دستور ديمقراطي جديد هو مفتاح مصر المستقبل,NEUTRAL
3479,"ثم يصل الاستعلاء إلى مداه بإنهاء الحوار و""الكلام معكم ما فيش منه فايدة"" هكذا ينظر أحد أطراف حرس الاخوان الحديدي للديمقراطية وللحوار",NEG
3480,- وبإذن الله الليله نغني جابها الصصصعباوي #النصر_الهلال 😍,OBJ
3481,أقابل سفيري إيطاليا والهند بالغد لإيضاح الصورة #السادة_المحترمون,OBJ
3482,الإخوان اختاروا رضا الأمريكان خلاص، بانت من زمان وده اللي هيعمق خلافهم مع السلفيين ومش بعيد تلاقيهم بيعايروا السلفيين بعلاقة بعضهم بالأمن,NEG
3483,#كلام_مصري_مترجم ',OBJ
3484,عايز اعرف لحد امته هنفضل نكتب بس #ﻻزم نتحرك,OBJ
3485,"التأسيسية ترفض النص بأن تكون الصحافة ""سلطة شعبية"" في الدستور الجديد",OBJ
3486,وزارة التخطيط تضع مشروعا لاصلاح الاقتصاد في مارس 2014 ليبدأ فى يونيو التالى طبعا لشعبهم,NEG
3487,العِبرة مش باللي أنتخب #شفيق في الأعادة، العِبرة باللي أنتخبه في المرتين #تست_التحضر #شفيق #مصر _,OBJ
3488,استطلاع رأي: هل تعتقد أن الانتخابات خطوة على طريق تحقيق أهداف الثورة أم على طريق احتوائها؟,OBJ
3489,إستمرار الحراك الطلابي بـ #جامعة_المنصورة #مفيش_عساكر_يحكمونا,NEG
3490,ارجو من الشبكات اللي بتدعي انها اخبارية انها تشوف الكلام اللي بيقولوه على لساني اتقال هنا في على تويتر و لا لا,OBJ
3491,"بالصور أنصار #مبارك يهنئونه بتحرير سيناء من أمام ""العسكري"" والمخلوع يلوح لهم بيده …",OBJ
3492,ياقلب بشويش بشويش على العين ماعد اشوف قدامي  كل ماطرا على الزين ماعدا انا تشل اقدامي  #عبدالمجيد,OBJ
3493,على المجلس أن يعود لمكانه الطبيعي وثكناته ويسلم السلطة لجهة مدنية منتخبة #19 18,OBJ
3494,#عبارات_تعشق_الزوجة_سماعها انا برع يلا تعالي,OBJ
3495,الأنذال كان المخطط ليومنا المنقضى هذا ، من خصوم الوطن والإنسانية ، هو تحقيق أعلى نسبة عنف وحرق واقتحام وقتل ،,NEG
3496,يجب أن يعلم كل من يتقدم لشغل منصب عام أنه في محل تقييم من الشعب ونقد لأدائه وأن منصبه منصب لخدمة الشعب فقط,OBJ
3497,#جمال #خيال #حقيقه #جميل #درر #حكم #أعجبني #حكمه #بقلمي #شوق #بوح #شعر #قصيد #رتويت خمس الاف متابع بـ 200 ريال 127,OBJ
3498,جربوا الاستماع للعقلفهمي هويدي:ستكون شجاعة من مرسي إذا بادر بالإعلان عن إجراء انتخابات رئاسية مع الانتخابات النيابية,OBJ
3499,لما تتأسف وتعترف بغلطك دا شيء إسمو #خلق_جميل,NEG
3500,اردوجان مستمر في نهجه ويحاول أن يلوث المد الثوري المصري #يوسف_الحسيني #السادة_ال…,NEG
3501,"آخر كلام | أبو الفتوح: ""الأزمة ممكن أن يحلها المجلس العسكري عن طريق التصديق على اتفاقية روما و التي تحتوي على",OBJ
3502,شكل الامهات بعد توقف الواتساب هههههههههههههههههههههههههههههههههه ! #توقف_الواتساب,OBJ
3503,الأهلى يلتقى الشباب بنهائى كأس الملك على أرض الدره #السعوديه #الأهلى #الشباب,OBJ
3504,شاب مصري يرد على أكاذيب الإخوان عن إنجازات مرسي الوهمية وكله بالدليل والروابط وحياتك حاجة مشرفة ومحزنة في نفس الوقت,NEUTRAL
3505,استرداد #طابا وتحرير #سيناء كامله كان في عهد مبارك وهو اللي سافر وجاب مايثبت ان طابا ارض مصريه وشكل لجنه دوليه لاستردادها 1,OBJ
3506,الوفد - #يارا: الشرطة ماينفعش معاها غير #الألتراس -,OBJ
3507,"النجمة""يسرا""تقرأ بعض مقاطع لرواية دعلاء الأسواني الجديدة ""نادي السيارات"" بدار الأوبرا الجمعة القادمة 4أبريل 7:30م>>",OBJ
3508,#الأهلي #النادي_الملكي مايميز #الملوك لباقة الحديث واختيار أحسن العبارات #حملة #لا_للتعصب #لا_للبذاءة #لا_للعنصرية,OBJ
3509,قناة دريم تو تعرض كل ليلة في التاسعة مساءا مسلسل الهروب من تأليفي وإخراج محمد علي وبطولة كريم عبد العزيز وعبد العزيز مخيون ودلال عبد العزيز,OBJ
3510,لــما يـجى رئـيـس الـحـكومـة #ابراهيم_محلب يرفع اسعار الغاز الطبيعى ورغيف العيش والكهرباء على الناس الغلاباء عشان,OBJ
3511,شاهد - آخر كلام: إلى أي اتجاه يسير قطار مصر #,OBJ
3512,بالفيديو غرق عدد كبير من المنازل بقرى الفيوم #السادة_المحترمون,OBJ
3513,"الحلقة الاولى :""كلمة اخيرة و ختام الحلقة""",OBJ
3514,كيري يطالب الأسد بتسليم الأسلحة الكيماوية خلال أسبوع لمنع الضربة العسكرية …,OBJ
3515,أمس تأكد كل من له عقل وعينان أن الانقلاب لن يتمكن من قيادة شعب مصر هروبهم لاكمال حياتهم مع شفيق اهون من انتظار مصيرهم بعد سقوطهم,OBJ
3516,"تذكروا اليوم أن من كان الرب معه فمن عليه توكلنا عليك يا رب الكل رب العدل يا ربانت من قلت "" مبارك شعب مصر """,OBJ
3517,جمعة الأمس كشفت للانقلاب وهمهم فى قدرتهم على قمع الشعب بالحلول الامنية من قتل واعتقال وتعذيب وضرب وايذاء الشعب فاق يا أفاق,NEG
3518,هييييييييييييييييييح فكرونى اصحابى بيها #حمزة_نمرة #اوعدونى,OBJ
3519,"الان #عبد_الرحيم_على يكشف عن أخطر تسريب لـ #البرادعى و #العليمى وشكرى تابعووووووووووونا على قناة القاهرة والناس""",OBJ
3520,مهما حدث لك شر كان أو خير فلا تدع الناس يعرفون عنك سوى سعادتك ولا يرون مــنك إلا ابتسامتك فإن ضاقت عليك,OBJ
3521,حين نناقش قرار للحكومة نتحيز له بحجة :بلاد بره كلها بتنام بدري،تيجي لاطلاق حرية العقيدة: احنا مالنا ببلاد برة؟,NEUTRAL
3522,إذا لم يكن ميدان التحرير وكل الميادين في مصر التى أسقطت رأس النظام هي من يعبر عن مصر فمن إذا يعبر عنه ؟اللصوص الذين نهبوا البلد ؟,OBJ
3523,#خلق_جميل نقول الحمد لله على كل حاجة لأن ربنا مش بيعمل حاجة وحشة أبدا,POS
3524,#المجد_للمبتسمين_صباحا #صباح_الخير,OBJ
3525,#حفاية_بلاستك #كبدة_جاج #بيوستات #الدنيا_شوب #حبة #لاب_بروسثو #بطيخ #وسط_البلد #بطانية #هديه #ملعقة_خشب #كنباية #لمبة #زرا…,OBJ
3526,دعاء الخروج من البيت: يقدم الرجل اليمنى: بسم الله توكلت على الله لا حول ولا قوه الا بالله #أدعية,OBJ
3527,جميع مباريات ونتائج #الأهلى #مصر في #دوري_أبطال_أفريقيا من البداية وحتى 2016,OBJ
3528,المادة 139: 16 معترض وبعد نقاش 8 دقائق يعاد التصويت على النص يعترض 4 فقط لمنع تأجيل 48 ساعة بحسب اللائحة! #سلق_الدستور,NEG
3529,هل السرب الذي تطيرخارجه #قطر هوسرب صلاح الدين وابن الخطاب وعلي؟وهل ل #دحلان و #خلفان والأم المثالية-أجنحة؟هل ينبت للزواحف ريش ياقوم؟#احسان,NEUTRAL
3530,#بيع_متابعين #زيادة_المتابعين #تابعني_اتابعك #السعودية #الهلال #النصر #الاتحاد #الأهلي #الأتفاق #الشباب [90930],OBJ
3531,#اختاه احرصي على الاحتفال بعيد ميلادك بطريقة محتشمة و وفق الشريعة الاسلامية لكي تنالي رضا الله انشالله,OBJ
3532,__ خد الباب في إيدك الله يخليك,OBJ
3533,7د فأجدت أحيانا، وأخطات أحيانا ودوما ما اعترفت بالأخطاء وسعيت إلى تصويبها كما في حالة قانون العزل السياسي الذي اتسم بعدم الدستورية,NEUTRAL
3534,"#زبونات ش"" العزيزات ،،، #أناقتك في #جلابيتك، #النقوش تكسو كل #قطع #الموضة، لا سيما #جلابياتك التي…",OBJ
3535,مبادئ الشريعة الاسلامية تشمل أدلتها الكلية وقواعدها الاصولية والفقهية ومصادرها المعتبرة في مذاهب اهل السنة والجماع,OBJ
3536,الفلول والثوار يقولون الان نفس الكلام لكن يجب الا يختلط الامرالثوار ضد الاخوان من اجل الثورة والفلول ضد الاخوان من اجل السلطة لا يلتقيان,NEUTRAL
3537,واقع معظم الاطباء في تعاملهم بين المستشفيات الحكومية والعيادات الخاصة #طبيب #أطباء #مستشفى #عيادة,OBJ
3538,#سوريا # #حمص استهداف معاقل قوات النظام و شبيحته في حيي الزهراء و العباسية بصواريخ الغراد نصرة لإخواننا و …,OBJ
3539,يوسف الحسيني بالفيديو يفضح كذب قناة #الجزيرة ويكشف تمثيل #الاخوان دور الموتي #مصر,NEG
3540,#موقف_نفسي_اعيشه_مع_مراتي افرقع صاروخ في الاوضه و هي نايمه و افضل اضحك,OBJ
3541,مشاكل العمال تتفاقم ضرورة حوار ثلاثى عاجل بين الحكومة وأصحاب الأعمال و النقابات العمالية لوضع إطار متوازن يحفز الإنتاج ويضمن حقوق العمال,NEUTRAL
3542,تاريخ الإخوان من حسن البنا حتى إغتيال السادات #السادة_المحترمون,OBJ
3543,#الفيفا يشيد بملعب #الجوهره ويصفه بثاني افضل ملعب بالعالم وارامكو أذهلت #بلاتر #افتتاح_ملعب_الملك_عبدالله,POS
3544,محمد عبدالعزيز احد ممثلي الشباب في لجنة الخمسين ضيف #يوسف_الحسيني في #السادة_المحترمون …,OBJ
3545,: آخر خبر #قطر: عودة السفراء الى الدوحة هو أمر راجع إلى دولهم تابعونا:  #سحب_السفراء_من_قطر,OBJ
3546,#الشروق وسط استعدادات للامتحانات هدوء الحذر يسيطر على جامعة الأزهر: وسط استعدادات للامتحانات هدوء #مصر,OBJ
3547,7 اتكلم عن نفسك ولو الناس كلها مع القتل أنا يا سيدي ضده ولا يوجد أي مبرر ولا انت بتقيس قيمك على رواجها؟,NEUTRAL
3548,شاهد - آخر كلام: حوار شامل مع د عبدالمنعم سعيد رئيس مجلس إدارة مؤسسة الأهرام,OBJ
3549,نعتذر عن تأجيل الملتقي الشهري للوسط وكان مفترض استضافه المستشار البشري لظروف خاصه __,OBJ
3550,من زمان و انا حيران,OBJ
3551,هو حمدين هايبدء حملتة الانتخابية امتي #سؤال_برئ,OBJ
3552,ايوب : عودة #عاشور و #عمرو_جمال ستكون اضاف قوية للفريق قبل لقاء العودة فيما سيكون لغياب #فتحي تأثير كبير علي الفريق #,OBJ
3553,المجد لعاصري الليمون الذين قرروا أن يختاروا الأقل سوءا لكي لاينجح أحمد شفيق ومعارضتهم الآن لمرسي هي التي تمنحها الشرعية والشرف والمصداقية,OBJ
3554,هو المتقاعد #حمدي_قنديل هيظهر قبل كل انتخابات يلبسنا في الحيط بس ولا ايه؟ هو افتكرنا نسينا دعمه و مساندته مرسي,NEG
3555,النائب العام قرر إنه يوضح قراره الخاص بالبلاك بلوك بعد ما شباب القضاة إدوه درس في مخالفة قراره للقانون إمبارح,OBJ
3556,فى مصر الانقلاب تعلو اصوات العهر والدعارة وتخفض اصوات الحق والعدل والشرفاء تحكمهم بيادة تلاحقهم رصاصة تأويهم سجون,NEG
3557,لقد حاولت كثيرا معاهم و لم أنجح للأسف,OBJ
3558,#الوطن | #أبوالفتوح يهنىء #الأقباط بـ #عيد_القيامة: جعل الله أيام المصريين محبة: #,OBJ
3559,خطورة تصويت الأمن لشفيق لو تأكد حدوثه انه سلاح سيتم استعماله في الإعادة ليأتي بالنتيجة المرجوة بدون تزوير في الصندوق واجبنا ان نتحقق فورا,NEG
3560,وصول الثوار لميدان التحرير احد اكبر علامات اسقاط الانقلاب والعلامات الكبرى والاخرى قادمة مع قادم الايام,POS
3561,نحن نمر بأحداث بعضها يدعو للجنون جهادك الحقيقي أن تحتفظ بقلب مشتعل و عقل بارد,NEUTRAL
3562,مع جورج إسحق في وفد المجلس القومي لحقوق الانسان للمراقبة، نتحرك في شرق وشمال القاهرة، أدعو الجميع للمشاركة ومنع التجاوزات إن وجدت,NEUTRAL
3563,#اعترافات_ليلية أبي أرجع الديرة و أخذ فرة على البحر :(,OBJ
3564,نعم انه #خالد_بن_الوليد رضي الله عنه يا من يفتخر ب #هتلر,POS
3565,إيه ده #طارق_سويدان بيتكلم زى #البرادعى العلمانى الكافر الزنديق أولا يتدبر أولى الألباب !!,OBJ
3566,شاهد - آخر كلام: ل عتمان يعلن احتفالات ثورة ٢٥ يناير #,OBJ
3567,الندل لما حكم مقالي اليوم في الشروق تحية لكل المعتقلين في شخص الثائر السكندري حسن مصطفىاكتبوا له وادعموه في محبسه,OBJ
3568,#ولاد_البلد #المنصورة #مصراوي إنتقال النيابة العامة لمستشفى #طلخا المركزي لمعاينة جثمان السائق,OBJ
3569,ده الى جانب والدي الله يرحمه ووالدتي وأخين وأختي كل دول مهندسين أنا بس إختارت أكون البطة السودة,NEUTRAL
3570,بعد القضاء على القاعدة والجماعات الارهابية في شبوة وأبين، يجب القضاء على مصادر تمويلها المالية والفكرية في العاصمة صنعاء #اليمن #الارهاب,OBJ
3571,الوصف الحقيقي للميدان هو / جماعة الإخوان المسلمين تحشد أنصارها للضغط على اللجنة المشرفة عل الإنتخابات الرئاسية لدع,NEG
3572,إن مثل إنسان بلا هدف، كمثل سفينة بلا دفة، كلاهما سينتهي به الأمر محطما بجانب الصخور #مي_زيادة,OBJ
3573,#مساء_الخير | رجل أعمال مصر مستهدفون في #ليبيا #2_ #مساء_الخير,OBJ
3574,عبفتاح السيسي أوميجا العالمى #انتخبوا_,NEG
3575,إعلاميون بلا حدود - #الرقة || #هام يقوم الآن عدد من عناصر الدولة الاسلامية في العراق والشام بحملة اعتقالات,OBJ
3576,#مصرى #اسمر #بغمازات #زملكاوى #بحبك :* =,OBJ
3577,1 بالأمس كان اليوم العالمي للصحة، وزارة الصحة أطلقت مع منظمة الصحة العالمية والجمعيات الأهلية حملة أضبط ضغطك أضبط حياتك ضد ضغط الدم المرتفع,OBJ
3578,هل ممكن يكون مرسي مختفي الفترة دي عشان مش لاقي شاحن هو راخر؟ آه يادولة العكاكين,NEG
3579,3 اقالة رئيسة الطب الشرعى حسمت الجدل حول قتل لواء فراج مطلوب معرفة اسم القاتل واسباب القتل,OBJ
3580,أفتح هالقلب على بالي أسكن جواه #كلمتين_وبس,OBJ
3581,#صباح_الخير #بعد_منتصف_الليل #غرد_بذكر_الله #صور_كنك_بنت #لو_كنت_المتحكم_بالتويتر #رتويت خمس الاف بـ 200 ريال 7,OBJ
3582,بيفتح السمكة م…,OBJ
3583,"#السادة_المحترمون الحلقة 114 الأحد 11 أغسطس 2013""عخالد عكاشة،حسن الرداد،حورية فرغلي"" #مصر …",OBJ
3584,#رصد| طلاب جامعة #الأزهر بـ #المنصورة يُحمِّلون شيخ #الأزهر مسئولية تقديم الامتحانات,OBJ
3585,ملحد هنستنى منه ايه ؟,NEG
3586,وجهة نظر من أعصام تليمة تجاه ترشح د عبد المنعم ابو الفتوح,OBJ
3587,طبيبة تدعى رندة برابعة هي من أصدرت تصاريح الدفن للمتوفين برابعة 260 شخص منهم 22 شرطة،11جثة متعفنة سبق دفنهم …,OBJ
3588,علمو ولادكم إن مفيش حاجه إسمها #تحرير_سيناء وإن بطل الحرب والسلام حمار وإن سيناء هترجع ف اللحظه اللى يقرر العرب فيه رجوع #فلس…,NEG
3589,احيي اخواني في حزب البناء والتنمية (الجماعة الاسلامية) علي موقفهم الوطني الرائع، حيث قدموا مصلحة الوطن علي انفسهم،وكانوا سببا في جمع الكلمة1,POS
3590,لا تستطيع أبدا ان تتكلم عن وجهة نظر واحدة لفهم الاسلام الذي اتسع ليتقبل قراءات مختلفة حتى التاريخ الاسلامي اختلف المسلمون في قراءته,OBJ
3591,استمرار أزمة غرق قرى مركز سنورس بالفيوم #السادة_المحترمون,OBJ
3592,الدكتور الأسواني يهتم جداً بقراءة كل ما يصله من القراء سواء كان نقدا إيجابيا او سلبيا الا الشتائم فانا ازيل قذارتها اولا باول ميشيل الادمن,NEG
3593,إِيّاكَ نَعبُدُ وَإِيّاكَ نَستَعينُ,POS
3594,حاسس بجبل فوق صدي و نفسي اخلص منة ! #تخاريف #اعترافات_ليلية,OBJ
3595,شِاهد - آخر كلام: عين على أحداث مصر اليوم 07/04/2011 #,OBJ
3596,موقف الحزب من مليونية الجمعة 8 يوليو,OBJ
3597,شدد الرئيس على أهمية تعزيز دور أجهزة حماية المستهلك,OBJ
3598,#خلق_جميل إنك تحسن معاملت من اساء اليك,POS
3599,#تفجير قنبله تحت الماء لصناعه امواج تسونامي ||/,OBJ
3600,الشعوب لا تنهض بالكلام والظواهر الصوتية لم ولن تحدث فارقا يذكر عبر التاريخ!,NEG
3601,بعد قليل تبدأ ندوة د علاء ا?سواني بمكتبة الشروق بالزمالك,OBJ
3602,إغلاق القنوات سياسة مرفوضة ويجب ألا نقبل بها,NEG
3603,يجب أن نبدأ حملة توعية لحث الناس على التصويت بكثرة لأن ذلك ف,POS
3604,الآن: الكاتب الصحفي صلاح عيسى والسيناريست محمد دياب ضيوف آخر كلام على الهواء وفجوة الثقة بين الشعب والقيادة,OBJ
3605,2011 الإسلام أم مصر ؟ يزداد إحترامى لك مؤخراً كلما تكلمت مع إنى سأرشح البرادعى,POS
3606,دي بجد هي؟ انت متأكد؟,OBJ
3607,بيان حزب مصر الحرية بخصوص الأحكام الصادرة بقضية مبارك,OBJ
3608,مظاهرات #25_يناير كانت سلمية ووقوع أول ضحية عكر صفوها,OBJ
3609,مع باسم يوسف في البرنامج؟,OBJ
3610,بر الوالدين قصة تكتبها أنت ويحكيها لك أولادك فأحسن كتابتها وكن باراً بوالديك,OBJ
3611,لسه يا كلب لسانك طالع لسه بتخطف م الشوارع #طلعت_حرب,NEG
3612,آخر كلام: صورة الأهرام - أسامة سرايا,OBJ
3613,لو فاتك مؤتمر #شهود_الإتحادية وعايزة تشوف الشهادات، هتلاقي بعض منهم وشهادات مصابين تانيين على قناة,OBJ
3614,مع لو موند,OBJ
3615,الصحافة #الإسرائيلية تحاول إنقاذ #آمال_كربول من المساءلة ب''هجوم معاكس'',NEUTRAL
3616,تعليقات عبدالمنعم أبو الفتوح على محاكمة مرسي #السادة_المحترمون,OBJ
3617,الحلقة 17 من #قصة_الأندلس,OBJ
3618,#عمرو_جمال #مش_رقم,OBJ
3619,#السكه_شمال #كاريوكي,OBJ
3620,"في حفل ""المصريون"" أنا حاسس إني عيل صغنن متذنب في حصة أخلاق عشان حاجة ماعملهاش",NEUTRAL
3621,وفي ألمانيا، مرر البرلمان في 2009 تشريعا يحظر المواقع,OBJ
3622,اي أمرأة تصنع الحب والايثار والاهتمام والعطف والحنان مؤهلة ان تصبح أم مثالية حتى لو كانت مارلين مونرو! #فيفي_عبده_الام_المثالية,POS
3623,"دعلاء الأسواني يكتب مقاله الأسبوعي بعنوان: ""ملاحظات صريحة على مشهد رائع "" >> ينشر صباح غد في جريدة المصري اليوم",OBJ
3624,شاهد - آخر كلام: أي نوع من بشر يلوم هؤلاء حين تشتعل قلوبهم؟ #,OBJ
3625,مقال النقاب على موقع الشروق وفي كتابي مصر على دكة الاحتياطي ليس هذا موضوعنا الان اردت فقط ان ابين كيف يسلك الفاشيون عندما تختلف معهم,NEUTRAL
3626,"الآن على #الجزيرة_مباشر : ندوة عن الديمقراطية الأمريكية "" #العراق و#الإسلام ظاهرة #أوباما "" #",OBJ
3627,الخازوق الإسبرطى,NEG
3628,"#مصر_الليلة رئيس جنايات الجيزة"": القضاء يحكم بالأوراق ولا علاقة له بالسياسة وأحكام الإعدام لن تتغير",OBJ
3629,الوطن | عن دستور الجمعية التأسيسية ومواده (2) | عمرو حمزاوي,OBJ
3630,رونالدو جاهز للقاء البايرن #ريال_مدريد #كريستيانو_رونالدو,NEG
3631,سعيت مع البعض من الناشطين في الحياة السياسية إلى إقناع القوى الوطنية على اختلاف أطيافها بضرورة التوصل لقائمة موحدة,OBJ
3632,30 اغسطس بدأ وثورة شعب مصر ستكتمل ان شاء الله مكملين انزل احشد اهتف شارك سلمية,OBJ
3633,#الموجز #طارق_لطفى يهجر #السينما بسبب #محمد_رمضان,OBJ
3634,نسيان تناول الأدوية، خطورته وحلوله #الوقت #الصحة #الجسم #صحة #الدواء #الطبيب,OBJ
3635,الطاقة البشرية اذا ما احسن استغلالها هى رصيدا و ليست عبئا قوتنا فى عددنا,POS
3636,ومن أراد حكم الأهطل ربنا يتولاه,NEG
3637,الحلقة 27 - الجزء الأول - الزغلول الكبير,OBJ
3638,#الصين تخفض أسعار الفائدة مجدداً لدعم الاقتصاد,OBJ
3639,غالياني وين صفقاتك حق اول يوم كنت تجيب لاعبين من مدريد وبرشلونه و و و تكفى ارجع مثل اول ضبطنا #ميلان,NEUTRAL
3640,الحملة ف شارع الاقبال وفى مسيرة هناك #بلغ,OBJ
3641,_ مبروووووووووووووووووك للريال حببتى بس الصراحة البايرن هوالى كان احسن #ذا_شامبيووونز,NEG
3642,محدش عندو #ضحكة سلف ! :( :- :-,NEG
3643,#خلق_جميل عندما يفضح احد الاصدقاء اسرارك ولا تقوم انت بالمثل,POS
3644,#فيروس_كورونا_الجديد اعراضه+معلومات عنه كفانا الله واياكم شر هذا الوباء #غرد_بصورة #تحذير #السعودية,OBJ
3645,لا تهبط مع ضم التاء,OBJ
3646,"#المصري_اليوم ""الأناضول"": ""رصاصة واحدة لكل هدف"" كلمة سر القناص التركى: يتلقى قناصو الجيش التركي تدري #مصر",OBJ
3647,#صباحي اليوم متعدد الأنفآس فَ صباح الحب لـ أمي ♡ وصباح الحنينُ لمن أُحب ، وصباح الأمل لي ☆,OBJ
3648,لم أتحدث مع ال خلال الأيام الماضية على الإطلاق والخبر المتداول على بعض المواقع والمنسوب إلي بشأن تطورات الأحداث في مصر كاذب ومفبرك,NEG
3649,الضغط على الموقع و دخول اعداد ضخمة للحجز ادى الي تباطؤ خدمة الحجز سيتم معالجة المشكلة في اسرع وقت,OBJ
3650,أؤكدلك أن إلاخوان أمبارح فى إسكندرية كان معاهم كل أنواع الاسلحةمش سلميينإلاخوان مجموعه إرهاب…,NEG
3651,المذيعة مش في السي بي سي,OBJ
3652,"أسرة مسلسل ""السيدة الأولي"" تنتقل للتصوير باستوديو الأهرام بطولة #غادة_عبدالرازق و #ممدوح_عبدالعليم # …",OBJ
3653,اولى فاعليات نادى متطوعى #الاسكندرية لمكافحة المخدرات #اخبار_مصر #مصر,OBJ
3654,شرط الفاعلية الثاني هو بناء الثقة بين الأحزاب والكتل المختلفة وحرصها جميعا على تجاوز صراعات ما قبل الانتخابات واستقطابات المشهد الانتخابي,OBJ
3655,لا للمحاكمات العسكرية للجواسيس اللى بيتعاونوا مع اسرائيل ! #تويت_كأنك_ناشط_ايام_حرب_اكتوبر,NEG
3656,غنيمة الطيور الجارحةمقال رائع لوائل عبد الفتاح,OBJ
3657,شاهد - آخر كلام: عام على الثورة د حسام عيسى - د علاء الأسواني #25,OBJ
3658,رصد | قرية الخياطة بمحافظة #دمياط تحتفل في الواحدة صباحا بخروج اثنين من #2011,OBJ
3659,صباحي بنظرة عيونك غير ، قوم و غير لي #صباحي,NEUTRAL
3660,"#المصري_اليوم تأجيل تظلم هايدي راسخ ضد ""التحفظ على أموالها"" للإثنين لتقديم المستندات: أجلت محكمة جنايا #مصر",OBJ
3661,لما قالها #البرادعى بقى خاين وعميل يقولها #السيسي يبقى البطل العظيم يا سلام على شعبنا لما يعرص,NEUTRAL
3662,#6ابريل صباح الغباء # خلطة نقاء وغباء ثوري النتيجه حزب وطني #نيولوك #الحرية_للمعتقلين #ماهر #دومه #عادل # #…,NEG
3663,د عبد المنعم أبو الفتوح : (الخلافة المنشودة) هي العدل والمساواة والحرية ومكافحة الفساد السياسي والاجتماعي وهي,NEUTRAL
3664,ومين بيفتيلك في الفن؟,OBJ
3665,عداء الانقلاب لكل ما يتعلق بالاسلام فظيع هل هم الصليبيون الجدد باسماء ووجوه جديدة؟,NEG
3666,أؤكد على حق جماعة الإخوان في الاحتفاظ بترخيصها كجمعية أهلية ومزاولة نشاطها الأهلي في نطاق القانون الذي سنه برلمانها--لا ل…,POS
3667,هل نحن في حاجة إلى إحترام القانون أم إلى إحترام الحق؟ سؤال قديم متجدد من أيام الثورة الأمريكية,OBJ
3668,أرفض الدستور الذي ينص على محاكمة المدنيين عسكرياً,NEG
3669,"بإذن الله، ألتقيكم غداً الاثنين في السادسة مساءً في محاضرة بعنوان ""جدد حياتك"" في الجامعة الأمريكية بالتجمع",OBJ
3670,مش أنا ده أخويا سميح :),OBJ
3671,الجنزوري؟؟؟؟؟!!!!!!!,OBJ
3672,الشورى : الحكومة مازالت توعدنا و #إضراب_الأطباء مستمر #مصر,OBJ
3673,د علاء الأسواني: لكم دستوركم و لنا ثورتنا، في آخر كلام ١١م على أون تي في,OBJ
3674,#باسم_طلع_حرامى يا حرامي,NEG
3675,واقعين من ال١٣ اي اموال وخلاص,OBJ
3676,ويرجعو يقولولك عايز تسيب مصر لية؟ #سانت_كاترين,OBJ
3677,#حط_صورتك_وانت_صغير كلكم سوريننن قسم بالله )::,OBJ
3678,الإخواني اللي داخل يتجشأ ويقولك الخبر نزل في اليوم السابعأيوه نزل متفبرك بفضل حد من رجالتكم أكيدلكن ذلك لن ينفي أنه مفبرك لتخدعوا به الناس,NEG
3679,لا تقحمونا في سياستكم القذرة #الكورة_للجماهير,NEG
3680,إغلاق اللجان أمام الناخبين وتعطل حركة التصويت وتكدس الناخبين واستمرار الأخطاءالإدارية وغياب وضعف الإشراف القضائي وعمليات,OBJ
3681,محمد طلبة رضوان يكتب:علمانيو الشعراوي و علمانيو باسم يوسف,OBJ
3682,لكن في أرض النفاق كالعادة يكسب الكداب #كايروكي,NEG
3683,د عبد المنعم ابو الفتوح فى حلقة قناة التحرير السبت الماضى عنده سؤال من محمود سعد على موقفه من الجمعة 8 يوليو:,OBJ
3684,تطبيق الحدالادنى والاقصى للأجور سيؤدى الى زياده البطاله كان بيعمل برنامج الطبعة الاولى دلوقتى بقى برنامج الان…,OBJ
3685,للتوضيح ولعدم تناقل أخبار غير دقيقة:,OBJ
3686,دخلة جمهور الانتر في ماتش نابولي #الكورة_للجماهير,OBJ
3687,الديموقراطية تقتضي إلا يضع فصيل واحد دستور لكل الطوائف,OBJ
3688,شاهد - آخر كلام: الماء الذي يُحيي في مصر يُميت #,OBJ
3689,قوات من #الشرطة و #العسكر لقتل #الطلبة مش ناسيين #عمرو_خلاف #محمد_عادل #شريف_عاطف وغيرهم كتييييير,NEG
3690,النظام القطري عميل للغرب وينفذ الاحندة الامريكية #السادة_المحترمون,OBJ
3691,د أبو الفتوح مع متطوعي الحملة هناك إعلام مغرض يضخم حالة الانفلات الأمني لإخافة السائحين,OBJ
3692,#لو_ده_جنان_اتجنن و احلف على المراقب انك مش هتحل حاجه غير لما تفطر #فولورز_صاحب_تويتر_بيقولو_نكت_وبيخدو_فولو_هديه,OBJ
3693,#اعرفوهم #انقلاب_مصر #يسقط_حكم_العسكر #الداخلية_بلطجية #الحرية ل إيهاب عبد السلام جابر 28 سنة مصمم جرافيك #البحيرة …,NEUTRAL
3694,دوركم في دعم المرشح الذي ترون انه الاصلح يجب الا يقتصر على التصويت يوم الانتخاب بل ان يكون عمليا بعمل التوكيل وبدعوة الناس لدعمه من الان,OBJ
3695,ريحة الحبايب #عمرو,OBJ
3696,عاجل ؛ هؤلاء هم أشراف #مصر ، وكلام خطير في صميم #الاخوان !! أنصحكم بسماعه ?,POS
3697,مؤتمر حزب العدل لدعم #حمدين_صباحي رئيسا لمصر : حمدين صباحي : السلطة سلطة الشعب وليست سلطة فرد,OBJ
3698,"لكن الكاهن #القرضاوى في عام 1999 يدعوا في فتواه الخوارج في #الشيشان ممن اسماهم "" بالمتطرفين """,OBJ
3699,كثيرون منا لازالوا يعتبرون جسد المرأة سلعة وبالتالي فان الرجل يتزوج وكانه يشترى سيارة لماذا يشتريها مستعملة ان كان يملك ثمن الجديدة,OBJ
3700,شاهد - الرجل الثالث حمدين صباحي في آخر كلام #,NEUTRAL
3701,لاول مرة فى تاريخ الاسلام يهتف المصلون ضد خطيب الجمعة (قاتل) الداعية سالم عبد الجليل عبد البيادة نال ما يستحقه,NEG
3702,بفكر #الرجاء البيضاوي يفوز على #المغرب الفاسي 365 شو بتتوقع؟ #365,OBJ
3703,اليائس يرى صعوبة فى كل فرصة أما صانع الحياة يرى فرصة فى كل صعوبة,OBJ
3704,_ #صلاة_الفجر وبطل شغل كبس عليا النوم فجأ هيا قوم الله يجزاك خير انت وهو مانبغى حركات ايام #المدارس في #الصباح هههههههههه,OBJ
3705,إبداع الفشل بعض أحيان يزيد إلهامه عن إبداع النجاح,NEUTRAL
3706,_: #أوباما: لا نتوقع أن نقوم بتسليح #أوكرانيا وأي تسليح لايمكن أن يردع السلاح الروسي#أميركا #روسيا #العرب,OBJ
3707,حوار الطرشان,NEG
3708,(شمس الحريه بتنادي) يا وطني يا وطني الغالي يلي خنوك و… #انتخبوا_ #ريتويت,NEUTRAL
3709,الرئيس مد التأسيسية شهرين خلافا لاستفتاء مارس والآن نائب الرئيس يقول أنه أُجبر على الدعوة للاستفتاء في 15 يوم التزاما به! احترموا عقولنا!,NEUTRAL
3710,#اكتب_رساله_لشخص_دون_ذكر_اسمه ليه تقسى عليّا وانت قلبك حنوني,OBJ
3711,_11 55 _ فرع مؤنث سالم؟؟؟ #ارحل  #السماجه_لا_دين_لها,OBJ
3712,عرض الاسبوع 44 ألف متابع #صباح_الخير #بعد_منتصف_الليل #صور_كنك_بنت #بوح #رتويت #أخر_الليل #الفتح #النصر [1476389],OBJ
3713,قدم حياته لأجل كرامته فصارت ( أم الشهيد ) #الاردن #رائد_زعيتر,OBJ
3714,أجدع حاجة ان التيتى قصدى #السيسى كل ما يحاول يعمل شو اعلامى فى صورة تتقلب عليه #هاشتاج سخرية وده يبين انه حمار اخر حاجة #السيسى_هايصالح,NEG
3715,_6: رَبٰاه عَطفك إذا ضَاقَت بِنَا الـصُدور ,OBJ
3716,الحلقة 21 - الجزء الأول - فجر الإخوان,OBJ
3717,المصرى اليوم يوقف 3 صحفيين بتهمة تسريب الفيديو ويقيم دعوى قضائية ضد رصد ثم يقول أن الفيديو مفبرك!,OBJ
3718,الانقلاب كشف مئات الحقراء في السياسة والاعلام والاقتصاد والفن والرياضة، لكنه أضاء لغيرهم طريق الحرية شكرًا سيف عبد الفتاح,NEUTRAL
3719,صوتوا حتى افوز على مرسي و اذهب الي ناسا و ارجع اكسب رياسة الجمهورية,OBJ
3720,"أياكس يسعى لخطف الموهبة المغربية الأصل ""مستور ""من معقل ميلان #ميلان #اياكس",NEG
3721,"أبرز عناوين #الصحف ""#الإسرائيلية"" صباح يوم الثلاثاء",OBJ
3722,كذبة حقيرة الاهرام العربي:مرسي طبع 65 مليار جنيه والبنك المركزى يأسف ويستنكر ويرفض التعقيب,NEG
3723,511_ #اكتب_رساله_لشخص_دون_ذكر_اسمه #شواطئ_الحنين لگ صديقتي ( (,OBJ
3724,الأسواني: الدم سوف يعلق بيد كل من يشترك في هذه الانتخابات الباطلة فلنقاطع الانتخابات وننضم الى,NEG
3725,2 أيوة هو ده اللي بقوله,OBJ
3726,إنما المؤمنون إخوة علي شعار رابعة خلفية الزعيم #أردوغان في منظر ولا أروع #مرسي_رئيسي,POS
3727,البيان الصحفي ليوم السبت 19 نوفمبر 2011 حمزاوى : العدالة الاجتماعية حق وليست مطلب,OBJ
3728,المصري اليوم عندما نشرت ملخص المؤتمر وضعت الجملة في غير سياقها وكأن ليس من حق شباب الثورة الوصول للسلطة وهذا عكس مبادئ حزب الوسط تماما,NEG
3729,ادين بشدة استمرار الانتهاكات والاعتداء على المعتصمين السلميين عند مجلس الوزراء,NEG
3730,#الامريكان اكتشفو إمكانية وجود مياه على المريخ ^_^ #المصريين اكتشفو ان ب 2 جنيه فول كل جنيه لوحده اكتر من ب 2,NEUTRAL
3731,بدء حفل توقيع بروتوكول تعاون مع المستشار أشرف هلال محافظ المنوفية لمحو أمية العاملين بالجهات الحكومية هناك ضمن,OBJ
3732,بيان الجيش واضح ولا مجال للحديث عن انقلاب عسكري إلا من كذابي الإخوانمرسي استهان بشعبه وقرر أن يكون رئيسا لعشيرته فقط فأسقطه الشعب,NEG
3733,السلفي سعيد عبد العظيم قال أن مرسي آية من آيات الله ونسي أن الله تعالى أرسل إلى مصر أيام سيدنا موسى آيات منها الجراد والقمل والضفادع والدم,NEG
3734,شاهد- #فيفي_عبده راقصة سيذكرها التاريخ #الحكم #1,POS
3735,#حط_نفسك_مكان_البنت أهو حط نفسه!,OBJ
3736,هاتوا 4 فولورز كده لحد ما اعمل الشاي #ريتويت #نانا3 #هيلب #انشر #وزع #احشد #خليكوا_حلوين #يقعدلكوا_في_عيالكوا,OBJ
3737,بلطجة الإخوان والإعتداء على الإعلاميين بمحيط اكاديمية الشرطة #السادة_المحترمون,NEG
3738,#زملكاوى انا و الفخر ليا,POS
3739,في يوم #عيد_العمال كل الوزراء والمدراء والموظفين وغيرهم مُجاز إلا العمال قبلة حب على جبينكم,POS
3740,الخبر المتداول على بعض المواقع الصحفية والإخبارية والذي يزعم حصولي على تمويل أجنبي عار من الصحة تماما، ينبغي إيقاف حملة الإفك والتشويه فورا,NEG
3741,شفيق: أعرف مكان كل إبرة في البلد #,OBJ
3742,التواصل مع منظمات دولية و مجتمع مدنى عالمى و ليس حكومات #,OBJ
3743,د عمرو الشوبكي يقرأ تطورات اليوم والشاعر أمين حداد يقرأ آلام العام - آخر كلام 11م,OBJ
3744,د علاء الأسواني : من هم مرشحو الرئاسة الذين تلقوا أموالاً من الخارج ؟! أقرأ المقال كاملاً,OBJ
3745,زول فى الشارع للبنت و كمية شده الاعصاب اللى بتقابلها يجيب الف مشكلة نفسيه فى حد ذاته ! #مصر #تحرش,NEG
3746,استمع إلى قصة نجاح لطبيب مصرى فى بريطانيا- بسمة أمل - كن متفوقاً يحترمك الجميع,OBJ
3747,شاهد - تميم البرغوثي ومصطفى سعيد في الذكرى الأولى للثورة فى آخر كلام #,POS
3748,شبكة الـ سي إن إن تكشف عن نوايا التصويت داخل الكونجرس الأمريكي #السادة_المحترمون …,OBJ
3749,مفيش جمهور في الدوري المصري؟ يبقي مفيش كورة اصلا مفيش كورة من غير جمهور #رجعوا_الجماهير,NEG
3750,تدوينة رائعة من خالد بهي الدين ترد على أكاذيب نظام مبارك جماعة الإخوان الكذابين لن تسقط بترويج الأكاذيب عنها,NEUTRAL
3751,بدلا من أن تسعي لإثبات أن غيرك سيدخل النار خيرٌ لك ان تسعي لكي تدخل أنت الجنة !,OBJ
3752,"باقي على #رمضان 69 يوما تقريباً وتبدا القصه الجميله وتعلو المساجد بأصوات التراويح اللهم بلغنا رمضان لا فاقدين ولا مفقودين ♡""",POS
3753,نسيت أقولك إنك لو مؤمن بعدل ربنا لازم تطلع مبارك من السجن أو تحصله لأنك مسئول سياسيا عن قتل مواطنين مصريينبلوك وريبورت سبام,NEG
3754,الغريب انها فخووورة بنفسها #الحكم #فيفي_عبده_الام_المثالية !,OBJ
3755,كيف تتشدق بهذا الدستور؟,NEUTRAL
3756,#بيع_متابعين #زيادة_المتابعين #تابعني_اتابعك #السعودية #الهلال #النصر #الاتحاد #الأهلي #الأتفاق #الشباب [90731],OBJ
3757,#ذات_مومنت لما تكون #ماسك ذله ع صاحبك ;) = #__ #حبيبى يارقه فاكر ولا #لأ 3:) # ☺,OBJ
3758,إيه خبر القبض على جون ستيوارت ده؟ حصل فعلاً؟,OBJ
3759,الوقوف دقيقة حداد على ارواح شهداء احداث سيناء وعلى شهداء ثورة 25 يناير في بداية المؤتمر الجماهيري,NEUTRAL
3760,ألف صورة لألف شهيد من شهداء مجازر الانقلاب الدموي في #رابعة و #النهضة و #رمسيس و #الدقي …,NEG
3761,صديقي مرسي بالقرب من دواسة البنزين التي لا تريد أن ترفع قدمك من عليها (الى يسارها) دواسة فرامل جربها كي لا نلبس في الح,OBJ
3762,أهمها محاكمة الرئيس السابق وصناعة رأي عام مؤيد للانتصار لحقوق الشهداء والحفاظ على الضغط الشعبي للتعجيل برحيل العسكري,OBJ
3763,قرار #وزير_الداخلية بشأن الجرائم الكبيرة الموجبة للتوقيف #السعودية -,OBJ
3764,نفسي ارجع لأيام كانت الحاجه الوحيده اللي مش تخليني اعرف انام لما يبقي عندي رحله في المدرسه تاني يوم #ذكريات_مدرسية,POS
3765,اللهم إني أعوذ بك من المزايدين والمزايدات الرجالة منهم والستات,NEG
3766,) لما بنات الاخوان بيشيلوا ار ب جي يبقى الرجالة تش…,OBJ
3767,"إلصاق سوء السمعة بـ""مدنية""هو الدافع ورا استبدالها بـ""شو",OBJ
3768,المحرقة أبشع جريمة بالتاريخ الحديث,NEG
3769,#بيقولك_أعرف_بلدك شلال كلوز اب و منطقة شلالات وادى الريان,OBJ
3770,حلقة التوحد رحلة مع المعاناة!! من #برنامج_لماذا لمن يرغب في المتابعة #السعودية #جوهرة_جدة #الج…,OBJ
3771,#ولاد_البلد #المنصورة #مصراوي النيابة تعاين سيارتين ملاكي أحرقهما مجهولين أمام مدرسة بـ #المحلة_الكبرى,OBJ
3772,"#صباحى ينفى صحة تسريبات ""محاكمة #السيسى"" وحملة #المشير: تصرفات ""غير مسئولة""",OBJ
3773,الدفاع عن حقوق مواطنة كاملة لنا جميعا وحق المصرية المسيحية في الترشح لرئاسة الجمهورية وعن حرية العقيدة على قناة الناس كان ضروريا,OBJ
3774,___5 #سحب_السفراء_من_قطر #قطر_ترضخ_للضغوط_الخليجية وهل زلزلت الخيل الخمس بقيادة الأدهم مخططات الحمق #الاخواني !,OBJ
3775,حينما يأتى لى شخص ليقول لى سأعطيك صوتى أقول له أنا اعتز بصوتك ولكنى لا أسعى إليه أنا أسعى لان يلتف الشعب حول,OBJ
3776,تصحيح: دعم وقود المصانع يقدر ب70 مليار وليس 95 مليار,OBJ
3777,مصر اليوم حرة بارك الله في شعب مصر,POS
3778,#الكويت #السعوديه #البحرين #قطر #ا?مارات #عمان #العراق #مصر #تونس #الجزائر #المغرب #ا?ردن #السودان #لبنان 54,OBJ
3779,عرض الاسبوع 40 ألف متابع #شوارعنا #فن_تتقنه_النساء #ذلك_الشخص #شي_ودك_تجربه #بوح #درر #عجبني #حلو #مكه [2025460],OBJ
3780,#الايفون #تقنية جاك مقطع صوتي على #الواتساب وعجبك وما تعرف كيف تحفظه !! تابع المقطع 💚,OBJ
3781,بمناسبة مرور عامين على قناة أون تي في لايف ألبرت شفيق #السادة_المحترمون,OBJ
3782,د أبو الفتوح : يجب أن يعلم ويدرك كل من يتقدم لخدمة هذا الوطن من خلال وظيفة الرئاسة أو أى منصب أخر أن واجبه أن,OBJ
3783,اعتقال الدكتور شادى حرب و غيره من النشطاء محاولات يائسة من قبل نظام قمعى يتهاوى اصرارنا على التغيير يزداد قوة كل يوم,OBJ
3784,ليه يوصلوا الواحد في سنة إنه يكره عيشته واليوم إللي إتولد فيه؟ #ثانوية_عامة #علمونا_صح,NEG
3785,"مداخلة الدكتور عمرو خالد في برنامج ""آخر النهار"" مع الإعلامي خالد صلاح من جنوب السودان، ضمن الوفد الشعبي الذي يزور",OBJ
3786,كنتي صرتي قرايبتو للي كان ناوي يصير رئيس جمهورية #ياخسارة بيعطوكن كوبونات سكّر ببلاش ها!!,OBJ
3787,"الليلة السابعة مساءً الندوة الاسبوعية للدكتور/ علاء الأسواني في مركز شبابيك بالمقطم ""الدعوة عامة"" - للتفاصيل",OBJ
3788,هل يعزل وزير الدفاع الاميركى الرئيس اوباما بعد حادثة واشنطون ؟ او يعلن اوباما الطوارئ وحظر التجول,OBJ
3789,#صورة - محترف النادي #الأهلي ( إيريك أوليفيرا ) يتابع لقاء #الاهلي و #الاتحاد من المستشفى بعد عملية الرباط …,OBJ
3790,الملك فاروق كان أقرع جمال عبد الناصر كان بشعر السادات كان أقرع حسنى مبارك كان بشعر يبقى ا,OBJ
3791,(التيار يدين العنف وحرق المقرات) #التيار_الشعبي,OBJ
3792,اللهم أعنا على ذكرك و شكرك و حسن عبادتك,OBJ
3793,إخلع أي ملابس حمراء ترتديها، جنود الموت حولك لن يرحموك، كما لم تمنعهم براءة أنس وطفولته من قتله ٥ #مذبحة_بورسعيد,NEG
3794,شاهد - يسري فوده: الدولة في سبات عميق، باعتراف الدولة #,OBJ
3795,بسمة أمل - وصفة سحرية لحفظ أسماء الناس تكسب بيها قلوب الناس,OBJ
3796,3 لا أدعم لا علنا ولا سرا أيا من المرشحين وكبرلماني سيراقب الرئيس القادم أفضل الاحتفاظ باختياري لنفسي، السر الانتخابي,NEUTRAL
3797,بساطة الحياة أحد النعم التي يتمناها الغني فكم يتمنى ان يمارس نشاطات وعادات الانسان البسيط دون رقابة وملاحقة #رتويت_كوكتيل #بو…,OBJ
3798,محمد مرسي احترمك السيسي انت ظالم,NEUTRAL
3799,#مصر_العربية |#عاجل| إبطال مفعول #عبوة_ناسفة بـ #شمال_سيناء,NEUTRAL
3800,الدستور القادم لابد أن ينص على الدولة المدنية، دولة المساواة والمواطنة وهي مضاد الدولة العسكرية والدولة الدينية التي لم تعرفها مصر تاريخياً,OBJ
3801,اعلام النظام السابق مازال قائماً : البلطجة الفكرية أقوى أسلحة اجهاض الثورة ماذا يحدث ؟!,NEG
3802, الداخليه توافق علي حضور الجماهيــــــــــر فوق 29 عاما مباريات الدوره الرباعيه  #الكورة_للجماهير,OBJ
3803,_911 شارع النزهة 147 من 9 صباحا إلى 6 مساءا تحياتي,OBJ
3804,لبـستُ ثوب الرَّجا والناس قد رقدوا - وَقمتُ أشكو إلى مولاي ما أجدُ / وقلتُ يـا أمَـلي في كلِّ نائـبةٍ - ومَن عليهِ لكـشفِ الـضُّرِّ أعتمدُ,NEG
3805,مصر تعيش وضع مأساوي أوصال الدولة تتفكك والعنف في إزدياد النظام بشكله الحالي عاجز عن إدارة البلاد لابد من المراجعة الجذرية قبل فوات الأوان,NEG
3806,١ يحرص عصابة الانقلاب علي تحسين صورة مصر الممزقة والنجسة في العالم عن طريق كلاب البيادة من مذيعين وضيوف في,OBJ
3807,اطلقوا اسم رابعة العدوية على مدرسة بالمغرب وحديقة بتركيا والانقلاب يطمسها مع اشارتها ليخفوا اكبر مذبحة فى تاريخ مصر,NEG
3808,3 مصر تحتاج لانتخابات رئاسية مبكرة، وبالمطالبة بها التزام خالص بالديمقراطية وليس انقلابا عليها كالدعوة لإسقاط الرئيس المنتخب بالعنف والفوضى,OBJ
3809,الذين اتهموا الثورة بانها مكنت الاخوان من مصر هؤلاء ننتظر منهم الان اعتذارا الثورة حررت إرادة الشعب فاختبر الاخوان وتخلص منهم الى الأبد,NEUTRAL
3810,الأ‌مل هو تلك النافذه الصغيرة التي مهما صغر حجمها إلا‌ أنها تفتح آفاقا واسعة في الحياة,POS
3811,أبواب مغلقة | رهانات النظام السياسي البريطاني,OBJ
3812,#اكتب_عبارة_على_باب_قلبك طز بشنب رجال مايفتخر فيك,OBJ
3813,"أهالى ""الكولة"" بـ #سوهاج يقطعون الطريق لضبط عصابة قتلت وأصابت10 منهم",OBJ
3814,صفجة فيلم الشتا اللي فات على فيس بوك,OBJ
3815,الوطن | فى الهند أم العجائب (1) | عمرو حمزاوي:,OBJ
3816,الأسواني: أولا: يجب أن تلقى على ناخبيك نظرة وداع منذ الآن فصاعدا لا يجب أن >> أقرأ المقال كاملاً >> … …,OBJ
3817,#حرية_الصحافة موجودة ؟ نصيحة_توجهها_لنفسك #النصر #الهلال #السعودية # #الحكم_بإعدام_528شخ…,OBJ
3818,هذا هو ردي,OBJ
3819,#رجعوا جماهير تاني,OBJ
3820,إحنا شعب و إنتوا شعب_علي الحجار في رأيي هذا هو أحقر و أحط عمل فني في تاريخ مصر و حسب…,NEG
3821,"الان في ""جولة ميدانية""",OBJ
3822,#عن #سيد_وزة #افتكروهم,OBJ
3823,الواحد يمتحن الصبح تنزل الدراجات بليل #هندسه #عين_شمس سبحان الله,OBJ
3824,: هل انت احد الـ 4600 مشارك في #القمة_الحكومية ؟ شاركنا لحظاتك المفضلة من القمة,OBJ
3825,الأسواني: لهذا لا يوجد فرق بين إرهاب الكنيسة الكاثوليكية في الأندلس على يد الراهب بليدا وإرهاب أسامة بن لادن>>,NEG
3826,المثير في الموضوع إن مرسي متصور وهو بيقول جرينوف,OBJ
3827,نوت لأحد أعضاء الصفحه حول ترشح دعبد المنعم أبو الفتوحما رأيكم؟,OBJ
3828,مجتمع هيفضل طول عمره #حافظ_مش_فاهم حاااجه,NEG
3829,ايــــن انــــتم يــــا عــــشاق النــــسور الخــــضراء #المصري # #بورسعيد البوستات مبقتش توصل اﻻ ل10% من,OBJ
3830,#يوسف_الحسيني يتلقى تهديدات بالقتل من الإرهابي أبو سمرةازاي وليه الناس دي متسابة كده مش بيتحقق معها …,NEG
3831,د أبو الفتوح: الحكومة الإسرائيلية تطيل أمد الصراع مع الفلسطينيين لأنه لا يمكنهم الاستمرار و التماسك بدون هذا,NEG
3832,صفعة لناشطة هي صفعة على وجوهنا جميعا، اعتداءات وحشية أمام مقر جماعة غير شرعية تخرج على القانون وتحكم لتفكيك الدولة، الإخوان في مواجهة مصر!,NEG
3833,دعمرو حمزاوي :-قانون عزل الفلول هدفه عدم إعادة إنتاج نظام مبارك,OBJ
3834,7 ابتكارات لـ”جوجل” ستغير من حياة البشر,OBJ
3835,طلاب الجامعات قالوها اليوم عاليا لا دراسة ولا تدريس الا بعودة الرئيس صدامات واعتقالات وغدا ايقاف الدراسة او فوضي بالجامعات,POS
3836,وكيل أوقاف مصر: مبارك ''فك الله أسره'' ليس مستبداً (فيديو) #مصر #الانقلاب #وكيل_اوقاف_مصر #حسني_مبارك,OBJ
3837,#الشروق: هل الجيش الروسي قادر فعلاً على احتلال شرق أوكرانيا؟: اجتياح روسيا لشرق أوكرانيا واحتلاله هو السيناريو,OBJ
3838,بدء اﻻمتحانات الشفوية بـ #كلية_طيبة بـ #الأقصر,OBJ
3839,مجموعة من كتب تتناول بالتفصيل موضوع #حرب_اللاعنف,OBJ
3840,1-انسحاب الوفد المصري المشارك في مهرجان مالمو السينمائي بالسويد بسبب مظاهرات حاملي شعارات رابعة فضيحة وهدر غير مقبول لأموال …,OBJ
3841,#متصدر_لاتكلمني #النصر #الهلال #الاهلي #الاتحاد #الفتح #الشباب #السعودية الدرعيه #الرياض خمس الاف 34,OBJ
3842,الدكتور #مصطفي_محمود بيشرح بطريقة بسيطة,POS
3843,#بالعربي #عشان_متأثره #وحشاني_فشخ #وحشني_الكلام_معاكي #وحشاني_قاعدتنا #عايزه_احكيلك_كتير #مفتقداكي,OBJ
3844,"القضاة لن يشرفوا على الاستفتاء قبل إلغاء ""إعلان مرسي"" | المصري وم من مصر",OBJ
3845,#مصر تحظر نشاط حركة 6 أبريل #الغد #القاهرة #الاخوان #الانقلاب,OBJ
3846,هل تظن أن عصام شرف اكتسب مزيدا من الحرية بعد مليونية 8 يوليو؟,OBJ
3847,يتيم من ذوى الظروف الخاصة أرسل لي قصيدة عن الأم وقال (ليس لدي أم أهديها هذه الكلمات لكن اليوم ساهدي هذه القصيدة لكل أمهات الع…,OBJ
3848,لماذا ينظر المصريون دائماً إلى الشمال (أوروبا) ولا ينظرون إلى الجنوب (أفريقيا) أهى عقدة الخواجة أم هو التعالى على أفريقيا التى نحن منها,OBJ
3849,اسمعو #فولورز_اسلاموفيتش_بيعملوا_لبعض_فولو #فولورز_عفركوش_بيعملو_فولو_لبعض #شكلك_مش_غريب #,OBJ
3850,اسألوا #البرادعي عما فعله في #العراق #البرادعى_طلع_جاسوس #باسم_طلع_حرامي #تخابر,NEG
3851,اشعر بالألم الشديد و نحن نعيش فوضى لا أخلاقية و انحطاط في المبادئ و القيم و صدمة ممن كنا نعتقد أنهم بصدق علماء و دعاة,NEG
3852,سيبك انت بس السيسي راعبهم #انتخبوا_البرص,NEG
3853,ليت كل مسيحيين مصر زيك #اللى_رافضين_السيسى_رئيس_بيعملوا_فولوا_لبعض #انتخبوا_ #مرسى_رئيسى #سيناء_خارج_التغطية …,NEUTRAL
3854,الرئيس عدلي منصور يصدر قرار بالتشكيل الجديد للجنة العليا للإنتخابات …,OBJ
3855,اخطب اخطب ماهو ده تمامك,OBJ
3856,اللى حصل ف الشيخ منصور ف #عزبة_النخل مسمع جامد لان الحمدلله المسيره علمت على عبيد #السيسى هناك يبقى افضل واحرص لو المسي…,OBJ
3857,مع الانقلاب الدموى هزيمة دموية لمنتخب مصر بالستة من يقتل الستات فى الشوارع تقتله غانا بالستات فى التصفيات,NEG
3858,#الداخلية هي اللي ضربتني بالآلي وقتلت الطالب #محمد_عادل | أخبار الموجز …,OBJ
3859,11 فبراير كان يوم نكسة #ثورة_25_يناير لما سيبنا الميدان وروحنا مش 30/6 ولا 3/7 ياريتنا كنا سمعنا كلامك يا شيخ حازم #انا_حازم #مرسى_رئيسى,NEUTRAL
3860,# #نافذة_مصر | #الاسكندرية : قطع العشرات من طلاب المعهد العالى للهندسة بالكيلو 47 #2011,OBJ
3861,الشرطة تاريخها كله أكاذيب لكن الاخوان لم يصدقوا في حياتهم واكاذيبهم اكثر من الشرطة ولديهم ماكينة تبرير تنكر الشمس الساطعة لابد من تحقيق,NEG
3862,#حمدين_صباحى لو بقى رئيس هيوافق على قانون التظاهر وغلاء الاسعار والكهربا والغاز وبكره يشيلو دعم السولار بطلو فتى وافتكاسات بقى,NEG
3863,"#الجيزة||#حاميها_حرميها حالة أستاذ بطب طنطا للتحقيق بسبب رأيه على ""الفيس بوك"" قرر الدكتور عبد الحكيم عبد الخالق،",NEG
3864,إذا أعلنت نتيجة المرحلة الأولى وكانت متقاربة قد يؤدي ذلك لما لا يُحمد عقباه في المرحلة الثانية بين المؤيدين والمعارضين! اتقوا الله في مصر!,OBJ
3865,أسعار #البنزين في #إيران تقفز بما يصل إلى 75 بالمئة مع خفض الدعم:,OBJ
3866,علاء الأسواني يكتب: حوار غاضب في المقر السري > > ينشر صباح غد الثلاثاء في جريدة المصري اليوم >> …,OBJ
3867,وصلت المطار من الدقي في 11 دقيقة فعلا ساعة الحظر ما تتعوضتش,NEG
3868,شاركوا مكفوفين #الاسكندرية,OBJ
3869,ابتسم فإن هناك من يحبك يعتني بك يحميك ينصرك يسمعك يراك هو الرحمن الرحيم,POS
3870,ربنا وعدني اليومين دول بالعيال بتوع الاخوان #السادة_المحترمون,OBJ
3871,لن أمل من تكرارها: أيام كان رئيسكم مرسي يحسن أحسنت أنا وغيري إليهلكنه منذ أن بدأ الكذب وإخلاف الوعود وتسبب في إسالة الدماء لا يستحق الإحسان,NEG
3872,#اليمن | الخدمة المدنية تعلن الخميس القادم إجازة رسمية بمناسبة عيد العمال العالمي,OBJ
3873,بل إن الله تعالى أقسم بها حين قال (وليالٍ عشر)، وهذا وحده يكفيها شرفاً وفضلاً، فإن العظيم لا يقسم إلا بعظيم فلا يفوتكم الأجر العظيم,POS
3874,مصر بها موارد كافيه لان تصبح دوله كبري \الصحراء وما بها من معادن كلام وكلام #يوسف_الحسيني #السادة…,OBJ
3875,يا شباب فى خاصية جديدة أطلقها موقع الفيسبوك لكى تصلك منشورات الصفحة دائما قم بإختيار ( ),OBJ
3876,لأن أتصنع السعادة أحب إلي من أن أتصنع الحزن #السعادة #حقيقة #بوح #الحزن #التصنع #وعي,OBJ
3877,بيعتوا حريتكم عشان تعيشوا وتاكلوا بس حتى دي استخسروها فيكوا :)) #غلاء_الغاز ومن بعده #البنزين ومش هتقدروا تفتحوا بئكوا,NEG
3878,حتّى المحاريبُ تبكي وهي جامدةٌ حتى المنابرُ ترثي وهي عـيدانُ! * #ذكرى_سقوط_الأندلس,OBJ
3879,#يارب انصر أهل #سورية !,OBJ
3880,باقى 30 يوم اللهم بلغنا رمضان,OBJ
3881,"د علاء الأسواني يكتب مقاله الأسبوعي بعنوان ""هل المرأة انسان؟؟"" ينشر صباح غد الثلاثاء في جريدة ""المصري اليوم"" >>>",OBJ
3882,"تسلم لي عيونك يا آحلى #شيرين ♡ "" روحي شيرين محمد العراقي الجريح",POS
3883,عشان ما تتصدموش بس التأسيسية حتتحل يوم الثلاثاء و العسكرهو اللي حيشكل الجمعيةنقطة الصفر مرة اخرى,OBJ
3884,3 الجزيرة ولا حاجة جنب قناته الشملولة اون تى فى الى بتتوقع الكوارث قبل حدوثها وتسبق لموقع الحدث,NEG
3885,#واحد_فاضي #الهلال #السعودية #النصر #النصر_الهلال #غرد_بصوره #الرياض #زيادة_المتابعين #رتويت #هاشتاق_خاص [259080],OBJ
3886,ارتفاع ضحايا رفح لـ11 قتيلا و17 مصابا وإعلان أسماء الضحايا #نقطة_لقاء، #يوسف_الحسيني # #…,OBJ
3887,"كيف يتصور الإخوان أن هتاف (مرسي وراه رجالة) سيكون مجديا مع شعب لديه خبرة سلبية مع أتوبيسات النقل العام الزحمة؟ ليس منا من لم ""يوقر"" رئيسنا",NEUTRAL
3888,نرجو أن تسمح #الصين بحرية الملاحة في بحر الصين الجنوبي دون اللجوء للتصعيد #أمريكا,OBJ
3889,الجو هنا ناااااااار فى الصعيد ياريت رتويت قبل الانصهار #جمعية_الاقل_من1000_فولورز,OBJ
3890,#وائل_جمعة: نمتلك الدافع الأكبر للفوز بمباراة العودة أمام الدفاع المغربي,OBJ
3891,#الحقيقة_مباشر_مصر|#انقلاب_3يوليو #عاجل| قوات أمن الانقلاب تعاود مهاجمة قرية الميمون في #بني_سويف بالخرطوش,OBJ
3892,#مميــز جولة #السوري الحر بدرعا || جولة مع أمير الإقتحام #جبهة النصرة في تل الجابية,OBJ
3893,"في حفل جمعية رسالة "" رد الجميل "" لتكريم سيدات مُسنات من جميع محافظات #مصر بمناسبة #عيد_الأم على مسرح سيد درويش - أكاديمية…",NEUTRAL
3894,بلغ التدني بالبعض حد وضع صورتي واسمي على حسابات تويتر مزيفة وإستخدامها للتطاول على حبيبتي وزوجتي وللخوض في عرضي، وتداولها عبر مواقع غير جادة,NEG
3895,احنا بنعمل دستور علماني و هنمنع الأحزاب الاسلامية انها تشارك في السياسة #مصر,OBJ
3896,#اللهم اجمعنا بموتآنا في جنتك :(,OBJ
3897,خاطرة جديدة عن التنوع و الإختلاف,OBJ
3898,اللي اختشوا إنشقوا لذلك لا أراهن إطلاقا على ضمائر المنتمين للإخوان لأن نطاعة السمع والطاعة قتلتهاأراهن فقط على البشر اللي هيكتشفوا الكذب,NEUTRAL
3899,هل هناك فرق بين الفاشية العسكرية والفاشية الدينية ؟! د علاء الأسواني يكتب : كيف نتحرر من الفاشية ؟! >>,OBJ
3900,تجربة الانتخابات التونسية النزيهة واقبال الشعب التونسى على ممارسة حقه فى التصويت يؤكد نجاح الثورة التونسية مبروك يا تونس وعقبالك يا مصر,OBJ
3901,#نجم_الدين #عمرو_جمال تحبا في الله اجتمعا عليه و تفرقا عليه و كانت النهايه انهم يتمسكوا مع بعض #الحريه_للجدعان #الحريه_للابطال,OBJ
3902,رتويت خلي اللي ف أكتوبر ينزل #25_يناير #مصر,OBJ
3903,دباسم يوسف عمل برنامج البرنامج و #فسسسسسس,NEG
3904,#عاجل #رويترز استقالة رئيس وزراء كوريا الجنوبية بعد كارثة غرق العبارة,OBJ
3905,2 حتى انت؟ دي إخوانا وفيه كمان إخوانهم لكن بعيد عن الضمير والتنوين هل هناك اخوان شيء آخر؟,OBJ
3906,بغض النظر عن راينا في التشكيل الوزاري فان تعيين المستشار احمد مكي وزيرا للعدل خطوة صحيحة في اتجاه استقلال القضاء وهذا ما يفسر غضب الزند منه,OBJ
3907,#الواتس_اب معطل؟,OBJ
3908,اسم الباشا إيه؟,OBJ
3909,الغريبة ان من طعنوا و شوهوا فيا و تمنوا انهاء برنامجي يطالبونني بان اهاجم الطرف الاخر،الم تعتبروني عدوا؟ يبقي ماتتوقعش مني حاجة,OBJ
3910,771 وثقوا فيهم؟ وهو اللي يثق فيك تخونه وتقول شرعية؟ انت مصدق نفسك؟,OBJ
3911,#عمر_جابر مننا هيه هيه #زملكاوى زيينا هيه هيه #لاعب_بعقلية_أولتراس,POS
3912,#خليك_مصدق #خليك_مصدق ان الحكومة تبع الاخوان وفيها 11وزير مؤتمر و15محافظ مؤتمر #خليك_مصدق ان هادي من الاخوان,NEUTRAL
3913,أتعرف من هم أهل الجنة؟ #صورة #أهل_الجنة #الجنة #نشر_سيرته  #,OBJ
3914,انتخابات المجالس البلدية في #قطر الأربعاء,OBJ
3915,_ من لوعه الحرمان فيك #كفاية,OBJ
3916,طب غلبنا برشلونة '' بالحظ '' غلبنا البايرن ! ''لعبكو كلو دفاع '' عن عقلية برشلونة اتحدث =) #ذا_شامبيووونز,OBJ
3917,الأدمن: اتفرج على احلى مقاطع #امريكا_بالعربي حلقة 23,OBJ
3918,تصبحوا على خير جميعا,OBJ
3919,7 ماله سمك إسكندرية يافندم؟ طب والله من غير مبالغة لفيت العالم مالقيت مثيله وأتوسل إليكي ماتحطميش أسطورتي الخاصة,POS
3920,خمس الاف متابع بـ 200 ريال #سلمان_العودة #تغريدة #اقتباس #طارق #السويدان #طارق_السويدان #أعجبني #العريفي # 376,OBJ
3921,خمس الاف #الامارات #الهلال #النصر #السعودية #الكويت #قطر #الرياض #مكة #رتويت # #دبي #الشارقة # #غرد_بصورة 140,OBJ
3922,أثق في رؤيةأحمد سعيد وأعلم التزامه بمبادئه وأنا معجب بتصريحه أن الحزب يستطيع أن يكون حزب الأغلبيةوأتمنى فوزه في الانتخابات لتحقيق تلك الرؤية,POS
3923,#باسم_طلع_حرامي ===== #عاشق_مصر,NEUTRAL
3924,و لا عاش ولا كان اللي يزعلك يا فوزي,NEG
3925,ليس كلام #العربية ولا #الجزيرة إنما هو كلام الشارع #المصري تحليل لما يجري في #مصر بلسان بائع بسيط,OBJ
3926,"متحدث "" #الحرية_والعدالة"": عملي مع "" #الإخوان"" ""سبوبة"" والنيابة تأمر بحبسه 15 يومًا #مصر",OBJ
3927,ترجمة غلاف وكاريكاتير سبورت ليوم 2014/4/28 #برشلونة,OBJ
3928,قال رسول الله صلى الله عليه وسلم (سيأتي على الناس زمان القابض فيه على دينه كالقابض على الجمر) #بكفي_حصار #اضبطوا_شركاء_المخلوع #اليمن #مصر,NEG
3929,إلتقى أمس دعبدالمنعم أبوالفتوح مع السفيرة الأسترالية بالقاهرة ستيفاني شوابسكي، جاء اللقاء لمناقشة المستجدات,OBJ
3930,"قصة رائعة من سيرة عمر بن عبدالعزيز أمير المؤمنين #عمر_بن_عبدالعزيز """"",OBJ
3931,أستقالة بابا الفاتيكان ! هل يا ترى فى علاقة بتعيين سفيرنا الجديد فى الفاتيكان ؟ :),OBJ
3932,آخر كلام : ثورة الشعب السوري واحتمالات التدويل # #,OBJ
3933,تخيلو يفاجؤنا المرة هاي ويحكولنا كمان مرة وصلت الى طريق مسدود ها بدي اقلكو مثلا انهم يتصالحوا كش برا وبعيد متجليين والشعب #سيكو_سيكو #فلسطين,NEUTRAL
3934,اعلام العار يكذب كالعادة لتشويه صورة الرئيس مرسي مسئولو السجن يؤكدون انه لم يطلب أى ميزة او استثناء دع الكلاب تنبح,NEG
3935,"فيديو صادم أب روسي يدع ابنه يدخن و""الأم"" تضحك #العربية #روسيا",OBJ
3936,#اكتب_عبارة_على_باب_قلبك رُغم كُل شيء يبقىَ في القلب { أمل } فاللهُ كـريم,OBJ
3937,موعد قفز سيسي على الرئاسة يقترب الحق احجز ديل عشان تحضر حفل التنصيب لكنه لن ينال غرضه لأن الشعب سيحرمه ويحاكمه,NEG
3938,الدعم الصهيوني للإخوان أهدافه منع حماس من الهجوم على اسرائيل صراع سني شيعي يمزق المنطقةضمان تخلف مصر الدائم تحت حكم الاخوان الفاشي الفاشل,NEG
3939,#هناك_مكان_اسفل_الجحيم للي بيتفرجوا على #فيفي_عبده,NEG
3940,#مصر: القبض على 4 من عناصر تنظيم #أنصار_بيت_المقدس وبحوزتهم دوائر كهربائية وقنابل معدة للانفجار #الاخوان,OBJ
3941,7 بتقف طبعاً والشركة بتدفع غرامات هو ده الضغط,OBJ
3942,تعرف على أفكار ابو الاعلا المودودي وسيد قطب والتي بنيت عليها جماعة الإخوان #مصر #الإمارات #تونس #الأردن #اليمن #سوريا,OBJ
3943,5ج وأنعت الرئيس بعد الحشد المذهبي والطائفي برئيس التكفيريين المنتخب، يمتنع تشويه موقفي وتحويله بعبث إلى أي شيء غير رفض المذهبية والتكفير,NEG
3944,د عبدالمنعم أبوالفتوح: أطالبكم بمواصلة السعي لتحصلوا على حقكم كاملا,OBJ
3945,أؤيد بقوة دعوة الشعب للتظاهر السلمى الحاشد ضد القمع و الفساد عندما لا نجد اذن صاغية لمطالبنا ما هى البدائل امامنا ؟,OBJ
3946,اعمال شغب من قبل جماهير #ليفربول امس بعد المباراة مع جمهور #تشيلسي,OBJ
3947,أموي #سوريا • #جبهة ثوار سـْـْوريا_ القطاع الجنوبي 27_4_2014 تحرير تل أحمر شرقي جبهة ثوار سوريا القطاع,OBJ
3948,وزير الداخلية التونسي: قطعة السلاح نفسها (نصف آلي ٩مل) التي اغتالت بلعيد هي التي اغتالت البراهمي ب ١٤ رصاصة,OBJ
3949,التظاهر شيء والإرهاب شيء آخر,OBJ
3950,من أفسد من؟ مقال اليوم أنشر فيه تدوينة جميلة عن العلاقة بين الإعلام والسلطة كتبها تامر أبو عرب,OBJ
3951,#محاكمة_مرسي الظابط لاقيت مع المتهم موبايل بشريحتين وعليه صور بسلاح القاضي والصور علي انهي شريحة الظابط مش فاكر :),NEG
3952,يعني اخوان لوط ناس طاهرة؟,NEUTRAL
3953,هو ده مفهوم مرسي للحوار الوطني، إنه يقول الثورة المصرية ليها أعداء ولا لأ فيرد الكورس: ليها أعداء، في ثورة مضادة ولا لأ، الكورس: في ياريس,OBJ
3954,تعلم تحليل الشخصية مجانا معنا بسرررعة لااااااااااااااااااااااااااااااااايفوتك العرض #غرد_بطولك #مواطنه_تخطف_شاب …,OBJ
3955,#عاجل إغلاق مترو #عين_شمس و #عزبة_النخل بسبب اشتباكات #الإخوان,OBJ
3956,"# طبيب #الأهلى: لن نُغامر بـ""#جدو"" أمام #الدفاع_المغربى |",OBJ
3957,هناك أوقات نشعر فيها أنها النهاية، ثم نكتشف أنها البداية، وهناك أبوابا نشعر أنها مغلقة ثم نكتشف أنها المدخل الحقيقي #ابراهي…,OBJ
3958,فى #عظمتك ملقتش كتييييير #بتكسب و تفرح #الملايين #الاهلى,POS
3959,بأمر الله سأحل مشكلة #سد_النهضة,OBJ
3960,انا شيميل #غرد_بمعلومة,OBJ
3961,يوسف الحسيني يفضح كذب قناة الجزيرة ويكشف تمثيل الاخوان,OBJ
3962,نصف الكوب الممتلئ: اللجوء إلى الديكتاتورية المتهورة تعد آخر علامة من علامات الفلفصة وحلاوة الروح,OBJ
3963,88 أعترض على الطريقة والمضمون والتوقيت لا يجوز إصدار مبادئ دستورية ملزمة بدون استفتاء الشعب أصلاً,NEG
3964,أيمن نور في حوار له مع جريدة العرب القطرية,OBJ
3965,"جمال فهمي: تسريبات صباحي ""نفاق صحفي مفضوح"" #مصر #ميدان_التحرير",NEG
3966,مصر تخرج على بكرة أبيها في …,OBJ
3967,أد أحمد عكاشة - أد جلال أمين يحللون ويفسرون ما حدث للمصريين وكيف انتفضوا في 25 يناير وما بعدها على الهواء مباشرة تابعونا,OBJ
3968,حاولت اكتر من مره البس بيجاما في البيت واعمل ابن ناس بس الجينز بيستهويني حتى جوه البيت #افضح_نفسك,NEUTRAL
3969,الذين يتباكون علي سيادةالقانون نذكرهم بان المجلس العسكري ليس من حقه اصداراعلان دستوري اساسا هذا الراى بإجماع أساتذة القانونقليل من الإنصاف,OBJ
3970,الوطن | العصف بالحرية على إيقاع ممارسات مبارك | عمرو حمزاوي:,OBJ
3971,القبض على سعد الحسيني عضو مكتب الإرشاد ومحافظ كفر الشيخ السابق #السادة_المحترمون …,OBJ
3972,#مصر |#حزب_الوسط | 269 يومًا على اعتقال المهندس #أبوالعلا_ماضي رئيس حزب الوسط ونائبه الأستاذ #عصام_سلطان اثنان …,OBJ
3973,"#حمدين_صباحى:سأفوز بـ""الرئاسة"" وشعبية ""#السيسى""تتراجع بانتظام بسبب ""الأخطاء"" -حد يخبطه على دماغة الحزين ده خليه يفوق",NEG
3974,الطريق الى جماعة الاخوان المسلمين الارهابية #الاخوان_جماعة_ارهابية,NEG
3975,الفلولي مصطفى بكري ينسى اسم ولي أمرهفيكتب (أيوب) بدل (منصور) اللهم لا تزد الانقلابيين إلا ضلالا! …,NEG
3976,ياريت البلتاجي اللي بيتمسح بشركاء الثورة الآن يفتكر إن اللي باع شركاء الثورة هما الإخوان من أول استفتاء مارس ولغاية مليونية جامعة القاهرة,OBJ
3977,في أجساد بني أمتنا أعضاء كثيرة صاحية طيلة الوقت، على رأسها اللسان، مع أن العضو الوحيد الذي نحتاجه بشدة نائم طول الوقت، أقصد العقل طبعا,OBJ
3978,علينا ان نعبر عن غضبنا بطريقة سلمية استعمال العنف ستستخدمه اسرائيل ضدنا على المستوى الدولي يجب ان يكون هناك رد قانوني ودبلوماسي قوى,NEUTRAL
3979,وختاما سيكتشف شباب الإخوان قريبا أن دماءهم تستخدم كأوراق تفاوض لضمان مكاسب الجماعة المالية واستمرار بقاء قياداتها على كراسيهم الملطخة بالدم,NEUTRAL
3980,#بيقولك_أعرف_بلدك تل العيس #مطروح,OBJ
3981,من جنازة شهداء المنيل الذين قتلهم الأخوان المجرمين الارهابيين أمـس,NEG
3982,#جمال #خيال #حقيقه #جميل #درر #حكم #أعجبني #حكمه #بقلمي #شوق #بوح #شعر #قصيد #رتويت خمس الاف متابع بـ 200 ريال 404,OBJ
3983,لا تثقل يومك بهموم غدك فقد لا تأتى هموم الغد و تكون قد حرمت نفسك من سرور يومك صباحكم سعادة و سرور :),NEUTRAL
3984,#مصر_الليلة فياض: الانقلابيون فعلوا ما لم يفعله كفار قريش عبر,NEG
3985,مصر تقع في مجموعه ناريه ناريه #مصر #تونس #السنغال #موزمبيق او #جنوب السودان #حسن_شحاته كان بيرتعش وهو بيسحب القرعه #_,POS
3986,#انقذوا #سوريا _من_ #الارهاب,OBJ
3987,دراسة مهمة #دراسة_طبية تُثبتْ تناول الطماطم يقلل من خطر #سرطان_الثدي وأمراض القلب والشرايين! #السعودية #صحة,OBJ
3988,__7 القدر هو ان تبقى #مصر اما الأمل فهو في الحراك الوطني على ان يكون حكيما مستفيدا من تراكم الخبرة و ليس الاعتماد على اسماء,OBJ
3989,بسمة أمل: قصة حب أفشلتها كذبة - هام للمقبلين علي الزواج قصة حب جميلة وحقيقية بين شاب وشابة ولكن حدثت غلطة واحدة؟,OBJ
3990,أكن لكم كل احترام و لكني أحتاج إلى التفكير في أمور كثيرة قبل إصدار البيان غداً إن شاء الله,OBJ
3991,طغمة الانقلاب لا تتورع عن اعتقال النساء الذي أصبح ظاهرة تتجاهلها جماعات حقوقية تقرير للجزيرة …,NEG
3992,الآن: مايكل منير و د محمد أبو الغار في آخر كلام على الهواء يدور الحوار حول بيان القوى السياسية المشتركة في,OBJ
3993,احدى عشر منظمة حقوقية مصرية تدين القمع المستمر لحريات الشعباية انتخابات الان هى مسرحية عبثية,OBJ
3994,#عاجل #أخبار_المحور: قررت نيابة أول #أكتوبر ، حجز #ياسر_محرز المتحدث الإعلامي باسم #جماعة_الإخوان و,OBJ
3995,هواجس العام الجديد - سادسنا كيف يرتقى الأداء المهنى لمجلس الشعب لمستوى توقعاتنا؟ - عمرو حمزاوي - بوابة الشروق,OBJ
3996,روستي يقيم حفل كاريوكي في مشروع دمر|| #روستي #كاريوكي #مشروع_دمر #دمشق #سوريا #سورية # #حفل_موسيقي #موسيقا,OBJ
3997,كويس يا انشراح,OBJ
3998,مصر رائدة التحولات الكبرى حسمت التحديات التي واجهت كل المنطقة كالغزو المغولي والبريطاني وستضع حداً للتيارالعلما…,POS
3999,ومن يرددها هم من لا نريدهم في مصر لا في السياسة ولا في البرلمان القادم، وكفاهم الضرر الذي أحدثوه لثقافتنا ووعينا السياسي بلغتهم وأساليبهم,NEG
4000,25: #الميدان:مفتي الدم الانقلابي صدق على اعدام 37 من 528 تم احالة اوراقهم اليه ,NEG
4001,لم يكن سيعترض أحد على تعديل القانون بشأن النائب العامخاصة لو صاحب ذلك تخلى رئيس الجمهورية عن اختصاصه باختياره لصالح مجل,OBJ
4002,في ظل أوضاعنا الحالية أفضل أن يكون اختيار قيادات الجامعة بالانتخابات ليست هذه الوسيلة الأفضل مطلقا لكنها,OBJ
4003,رموا على جمعه وجابو خالد الجندى الاحتفالات الدينية حرام على مرسي حلال للجيش,NEUTRAL
4004,… … وَيَضْرِبُ الرَّبُّ مِصْرَ ضَارِبًا فَشَافِيًا :نبوءة خلاص مصر وسوريا وظهور المنتظر #محمد_محمود #الشرطة_المصرية,OBJ
4005,خش اقرا الفاتحة :) #رغيف_عيش_ب40 #كشرى #عم_محمد #ماسبيرو,OBJ
4006,انا باحبكم قوي,OBJ
4007,صديقي العزيزكخة كدة #غزة #نهضةـالإنجغة,NEG
4008,ملخص مباراة #تشيلسي_ليفربول تعليق #فهد_العتيبي #غرد_للبلوز #تشيلسي,OBJ
4009,ان 100 من #حازمون ب1000 مما تعدون ! #أنا_حازم,OBJ
4010,ننتظركم الليلة السابعة مساءً ندوة د علاء الأسواني بمركز شبابيك بالمقطم >> التفاصيل على هذا الرابط >> …,OBJ
4011,يوم ما #السيسى هيكسب الانتخابات هعملها بروفايل واقوله #ارحل,NEG
4012,#المجهولين ولعوا فى بوكس #شرطة ورا المستشفى #العسكرى اللى فى #بورسعيد خبط لزق كده #عاااااااااااااااااش,OBJ
4013,الجدول على الفيسبوك,OBJ
4014,علاء الاسواني: ان كراهية بعض المصريين لمواطنيهم الذين يحققون نجاحا عالميا ترجع للاسباب الاتية >>> أقرأ المقال كامل,OBJ
4015,الرابط اهو للاخوة المشككين علي موقع الجزيرة مباشر - إخوان وبقا 60? لا!!,NEUTRAL
4016,#المصري_اليوم ضبط 19 تأشيرة مزورة على طائرة متجهة إلى ليبيا: ضبطت إدارة الجوازات بمطار القاهرة الدولي، #مصر,OBJ
4017,"أشارك اليوم في منتدي الإعلام العربي بدبي من خلال جلسة نقاش بعنوان ""الإعلام الساخر: هل تتسع له صدور العرب؟"" #2013",OBJ
4018,"الأسواني يروي عن ""مسئول غامض"": ـ عندى طلب من فضيلتك نهض المسئول ومد يده عبر المكتب ببضع ورقات ثم قال : >> …",OBJ
4019,قال رسول الله صلى الله عليه وسلم : ( إِنَّ مِنْ عِبَادِ اللَّهِ لَأُنَاسًا مَا هُمْ بِأَنْبِيَاءَ وَلَا شُهَدَاءَ,OBJ
4020,3: وقفة حملة اخوان كاذبون بالزقازيق,OBJ
4021,لم أكن يوما عضوا في الحزب الوطني,OBJ
4022,براءة مبارك في قتل المتظاهرين كانت في جلسة 15 أبريل 2013 يعني في عز حكم الإخوان ولم يتم الإستئناف,NEUTRAL
4023,بدي واحد جاد اليوم من الاردن ينيك كسي #كسي #طيزي #أردني #اﻷردن #فحل #محنة #كس #نيك #ممحونة #قحبة #طيز #الاردن #اردني #شرموطة #طبربور,OBJ
4024,"#استفتاء : إذا تتوقع فوز ليفربول اليوم ضد تشلسي "" ريتويت "" #ليفربول_تشيلسي",OBJ
4025,#عمرو بدر مؤسس ورئيس تحرير بوابه يناير اللى طول النهار تشتم فى الجيش ،، ويسقط حكم العسكر يبقى مسئول حملة #حمدين !!,OBJ
4026,يوم بدء الدراسة بالجامعات هو يوم بدء العد التنازلى لاسقاط الانقلاب,OBJ
4027,الوطن | لماذا أعترض على الحكومة الائتلافية الموسعة؟ | عمرو حمزاوي:,OBJ
4028,#مجلس_الوزراء ينفي إتخاذ أي قرار بزيادة أسعار السلع #البنزين #نصف_الدنيا :,OBJ
4029,"د علاء الاسواني يكتب مقاله الأسبوعي بعنوان : دفاعاً عن "" قطعـــــــــة الحلـــــــــوى "" …",OBJ
4030,اذا كانت الإعادة بين مرسي وشفيق فواجبنا في حماية الثورة يفرض علينا عمل جبهة وطنية واسعة لكى ندعم الاخوان ضد نظام مبارك الفاسد الدموي,NEUTRAL
4031,#إخوان خيبر! #الشروق,OBJ
4032,سادساً: زر أصدقاء والديك تكسب برهم #خطى_الحبيب,OBJ
4033,من هو المستهدف؟ فعلا سيناء الضحية الدائمة للداخل والخارج لكن اهل غزة هم المستهدفون بقرار اسرائيلي,OBJ
4034,ويبقى دائما السؤال: لما إنت جامد قوي ومفترض إن المعارضين بيموتوا بغيظهم شاغل نفسك بيهم ليه ما بتستمتعش بحلاوة إنجازاتكالإجابة:لأنك فاشل,NEG
4035,أما الدفاع عن حقوق الإنسان للجميع بما فيهم الإسلاميين فيتسق مع مبادئي الليبرالية تماما كرفض الإتجار بأجساد النساء في المواقع الإباحية,OBJ
4036,ﺍﺩﻋﻮﺍ الله و انتم موقنون بالاجابه,OBJ
4037,شاهد - آخر كلام: أحداث إمبابة المحرض، المجرم، الضحية، والحل #25,OBJ
4038,انساهم تلقيهم ورا ضلك ماشيين ! #عمرو_دياب :),OBJ
4039,#البوابة_نيوز: عمليات التعليم تصدر تقريرها حول سير #الامتحانات على مستوى الجمهورية:,OBJ
4040,عرض الاسبوع 36 ألف متابع #وش_أكثر_شي_يسهرك #صيام_الإثنين #خد_موقف_من #صلاة_الوتر #فى_تويتر_تلاقى #الدمام [933158],OBJ
4041,شاهد كلمة الدكتور عمرو خالد في اجتماع الرئاسة بخصوص قضية سد النهضة,OBJ
4042,إشاعة الأمل أبرك من الهري ونشر المعرفة خير من الإنسياق وراء قنابل دخان الإعلامولن يضيع الله دماء الشهداء إذا ظللنا نتمثل سيرهم وأحلامهم,NEUTRAL
4043,باحييكي من كل قلبي على الكتاب الرائع المهم الجميل والغني بتفاصيله الحزينة والموجعة والمدهشةلو كان عصير الكتب موجود كنت احتفلت بيه,NEG
4044,"يبدأ غداً الجمعة برنامج ""كلام مصري "" للدكتور عمرو حمزاويالساعة 8 مساءً علي قناة موضوعات وقضايا جديدة",OBJ
4045,قبل أن تدلى بصوتك فى الإعادة,OBJ
4046,تواجدي خارج المملكة منعني مشاركتهم في تجهيز التيفو واعرف حجم التعب واﻻرهاق اللي يعانوه حالياً ويارب ﻻتضيع لهم تعب #الالتراس …,NEUTRAL
4047,مااحلى شعارك ومدافعك ياقنرررزز #ارسنال,POS
4048,استكر الإعلامى يوسف الحسينى إهانة الشيخ محمود #يوسف…,OBJ
4049,"كثير من الناس يجهل أن لا راد لحكم الله وأنه يفعل ما يريد ولا يفعل ما يُريد غيرُه ""والله غالب على امره ولكن اكثر الناس لا يعلمون"" #يوسف",OBJ
4050,#كريستيانو_رونالدو كان متسللاً في هدفه الأول أمام أوساسونا,OBJ
4051,(وجعلوا الملائكة الذين هم عباد الرحمن إناثا أشهدوا خلقهم ستكتب شهادتهم ويسألون) #غرد_بالخير,OBJ
4052,جانب من تجمع مسيرة #شبرا و #المطرية اليوم ضد الإنقلاب العسكري #مصر,OBJ
4053,هام: لماذا لم تقنن جماعة الإخوان المسلمين وضعها غير القانوني؟,OBJ
4054,4) إلا أن تركيز السلطات التشريعية والتنفيذية بين يدي الرئيس مرفوض ويثير المزيد من المخاوف بشأن احتكار السلطة من جانب فصيل واحد,NEG
4055,شخص يهدد بإستمرار الإرهاب وعمليات القتل في سيناء حتي عودة مرسي أعتقد أنه مدان بالقانون والسجن في إنتظاره,NEG
4056,و أنت كمان نهارك سعيد يا إكسلانس :),OBJ
4057,رب اجعل هذا البلد آمنا,OBJ
4058,لا تكن امعة اذا احسن الناس احسنت واذا اساؤا اسأتحديث صحيحولا يجرمنكم شنآن قوما الا تعدلوا اعدلوا ذلك اقرب للتقوى,NEG
4059,#وزارة_العدل ترفع مقترحا لـ #مجلس_الوزراء لاعتماد صندوق حكومي للنفقة على المطلقات والأرامل بحيث لا يقل المبلغ عن الضمان الاجتماعي,OBJ
4060,د علاء الأسواني : كيف تعاملت الشرطة مع بيت المرايا ؟! …,OBJ
4061,7: اليوم السابع | رئيس #جامعة_المنصورة: إبعاد أساتذة #الإخوان عن #الامتحانات الشفوية قابل,OBJ
4062,#غرد_بطولك 153,OBJ
4063,طبعا لو كانت نفس المجلة قالت كلمتين حلوين عن مرسي كان زمان الإخوان مشيرينها في كل حتة وتكبييردلوقتي هيقولك مجلة صهيونية عفنة,NEUTRAL
4064,#الميدان:القضاء الانقلابي يحظر 6 ابريل ويتحفظ على مقراتها,OBJ
4065,حلقة الدكتور بدأت الأن على قناة الحرة,OBJ
4066,بعد أن أسقطت الثورة عنهم الحصانةالإخوان بجهلهم جلبوا التعاطف لبعض أعضاء مجلس مبارك العسكري المتهمين بالفساد و صعبوا,NEG
4067,#جهاد_اللحام: #المحكمة_الدستورية تتلقى أول طلب ترشح ل #رئاسة_سوريا,OBJ
4068,اعترافاتهم على شاشات العار بانهيار اقتصادى وفشل حكومى ومعاناة الناس اول بشائر سقوط الانقلاب,OBJ
4069,إهداء إلى أمى الغاليه,POS
4070,بسم الله الذي لا يضر مع إسمه شئ في الأرض ولا في السماء وهو السميع العليم مكملين ومنتصرين ان شاء الله اخلص النية,OBJ
4071,الدولة المصرية دولة في نطاق رد الفعلحلمي النمنم #السادة_المحترمون,OBJ
4072,انا مسلم احكم دولة علمانية) هل نستطيع فهم وتقبل مثل هذا المفهوم,OBJ
4073,مشاعر #غناء #مواهب,OBJ
4074,كن طموحاً فليكن هدفك بلوغ القمر فإن فشلت في الوصول اليه ستحط بين النجوم,OBJ
4075,المهندس #إبراهيم_محلب رئيس الوزراءهاتفيا من #تشاد:سابحث غدا مع رئيس تشاد موقف البلدين من #سد_النهضة الإثيوبي #,OBJ
4076,الاعتراف بالخطأ #خلق_جميل,POS
4077,"#الشروق | إصابة مجند أمن مركزي بالـ""خرطوش"" في اشتباكات مدينة الانتاج الإعلامي بين مؤيدي مرسي وقوات الأمن",OBJ
4078,ندى الاذان جوه الجوامع يشد قلب المؤمنين #حمزة_نمرة,OBJ
4079,د علاء الأسواني: متى يتحول المواطن في الدول الديمقراطية والتي تكفل حقوقه كاملة الى مجرم يجب محاكمته وعقابه ؟! >,NEUTRAL
4080,د عبد المنعم أبو الفتوح ضيف برنامج في الميدان في قناة التحرير اليوم الساعة 10 مساء مع الاعلامي مح,OBJ
4081,ورضيت أعيشلك انت يا حبيبي كفايه ان انت حبيبي #عمرو_دياب,POS
4082,ارجو الدعاء للراحل العظيم محمود السعدنى __ اليوم ذكرى وفاة الولد الشقي,POS
4083,ايه اكتر اغنيه عجبتكم من الفنانه #غادة_رجب في برنامج #احلي_مسا مع النجمه #فيفي_عبده و النجم #هشام_عباس ؟,NEG
4084,#خليك_متحضر و بطل تسمع مهرجنات,OBJ
4085,شاركنا في دعم الحملة لقاء المتطوعين الجدد فى الحملة: تعلن لجنة الموارد البشرية وإدارة المتطوعين بحملة أبو,OBJ
4086,#دكتور_جميل_القدسي_الدويك #عمان #خبز #القمح #خبز #كامل #موزون هداية نور ماهو الخبز الاسمر ومما يتكون من فضلك دكتور جميل القدسي الدويك؟,OBJ
4087,محلب يصل إلي القاهرة بعد جولة أفريقية استمرت 3 أيام #مصر #ميدان_التحرير,OBJ
4088,قطاع التشييد البريطاني يواصل نموّه - #بالعربي,OBJ
4089,الجزء الثانى من مقال دكتور هشام الحمامى حول ترشح دعبد المنعم ابو الفتوح,OBJ
4090,العسكر خاين كالعاده ؛ دخلوا الجامع بالبياده #مجزرة_العباسيه #عسكر_كاذبون #لن_ننسي #لن_نسامح,NEG
4091,شكر وتقدير لحكومة الببلاوي على تبادل الدعم والمشروعات بين مصر والامارات …,POS
4092,إنسانة من اليمن اسمها توكل تدق طبول الحرب وتطلق صيحات القتال تضامنا مع منصة رابعة ما رأيها في قتل جنودنا يوميا في سيناء على يد أصدقائها,OBJ
4093,#اوسكار #المونديال أوسكار يحارب الإصابة ويسارع الزمن قبل المونديال,OBJ
4094,هذه هي نتيجة تخريب عقول مشايخ الفتنة لعقول المصريين ياخفي الألطاف نجنا مما نخاف,NEUTRAL
4095,مبدا تهجير الأقباط من منازلهم عند حدوث توتر طائفي جريمة إضافية في حق مواطنين مصريين صدقوا ان هناك دولة لا اصدق ان الشرطة عاجزة عن حمايتهم,NEG
4096,قسمٌ مني ووعدٌ لا نجوت إن نجا :)) #سنحيا_كراما #القدس_لنا #لنا_عودة,OBJ
4097,"مبروك يا كرم، مصر كلها فرحانة بيك "" وبعد الليل يجينا النور""",OBJ
4098,أثبتت تجارب علمية أن مضموناً كالذي يقدمه رامز جلال يفسد الأطفال و ينخفض بمستوى ذكائهم و لهذا تمنعه دول متحضرة,NEG
4099,"أمل الجمل: عن ""الشتا اللي فات"" وشتاءات أخرى مقبلة",NEG
4100,بسمة أمل - خلى خيرك لكل الناس --------------------------------------------- يروي لي أسامه و هو شاب سوري,POS
4101,الهتافات تتصاعد فى المحلة ضد الإعلان الدستورى والرئيس مرسي,OBJ
4102,"#ليه بنخاف من الموت و هو الحاجه الحقيقيه في الدنيا !""",POS
4103,#المصريون|بالفيديو #صافيناز تحيي زفاف نجل #الزند ========= للمزيد,OBJ
4104,"بالصور- إمرأة ""مفخّخة"" تجوب شوارع #بيروت """,OBJ
4105,حكومة #الببلاوي رفعت أسعار المياه سرًا منذ يناير الماضي | أخبار الموجز,OBJ
4106,انصحك بقراءة هذه المقالات المنشورة في عدة صحف منذ 2007 قد يكون فيها ما يفيدك #مصر #لبنان #سوريا #الإمارات #الأردن,OBJ
4107,#توكل_كرمان تقاضت مليون دولار من التنظيم الدولي للإخوان للانضمام ل #رابعة_العدوية,OBJ
4108,عبالي الزواج فستان ابيض و روج أحمر #اعترافات_الطفولة,OBJ
4109,مشكلة من يقفون في الوسط محاولين الانتقاد دون تعصب والثناء دون تزلف هي أنهم الأكثر عٌرضة للهجوم ممّن هم مؤيدون ومعارضون على طول الخط,NEUTRAL
4110,كيف أحاورك وأنت ذيل؟ كن رأسا ثم تعال وحاورني,OBJ
4111,عندك تيخقنيخعتق !! بيقول ااه بس للأسف خلص ياباشا !! #لازم يجذب,OBJ
4112,أبوالفتوح يعرض برنامجه على القرضاوي,OBJ
4113,قرار جمهوري بمد اجل كل النقابات العمالية لمدة 6شهور تبدأ بانتهاء مدتها او لحين صدور قانون نقابات جديد,OBJ
4114,الى #الاخوان أردتموها معركة دون وجه حق فدبروا لكم مذبحة دون وجه حق اقرأ المزيد هنا:,NEUTRAL
4115,2011 محاولات لاقتحام ميدان التحرير والمتظاهرون ثابتون,OBJ
4116,دعبد المنعم ابو الفتوح فى ندوته فى مكتبه أ : أنا ضد الخلط بين العمل الدعوى والعمل الحزبىفالمؤسسه التى تقوم,NEG
4117,هل الرئيس مرسي شرعي ومنتخب هل الشعب قادر على اختيار ما يفيده هل هدف الثورة ان نتخلص من حكم العسكر اذا الاجابة بالنفى فلماذا قمنا بثورة,NEUTRAL
4118,رحم الله سامر سليمان، كان مصريا مخلصا لقيم المواطنة والديمقراطية وأستاذا متميزا للاقتصاد السياسي، رحمه الله,POS
4119,… #فودافون,POS
4120,اتقدم بالشكر الجزيل للفنانة القديرة هالة فاخر على رايها الذى اعتز به كثيرا,POS
4121,أرفض تكليف أي مسئول من الفترة الإنتقامية السابقة,NEG
4122,1 لدى مصر الكثير من الأدوات للضغط لإيقاف جرائم إسرائيل وعدوانها على غزة دون إجراءات عسكرية,OBJ
4123,قصة رمزية لملك و أولادة الأربعة - تعطينا بسمة أمل,OBJ
4124,اليوم عيد ميلاد الدكتور البرادعي الثورة المصرية تمر بلحظة حرجة الثورة تنتظر منه ومنا الكثير كل سنة وانت طيب يا دكتور محمد الثورة مستمرة,NEUTRAL
4125,٧ بعض الحضور في المنتدى من المصريين المؤيدين لجماعة الإخوان هاجمني وانتقد آرائي، ولكن دون تطاول أو عنف لفظية,NEUTRAL
4126,موقف الاخوان من جوه برلمانهمشلت بلطجية،200 جنيه،شريط ترمدول،وجباتنتذكر سوا #السادة_المحترمون …,NEG
4127,#ذات_مومنت,OBJ
4128,العواطف لا تنتصر,OBJ
4129,كسبت او خسرت بردوا هنشجعك #زملكاوى,OBJ
4130,"المجد لشهداء ""#محمد_محمود"" الذين سالت دماؤهم لتروي شجرة النضال …",POS
4131,أشارك في مسيرات اليوم رفضا للدستور المشوه، ولأخونة الدولة، وللانقضاض على سيادة القانون، ولتجاهل الرئيس وحكومته لمطالب العدالة الاجتماعية,NEG
4132,2 انهي دور بالضبط لمصر؟ انت عارفة دورنا ايه ولا لأ؟ دورنا باين جداً للأسف وما جاوبتيش على السؤال قصدك تقولي مالنا ومال غزة؟,OBJ
4133,"#موقف_نفسي_اعيشه_مع_جوزي يجي يصحيني بليل و يقولي يلا قومي نصلي الفجر""",OBJ
4134,#يحملون_الصليبيات_ويؤذون_العفيفات_الطاهرات #جديد #هام بعد تهديد شرعيو #جبهة_النصرة بنشر المعلومات الشخصية نعلن :,OBJ
4135,أميركا تغيّر أولوياتها,OBJ
4136,دستور لا يمر بموافقة ثلثين الشعب على الأقل وفقط بالأغلبية المطلقة يبشر بإنقسام الوطن والإطاحة بالإستقرار ولن يعمر,POS
4137,الرقابة المجتمعية أكثر فعالية من الرقابة الإدارية وهي وسيلة,OBJ
4138,ياااااه فاكر طبعاً وده يوم يتنسي؟ شكراً على الرسالة,OBJ
4139,تطبيق الشريعة,NEG
4140,البيان: - #الإمارات #بالعربي,OBJ
4141,خطورة اصطدام كويكب بالأرض أكبر بكثير مما نتصور - ولكن يبقى هناك أملا ما #رويترز,OBJ
4142,عايز اقولك بحبك من زمان جدا #محمد_محسن,POS
4143,دماء شبابنا غالية والمستفيد من العنف هم أعداء الثورة أدعو كل الثوار للتمسك بسلمية الثورة والابتعاد عن الاشتباكات أمام الداخلية,OBJ
4144,"أكثر من حوار وطنى فى نفس التوقيت حول ""مستقبل مصر"" :خارطة الطريق تزداد تعقيداً و غموضاً وضوح الرؤية هو ركيزة الإستقرار",OBJ
4145,ضبط مشرف دعاية طبية بحوزته 2385 قرصا مخدرا وبخاخات ومناديل جنسية بمركز #سوهاج :: #,OBJ
4146,الله يخرب بيت اللى اقتراح استيراد الفحم قولوا امين #أوقفوا_الفحم,NEG
4147,في ناس واقفة بشوم عند الشوارع المؤدية للتحرير بتوقف الناس بشكل عشوائي وقفوا العربية ال قدامي واتجمهروا عليها بدون داع …,NEG
4148,"عاجل القبض علي المتحدث باسم ""#الحرية_والعدالة"" ياسر محرز، بشقه بالحي الـ12 في شقة بـ""أكتوبر"" من ضمن الحمله الي نزلت منذ قليل #",OBJ
4149,النائب العام الخصوصي بتاع مرسي لغى قرار الافراج عن شباب الاسكندرية المعتقلين !! ده جي يعيد محاكمات الثوار باين,NEG
4150,وأن يسهر على محاسبة قانونية ناجزة وعلنية لمن ارتكبوا العنف واعتدوا على كنيسة دهشور وأن لا ينتهي الحال إلى اللا عقاب واللا عدالة كأحداث سابقة,NEUTRAL
4151,أحبك حبا لو يفيض يسيره #جوهرة #محمد بن أبي أمية,POS
4152,/ مظاهرات عمالية في #تركيا #عيد_العمال اشتباكات بين الشرطة التركية وأعضاء اتحاد نقابات العمال بإسطنبول #سيساوية,OBJ
4153,#عاجل # #فرصتك #لزيادة_متابعينك #ريتويت #فولومي #فولوباك #اضافة_من_عمل_ريتويت __,OBJ
4154,"#شباب| #مصر| بالفيديو ""طفل"" يشعل مظاهرات #الأخوان فى #عين_شمس تعرف على التفاصيل",OBJ
4155,الجماعة تعود أكثر من 550 إلى الخلف و تصدر صكوك الغفران #يوسف_الحسيني #السادة_المحترمون …,OBJ
4156,لايمكن ان نصل الى الديمقراطية بدون قانون يمنع الدعاية السياسية في اماكن العبادة,OBJ
4157,اللى عاملالهم فولو كلهم ابدعو في هاشتاج #لو_بتحبها الحس الرومانسي في الفولونج عندى عالى :',OBJ
4158,#رصد| العاملون بإسعاف #دمنهور يهدّدون بالإضراب الشامل هدّد عدد من العاملين بإسعاف دمنهور، اليوم,NEG
4159,البرادعي يستقوى بامريكا مرةاخرى و يرسل عصام العريان الي واشنطن شئ مقرف,NEG
4160,"#زمكان - #مصر | وزير #العدل هيفتتح مجمع محاكم #الرحمانية بكرة وهيضع ""حجر الأساس"" لمحكمة #دمنهور",OBJ
4161,كل ما تريدي معرفته عن #سرطان_الثدي,OBJ
4162,تقرير الجزيرة عن استقبال ابو الفتوح فى المطار,OBJ
4163,شاهد - آخر كلام: د حازم الببلاوي - ليلة جمعة الإرادة الشعبية # #29 #25 #,OBJ
4164,#سليمان_خاطر بطل,POS
4165,من أدركت الفارق بين الدلال والمحن فقد حازت شطر الجمال #اه_والله,OBJ
4166,"شاهدوا المقدمة الدعائية لفيلم ""الشتا اللي فات"" لابراهيم البطوط بطولة عمرو واكد احسن ممثل في مهرجان دبي",OBJ
4167,أكره جملة (ذكرى الثورة) لأنها دائما تذكرني بمصير المطربة الراحلة ذكرى,NEG
4168,شغلوني و شغلو النوم من بالي ساعة أبكي و ساعة يبكي علي حالي #عبدالحليم_حافظ,OBJ
4169,د عبد المنعم أبو الفتوح على قناة الحرة: أنا ضد مظاهرات ماسبيرو و ضد المظاهرات أمام الكنائس,NEG
4170,نفاق الجموع من آفات مجتمعاتنا فالكثير يعبرون عن مواقفهم في جلساتهم الخاصة ومكالمات الهاتف بينما ينافقون الجماهير في العلن خوفا على شعبيتهم!,NEG
4171,مساء الفل عليكم يا اسكندرانية معادكم مع نشرة (5) مساءً #2 اسكندرية,OBJ
4172,#شخصيات_لن_تعوض ‏,NEUTRAL
4173,#الوفد - تأسيس #السيسى لحزب سيصيب الحياة السياسية بالخلل,NEG
4174,سنتولى تحميل الحلقة على تويتر و صفحتنا على الفيس بوك للتواصل الاعلامي برجاء استخدام البريد الالكتروني الموجود على هذا الحساب أدمن,OBJ
4175,_ ده للجنس البشري مش فصيل او دين معين ده اسمه تحويرايه علاقة ده بالخلافة كنظام سياسي,OBJ
4176,نحن نعيش لحظة سيسيبنس,OBJ
4177,#غادة_عبدالرازق #السيدة_الأولى,OBJ
4178,"بعض خريجي #الأزهر ""يخرفون"" في خطبة الجمعة #أخبار #مصر",NEG
4179,لو اجتمع غضب الانس والجن على دولة ما فعل بها من كوارث وجرائم وحوادث مثلما يفعل الانقلاب بمصر شياطين شياطين,NEG
4180,: #السعاده ,OBJ
4181,شاهد - آخر كلام: خطاب عبد الناصر حول الإشتراكية والإخوان #,OBJ
4182,ربما اسىء فهم اشارة فى النص متعلقة بالحوار مع البرلمانات و انا لم اطلب التدخل مع هذه البرلمانات و لكن بالحوار بين المنظمات #,NEUTRAL
4183,أخوكي ف الحبس و لسه قادرة تدافعي عن ناس تانية ف نفس الوقت ربنا يكبر قلبك كمان و كمان,OBJ
4184,وكان صلى الله عليه سلم عريض الصدر، مُمتَلِىءٌ لحماً ليس بالسمين ولا بالنَّحيل سواء البطن والظهر وكان أشعر أعالي الصدر #نشر_سيرته #,OBJ
4185,سلام السودان واستقراره شمالا وجنوبا ومنع العبث بأمنه واجب مصري,OBJ
4186,أبو الفتوح : الأنفلات الأمنى صناعة ولكن علينا مساعدة رجال الأمن الشرفاء على القيام بواجبه,NEUTRAL
4187,حبس الصحفي اسلام عفيفي بتهمة إهانة الرئيس امر مشين ومرفوض وهو أسوا ما يمكن ان يبدأ به الرئيس مرسي ولايته اين وعود الرئيس عن حرية الصحافة,NEG
4188,أطفال يقودون ربيع العرب في آخر كلام 11م على أون تي في,OBJ
4189,اسطورة اغلبية الشعب معاه، نصف الشعب طنش الانتخابات، و نصف اللي شارك لم ينتخب مرسي، و نصف اللي انتخبه عاصر لمونة و بيتظاهر ضده,NEUTRAL
4190,عملاء يكرهون الجيش المصري#عبدالرحمن_يوسف #انتخبوا_ #مصر_العربية #الإخوان #بلاش_شتيمة,NEUTRAL
4191,#حط_نفسك_مكان_البنت,OBJ
4192,عرض الاسبوع 40 ألف متابع #شوارعنا #فن_تتقنه_النساء #ذلك_الشخص #شي_ودك_تجربه #بوح #درر #عجبني #حلو #مكه [2059853],OBJ
4193,#ذا_شامبيووونز طلع رونالدو و #نزل_صلاح يا عمنا,OBJ
4194,__ #ماذا_فعلت_فى_الدنيا_ليدخلك_الله_الجنة_؟ أسلمت قولا وفعلا وأسأل الله الثبات,OBJ
4195,|٢| المتحدث العسكري يعترف بقيام الجيش بمداهمة وإغلاق مسجد النصر في مدينة #رفح بحجة وجود أنفاق تحت المسجد !! #سيناء …,OBJ
4196,مدرسة خالد ابن الوليد تصوت لجنة81 تصوت جماعى بموافقة القاضى مركز نجع حمادي #قنا #الاستفتاء,OBJ
4197,المحلات اللي في نيويورك غير اللي في واشنطن،اللي في تايمز سكوير غير اللي في كوينز،برلين غير مدن كتير في المانيا،الخلاصة مافيش قاعدة,OBJ
4198,شاهد - آخر كلام: الثوار في طرابلس أين القذافي؟ - ثورة ليبيا #,OBJ
4199,الجيش يغلق 3 محطات مترو ويوقف حركة القطارات ويغلق الميادين الرئيسية بالقاهرة!! مش انت قلت دول مش الشعب ومجرد شرذمة واخوان …,OBJ
4200,#حركة_كايدينهم الإصابة تُبعد آزارينكا عن بطولتي مدريد وروما: لن تشارك المصنفة الرابعة على العالم ف #بلدنا,OBJ
4201,عصام كاريكا .. المطرب المحجب 😂,NEG
4202,حكاية ايه؟,OBJ
4203,"بيونغ يانغ تشبه رئيسة #كوريا_الجنوبية بـ""عاهرة"" و #أوباما بـ""قوادها"" #كوريا_الشمالية #أمريكا #العالم",NEG
4204,شاهد - آخر كلام: مصير اللجنة التأسيسية للدستور #,OBJ
4205,"يوسف الحسيني يفضح كذب قناة الجزيرة ويكشف تمثيل الاخوان """,NEG
4206,"استعدادا للمباراة """,OBJ
4207,كان عنده حلم صلاح الدين الأيوبى :عندما كان صلاح الدين الأيوبى صغيراً و يلعب مع الصبيه فى الشارع ،شاهده أبوه فأخذه,OBJ
4208,لاأملك إلا كلمتي: أي سياسي لايبدأ مطالبه من ضرورة الدعوة لإنتخابات رئاسية مبكرة ورحيل مرسي ومحاكمته عليه أن يدعو للإفراج عن مبارك فورا,OBJ
4209,نقسم بالله العظيم على أن لا نعترف لحظة واحدة بالإنقلاب العسكري وأن لا نتوقف عن مقاومته و أن لا يهنئ أو يستقر حكم مصر للإنقلاب…,NEUTRAL
4210,#اوعى_تنسى انو احسن هدفين لعام 2014 وبكل صدق تم تسجيلهم بالدوري الاردني,POS
4211,بعد سقوط كل هؤلاء الشهداء ومشهد الرجل المسحول الازال مرسي محتفظا بوضوئه هل تصح صلاته وهل يتقبلها الله وهي مغموسة بالدم سؤال للفقهاء,NEUTRAL
4212,"توفي إلي رحمة الله اليوم أخي ""محمد وليد الجفالي"" من السعودية أشهد الله أن هذا الشاب قبل أن يتوفي بشهرين ترك",OBJ
4213,استدعاء نوارة نجم ومظهر شاهين وممدوح حمزه للتحقيق معناه ان مناصرة الثورة اصبحت جريمة عند المجلس العسكري,NEG
4214,"الآن على شاشة #الجزيرة حلقة هذا الأسبوع من برنامج #تحت_المجهر ""#الخصخصة في الميزان"" تابعونا #مصر #إنقلاب #عسكر",OBJ
4215,اليوم السابع | #جامعة_الأزهر بـ #أسيوط: 3 مايو بدء #امتحانات التخلف والشفهى,OBJ
4216,أنا بحب الراقصات وهم فوق رأسي إحنا عارفين و النع…,OBJ
4217,بيدونا اجازة فى عيد العمال عشان نقعد فى البيت نتفرج على فيلم الايدى الناعمة،حرام والله #أوقفوا_الفحم,NEG
4218,عقبالنا :))),POS
4219,نيجي بقى لاستخدام دور العبادةغلط،اكبر غلط،بس لما يبقى في اصرار لطرف على استخدامها،بل و الفتوى بوجوبها حتلاقي رد الفعل المعاكس,NEG
4220,بمعنى قف مع الحق #حقيقة #مارتن_لوثر_كنج,OBJ
4221,نتيجة الاستفتاء (ملف يحوي التحديثات):,OBJ
4222,#ولاد_البلد #المنصورة #مصراوي #ملعب_طلخا بلقاس يتقدم بهدفين على غزل شبين ، وطرد لاعبين من صفوف غزل شبين، في,OBJ
4223,د علاء الأسواني : من صاحب الفضل في نصر أكتوبر ؟ أقرأ المقال كاملاً على هذا الرابط:,OBJ
4224,#الحقيقة_مباشر_مصر|#انقلاب_3يوليو,OBJ
4225,#الجامعات العامة فى #النرويج تسمح للطلاب من أي مكان في #العالم بالدراسة فيها #مجاناً !,OBJ
4226,#بلال_فضل هو امن اعطى الاشارة لاقتحام مقرات امن الدولة لمن يتذكر فقط,OBJ
4227,اغلقوا معبر رفح واليوم اغلقوا معبر السلوم فاضل يقفلوا مطار القاهرة ويقفلوا البلد عالرايح والجاى خربوا البلد وبرضو مش عارفين يحكموها,NEUTRAL
4228,معرفش ليه ممكن تيجي على بالي ف وقت زي ده,OBJ
4229,الى تواضروس اكثر من 1000شهيد 10 الاف مصاب 20الف معتقل كلهم مسلمون والاقباط فى مأمن تام فى الانقلاب ثم تشكو حقارة,NEG
4230,المكتب المتنقل لحملة دعم د/عمرو حمزاوي للانتخابات البرلمانية يجوب الدائرة وعلى متنه شباب المتطوعين للإجابة على أسئلتكم,OBJ
4231,المجلس الأعلى للقضاء هو رأس السلطة القضائية وليس وزير العدل أو رئيس الحمهورية,OBJ
4232,شكلك نسيت بني عبيد؟؟ #الزمالك_الافريقي,OBJ
4233,اتمنى ان نتوحد جميعا لتحقيق اهداف الثورة المشكلة إقصاء المعترضين على فكر الاسلام السياسي أنا مسلم يساري هل يعترف مشايخ السلفية بإسلامي,NEUTRAL
4234,1200 رغيف شهريا نصيب الأسرة المكونة من 8 أفراد,OBJ
4235,عايز تنافق أي سلطة وتلحس جزمها ده اختيارك لكن ليه زعلان أوي إن غيرك بيقول رأي مختلفمش كل الناس عندها ميول للتأييد أو النفاق زيكخلقة ربنا,NEG
4236,غير صحيح أنا سأبطل صوتي,OBJ
4237,"هل يُتوج أتليتكو مدريد بلقب الليجا الأحد القادم؟ #برشلونة""",OBJ
4238,تم بحمد الله القبض علي عصام العريان شوف بالصورة,POS
4239,شاهد - آخر كلام: من يدفع في النهاية فاتورة الألم #,OBJ
4240,اتفرجوا على الإخوان عايزين إيه من الدستور مهزلة !,NEG
4241,الكلام من برا السلطة حمادة والكلام من جوه السلطة حمادة تانى خالص,NEUTRAL
4242,: نترقب المناظرة اليوم بين ابو الفتوح و عمرو موسى ،،نتمنى التوفيق لعمرو موسى ننصح الاثنين بالصدق والوضوح والاجابات المحددة ليربح الأصلح !,OBJ
4243,لا للكبر والاستكبار نعم للعدول قال المستشار حاتم بجاتو وزير الشئون القانونية ، إن قرار المحكمة الدستورية,OBJ
4244,أكثروا من الباقيات الصالحات * سبحان الله ، والحمد لله، ولا إله إلا الله، والله أكبر #كلمة,OBJ
4245,#2 اسكندرية مساء الفل عليكم يا اسكندرانية معادكم مع نشرة (5) مساءً ريزو بيقولك :,OBJ
4246,البيان الصحفي ليوم 24 يناير 2012 (( حمزاوى : أتعهد بدفع مصر للأمام وألتزم بعهدى مع الوطن ومواطنيه,OBJ
4247,جهاز الماء القلوي لعلاج أمراض #القولون #السعودية #الرياض #الدمام #الشرقية #الإحساء #لبنان #بيروت,OBJ
4248,اعمل تويتة على تغيير بامبرز البت ييجي الرد زي الريتويت اللي فاتتفعلا بياكلوا بيبي ع الصبح,NEG
4249,اللهم ارزقنا نعمةً يعجز عنها الشكر ولا تبتلنا بلاءاً يعجز عنه الصبر ~ آمين,OBJ
4250,أنت من أستلذ بأحلامي بك واستطعم الحب بحضورك مقتبس من [ __ ] #تصميمي #ميسي #97,POS
4251,مين إبن اللذينا اللي عمل الفيديو ده؟,OBJ
4252,أعتذر لكل من لم أرد على رسائله لأنني لم أعد أستخدم تويتر كثيرا قفل الحساب خلال فترة السفر أثبت لي أنني لست مزمنا لتويتر كما كنت أظن,OBJ
4253,#الشروق | #المعصرة | قلمين يكتبها #بلال_فضل ويرسمها #عمرو_سليم,OBJ
4254,#اللهم بك أصبحنا وبك امسينا وبك نحيا وبك نموت واليك النشور,OBJ
4255,النصب التذكارى الحقير الذى يتم انشاؤه الان فى ميدان رابعة سيكون اول شيئ يتم اسقاطه بعد اسقاط الانقلاب,NEG
4256,دسعيد اللاوندي خبير العلاقات الدولية بمركز الأهرام الاستراتيجي ضيف #يوسف_الحسيني الآن في #السادة_المحترمون …,OBJ
4257,"#السادة_المحترمون الحلقة 113 الثلاثاء 6 أغسطس 2013""محمد عصمت السادات،محمود عبدالمغني"" #مصر …",OBJ
4258,لابد من الإسراع بنقل الوعي الانتخابي للمواطنين، الكثير من الناس لا يعلمون القواعد للانتخابات وكيفية اختيار القائمة الحزبية والفردي,NEG
4259,#الببلاوى: #السيسى أدى دوره فى 30 يونيو وإذا لم يستكمله سيتحول الأمر إلى نكسة #مصر #الإخوان,OBJ
4260,سي بي سي:السفير حسام القاويش المتحدث باسم #مجلس_الوزراء:المهندس #إبراهيم_محلب أكد حرصه على الإطلاع على شكاوى حملة #صباحي بنفسه #,OBJ
4261,يوسف الحسيني بالفيديو يفضح كذب قناة #الجزيرة ويكشف تمثيل #الاخوان دور الميت,OBJ
4262,البطل الشرقاوى أحمد الشحات يجدد ذكرى سليمان خاطر وسعد ادريس حلاوة وأيمن حسن تحية لأرواح شهدائنا ونضال المقاومين المستمر ضد العدو الصهيونى,NEUTRAL
4263,قبل عام امضى المسلمانى ساعة كاملة على الهواء للحديث عن عظمة وكفاءة ووطنية اردوغان وعندما اصبح عضوا فى عصابة الانقلاب وصفه بالجهل,NEUTRAL
4264,ارسم هدفك وحاول تحققه تحل المشاكل وترسم بسمة أمل,OBJ
4265,"عدم السماح لغير المنتمين الازهر الشريف اعتلاء منابر المساجد ""كفاية عك"" #في_حاجة_صح",NEUTRAL
4266,أعطونا #سيناء و أخذوا السيادة تسقط اتفاقية #كامب_ديفيد,NEG
4267,مدن (#فلسطينية) #رام_الله #القدس #نابلس #اريحا #قلقيلة #الخيليل #طولكرم #بيت_لحم #طوباس #جنين #بيتونيا #بيرزيت #جباليا #البي…,OBJ
4268,#جميلة #هي #الحياة #بوجود #الشخص #الذي #يسألك #عن #لحظة #إستيقاظك #وعن #حياتك #اليومية #و #حتى #عن…,OBJ
4269,حد فاكر 30 يناير 2011? كلنا #ايد_احده وطلبنا #حاجة_واحده يسقط يسقط #حسني_مبارك لو انت او انتي فاكر ان مبارك,OBJ
4270,#اليوم_العالمي_للغة_العربية يفترض لها كل يوم وكل ساعة؟ لغة القرآن الذي نتلوه يوميا لغة التعليم المدرسي لغة العبادات لغة امة الخير,POS
4271,_ : تم اعتقال هاني حبيب(روني) اليوم عندما توجه إلى محكمة عابدين ليسأل عن ميعاد جلسته #رجعوا_المعتقلين,OBJ
4272,رجُولتكَ وهَبتني أُنوثّه مُختَلفَه ، مَ اَجمَلني بِكَ ! #صباحي,POS
4273,شاهد - بعد تشييع جنازته والدة الشهيد محمد الشافعي في آخر كلام #,OBJ
4274,رفض الطعون ضد شفيق يدل على انهم سيدفعون به للرئاسة بالتزوير لا يجب ان تستدرج الثورة لمعركة معروفة نتيجتها سلفا لابد من عزل شفيق ومحاكمته,NEG
4275,… وَيَضْرِبُ الرَّبُّ مِصْرَ ضَارِبًا فَشَافِيًا :نبوءة خلاص مصر وسوريا وظهور المنتظر #سوزان #الديب #هيكل #القصاص,OBJ
4276,لا حدود لانحطاط أولئك الذين يروّجون أن أهل غزة يريدون احتلال سيناء أي نوع من الأحذية في جماجمكم وجماجم من يصدّقكم؟,NEG
4277,"لوانطلاقا من الموارد اللا محدوده و العزم والإصرارآري انه لو اهتم المجلس العسكري ب""الزبالة"" اهتمامه بال""سفاره"" لتطهرت البلاد يتبع",NEUTRAL
4278,الشريف حسين أمير المغفلين #الحجاز #سقوط_الخلافة #الخلافة_العثمانية #مصر #مكة,OBJ
4279,اللعبة القديمة مجلس القضاء يرشح للرئيس بضعة اسماء والرئيس يرى اكثرهم طاعة ويقوم بتعيينه مرسي يحذو حذو مبارك وسيلقى مصيره دستوركم باطل,NEG
4280,مرّات السعاده تكون #ذكرى قديمه جات في بالك ؟!!,OBJ
4281,من يريد الفلول في البرلمان ليمنع الإسلاميين من الأغلبية منافق وبعيد عن الديمقراطية التى تجبرنا على احترام ارادة الشعب مهما اختلفنا معها,NEUTRAL
4282,#جمعية_الاقل_من1000_فولورز أدركوا اللحظه لن تنعموا بالفولورز مرة اخرى المجد للكادحين لقد ولى زمن النخب,NEG
4283,_: #معرض_الكتاب كتاب : المشوق إلى القراءة وطلب العلم لـ الشيخ _ ,POS
4284,يآجعل دربكَ تسآهيل والفُوز فآلك #النصر_الشباب #نصراوي_لاتكلمني,POS
4285,إستنكر دعبدالمنعم أبو الفتوح بشدة التصرفات الوحشية واللا إنسانية التى ظهرت فى تسجيل فيديو على الأنترنت ، والذى,NEG
4286,عندما تقرأ أن السعودية والامارات والكويت والاردن تؤيد التحول الديمقراطى فى مصر بعد الانقلاب تموت من الضحك 4 دول,NEUTRAL
4287,ابراهيم عيسى سيحاكم بتهمة ازدراء الاسلام ؟ عيسى قدم فهما عميقا للدين لا يتوفر عند المرشد من يزدري الاسلام هو من يكذب ويزور ويظلم يا بديع,NEUTRAL
4288,انخضع للإرهاب؟ هذا ليس حل,NEG
4289,الا يستطيع خيرت الشاطر ان يتصل بحازم ابو اسماعيل ليطلب منه ان يكف ارهابه عن المصريين ام ان الشاطر موافق على ارهاب ابواسماعيل الاجابة واضحة,NEG
4290,من يوميات أخ: اللي يتفق معايا في الرأي حيادي ومنصف وفي قلبه خير كبير هو لايعلمهلما يختلف معايا يبقى نخبة متعفنة مأجورةهما قالوا لي كده,OBJ
4291,#القضية_واحدة 75 شهيد 3 74+عمرو حسين 3 #فى_الجنة 3 3,OBJ
4292,ورغم انى جـدع وتقيل و عمري ما أقولهـآ بالساهل انا نفسي اقولها لك ف اول مره نتقـابل #محمد_محسن,OBJ
4293,شكرا يا محمد علي نبل ووضوح مواقفك,OBJ
4294,1: #عبدالله_شعبك_يحبك #الملك اسأل من هو في ملكه مقيم ، وفي جلاله عظيم وعلى عباده رحيم ، وبكل شئ عليم ان يشفيك ,POS
4295,سأبقى أحبك ولن أندم ويبقى حبك في قلبي والله أعلم,POS
4296,هنلف ونرجع لنفس النقطةلما تقول إن كل اللي قالوا لا ثورة مضادة يبقى ماتكلمنيش عن التفكير العلمي والمنطقيبس كده,NEG
4297,قلة تحاول دفع الأمور في اتجاه مواجهة بين الشعب المصري وجيشه,OBJ
4298,المصريين الأحرار لم يقدم ترشيحات للببلاوى لاختيارها بالحكومة ويرفض المحاصصة الحزبية ويؤكد على ضرورة اختيار حكومة تكنوقراط محايدة من الكفاءات,OBJ
4299,كان سيصبح حظ مرسي أفضل في الحكم لو لم يكن قد اهتم بقراءة سيرة قائد جماعته حسن البنا، بقدر إهتمامه بقراءة سيرة نيلسون مانديلا,NEUTRAL
4300,الدكترو ليس في خصومة مع أحد وقد صرح أكثر في مرة أن الرئيس القادم سيأتى متصالحا مع الدين لان هذا طبيعة المجتمع المصري,OBJ
4301,"#تقول_الأسطورة أن لما تكتب كده""""تبقى بتتكلم عادي،لكن لو كده""""تبقى من تحت درسك وعايز توصل حاجة تانية،لو كده""…",OBJ
4302,"احضن اللى بتحبه "" بكلامك "" ! - قوله كلمة حلوة #فجأة :"") 3",OBJ
4303,#اللى_رافضين_السيسى_رئيس_بيعملوا_فولوا_لبعض #مرسي_رئيسي #انتخبوا_ #سيناء_خارج_التغطية #سأنتخب_السيسى …,NEUTRAL
4304,لن تصل مصر مطلقا الى كأس العالم الا عندما تصل الديمقراطية الى مصر بلد تقتل ناسها وتلاحق جمهورها العاشق للكرة,NEG
4305,شلالات فكتوريا #زمبابوي,OBJ
4306,ثلاثين يونيو موجة ثورية ضد الفاشل مرسي والجماعة الكذابة ما أرفضه هو القمع والعقاب الجماعي كفاية كذب وخداع للنفس,NEG
4307,يمكن التواصل مع منسق المتطوعين 0190555044,OBJ
4308,تمشيط قاعة محاكمة القرن بالكلاب البوليسية قبل بدء الجلسة #مصر #ميدان_التحرير,OBJ
4309,عرض الاسبوع 40 ألف متابع #شوارعنا #فن_تتقنه_النساء #ذلك_الشخص #شي_ودك_تجربه #بوح #درر #عجبني #حلو #مكه [2073653],OBJ
4310,لقيت قطة واقفة بره الشباك النهارده ففتحته قامت داخلة وقعدتلي ع الكنبة دلوقتي مش عايزة تمشي ولا كأنها في بيت أبوها يمكن سمعت عن فيلم القط؟,OBJ
4311,هو أنا لما حد من أنصار مرسي يقول لي ماحيلتكش غير الكلام المفروض أرد أقول له إيه؟ غير الشتايم طبعا لا أنا أقصد أفهمه إزاي معنى كلمة كاتب؟,OBJ
4312,: إن أردت معرفۃ حقيقه انسان فانظر كيف يعامل من هم اضعف منه #اوعى_تنسى #ريتويت #واقع #بوح,OBJ
4313,#دوله_التعريص #عسكر حراميه,NEG
4314,بس عمرهم ما فضلوا يشكروا فيهم و لحسوا الكلام اللي قالوه عليهم,OBJ
4315,أما المواقع الإباحية على الانترنت، والتي هاج وماج المتشدقون بالدفاع عن الحرية، فتخضعها الكثير من المجتمعات الليبرالية لقيود مختلفة تصل للحظر,OBJ
4316,الشجرة التي تستظل تحتها قد زرعها إنسان لا تعرفه ازرع ما ينفع الناس واترك بصمتك في الحياة,OBJ
4317,قوات الاحتلال تقتحم بلدة جبع وقرية عنزة جنوب #جنين وتسلم عدداً من الشبان بلاغات للمقابلة,OBJ
4318,رحمة الله على المناضل العظيم مصطفى عبد الجليل أحد أعمدة الثورة الليبية,POS
4319,#شعر #النصر #الهلال #متصدر_لا_تكلمني #الامارات #عمان #سوريا #غرد_بالخير #رتويت #دعاء [288884],OBJ
4320,بعيدا عن الهزار بقى وكده من كل قلبي باقولها لك ربنا يسعدك زي ما بتسعد الناسقلبي وربي راضيين عليك يا أمردسلام عليكم,POS
4321,هو ما ينفعش حد ييجي ويمشي عدل أبداً ده إيه القرف ده,NEG
4322,حوار الأخوان شاركوا من اوي 25 ولا 28 مش مهم، و حتى حوار بطلوا مشاركة امتى مش مهم، المهم عملوا ايه في البرلمان و الرئاسة و التأ,NEUTRAL
4323,الأدمن: #باسم_يوسف في ندوة يتحدث عن كيفية تطوير فكرتك إلي برنامج ناجح,OBJ
4324,"عادل فقيه :يغرد عن تأجيل الدراسة وكورونا #كورونا #كورونا_في_جدة #تأجيل_الدراسة #خطر_فيروس_كورونا #السعودية """,OBJ
4325,تمهيداً لإفتتاح المرحلة الثانية من الخط الثالث للمترو وزير النقل يستقل قطار تجريبى ويتفقد المحطات والمنشأت #مترو,OBJ
4326,حاجات_بتفرح_في_مصر اللمه الحلوه مع اصحابي,POS
4327,اون تى في تجبر ضيوفها على قول ما تريد والمذيعة ترفع ورقة امام الضيف ليقرأ منها اعلام العار,NEG
4328,وأخيرا قلتها أنا وغيري مائة مرة: التغيير على وساخة يجيب تسلخات، وفي كل مرة يثبت صحة هذه النظرية ويصمم البعض على الوساخة فهنيئا لهم بالتسلخات,NEG
4329,#وزير_التموين : حل مشكلة نقص التمويل اللازم لتوريد #القمح خلال أيام للمزيد علي,OBJ
4330,أعطي رسول الله  المرأة مكانة عالية وجعل لها دور كبير في المجتمع شاهد لتعرف  #يوم_المرأة_العا…,POS
4331,#جنين : مصرع طفلة (سنة ونصف) دهسًا في #جنين,OBJ
4332,تصَدق تُرزَق ابتسِم تُؤجَر تواضَع تُرفَع,OBJ
4333,مكتسبات ثورة #25_يناير راحت في الزبالة عودة لعصور الظلام وأمن الدولة #نظام_زائل,NEG
4334,#فى_عالم_موازى إللّى بيذاكروا بيسقطوا، وإللّى مش بيذاكروا بيدخلوا هندسة وطب,OBJ
4335,الفورمة و #رءوف يسير بخطى ثابتة لمزيد من التفاصيل,OBJ
4336,المدرس عبد الغفار محمد ابلغ الشرطة عن طالبة تكتب على الحائط يسقط حكم العسكر فقبضوا عليها رجالة اخر زمن,NEG
4337,2016: راموس : انا قلب دفاع والعب بروح قتالية عالية #ريال_مدريد ,OBJ
4338,إلي الدكتور مرسي: في ظل انقسام مصر الواضح و الخطير الي فسطاطين هل ستدرك ضرورة أن تكون رئيساً لكل المصريين ؟ الحكم أمانة,NEUTRAL
4339,بنا #بيحبك وعالم بيك، عشان كدة منع عنك حاجة أنت نفسك فيها ومش خير ليك، وشايلك حاجة انت محتاجها اطمن لتدبيره #مصطفى_حسني,OBJ
4340,شاهد - آخر كلام: محظورة دي تبقى خالتك المتعاطفون مع الألتراس #,OBJ
4341,#الحرية_والعدالة | #السويس | #حاميها_حراميها خرج ثوار الشرعية بمحافظة السويس مساء اليوم في مسيرة حاشدة من ساحة …,OBJ
4342,تغطية لندوة دكتور عبد المنعم اليوم فى اسكندرية من موقع الوفد,OBJ
4343,#صحة #صحه #صحة_القصيم #تمريض #صحة_الشرقيه #صحة_الرياض #صحي #تدريب #مستشفى #أطباء #اسنان #صيدله #دورات #وزارة_الصحة …,OBJ
4344,إجراءات حاسمة للحد من ارتفاع الأسعار لبعض السلع #السادة_المحترمون,OBJ
4345,#ممحونه #قحاب #زواج #متزوجة #زغب #اليمن #القاهرة #مصر #أسوان,OBJ
4346,#حط_نفسك_مكان_البنت #معاناة,OBJ
4347,شبكة العملاق | رصد| الإعدام لـ 37 والمؤبد لـ 491 في قضية أحداث مطاي بـ #25 #11 #,OBJ
4348,عقر داره علمت أن أحد المراكز الحقوقية الشهيرة ، ورد ذكره فى قضية التمويل الأجنبى ، بصدد الإعداد الآن لصياغة طلب,OBJ
4349,#قسام #شهداء_الاقصى #سرايا_القدس - فـخر امتنـا :),OBJ
4350,أسرار أزمة جامعة النيل وأحكام قضائية بأحقية الجامعة في المباني …,OBJ
4351,#إبراهيم_محلب رئيس الوزراء:عودة #مصر إلى الاتحاد الإفريقي باتت وشيكةورفع تجميد العضوية خلال القمة الإفريقية المقبلة #مصر_نيوز,OBJ
4352,بالفيديو عبد الرحيم علي يكشف تخابر البرادعي مع المخابرات الأمريكية #باسم_طلع_حرامي …,NEUTRAL
4353,رجل أكرمه الله بمصاهرة أكرم خلقه مرتين زهد في أمواله وتجارته طمعاً في مرضاة الله كانت الملائكة تستحي منه #عثمان_بن_عفان,POS
4354,لست ضد قانون التظاهر ولكني ضد تجريم التجمع السلمي #السادة_المحترمون,NEUTRAL
4355,المجلس العسكري نمتلك ادلة تدين 6 ابريل و تدريبهم في الخارج و في الاخر #فسسسسسسسسسس,NEG
4356,كونك كحاكم فرحان بآراء المبرراتية اللي لابسين بدل وباصين لمصالحهم براحتك في الآخر عملت مشكلة في الشارع مش هيحلها غير الشارعخليهم ينفعوك,NEG
4357,قلبك بقى انتيكه قي بيتها #وسط_البلد,OBJ
4358,معرض الكتاب عبارة عن شباب كاشخين مسوين مثقفين وبنات كاشخات مسويات فيها مثقفات بينما الأول يبي الثاني والثاني يبي توقيع الكاتب #…,NEUTRAL
4359,خاليك طموح متخليش معوقات الحياة تقتل طموحك متخليش معوقات الحياة تيأسك قصة أحمد نجيب (أونا) فقد حاسة,OBJ
4360,على صعيد اخر اليابان كسبت اسبانيا النهاردة الجنسنج بيصنع المعجزات,OBJ
4361,#حمدين مفشوخ مقالات عشان قال انه هيحاكم #السيسى حد يخش قفص الاسود ويقول هلعب معاهم شويه انت اللى جبته لنفسك :),OBJ
4362, تونى بلير يؤيد ما قامت به القوات المسلحة في مصر ,OBJ
4363,اليوم السابع | كلاب بوليسية لتأمين #امتحانات #عين_شمس و #الجامعة: منع دخول المفصولين,NEG
4364,د علاء الأسواني: ماذا تفعل اذا كان جيش بلادك يحارب دفاعا عنك ثم لاحظت في أداءه أخطاء جسيمة ؟!> أقرأ المقال كاملاً>,OBJ
4365,يا ربنا يا ربنا انا ليا مين غيرك انا ليا مين غيرك #عمرو_خالد,OBJ
4366,صحف الفلول تخسر بفداحة لا اعلانات لا توزيع لا ايرادات تخفيض النفقات يجبرها على طرد مئات العاملين من اعان ظالما,OBJ
4367,عارفك مش تايهة ولا عارفة فين الطريق والمكان والحقيقة لكن فيه حاجة جريئة وبريئة وينفع تدوم في القلوب الرقيقة #دينا_الوديدي,OBJ
4368,غدا السابعة مساءً ندوة د علاء الأسواني في ساقية الصاوي التفاصيل على هذا الرابط >>,OBJ
4369,"برنامج مش صعبة د حمزاوي شرح مصطلح ""الصمت الانتخابي"":",OBJ
4370,مصر لن تخضع بأي حال من الأحوال لأي ضغط امريكي طول ما الفريق السيسي عايش !!!!,OBJ
4371,لو قررت تشكل حزب سياسي ماذا ستسميه وماذا ستكون توجهاته؟ #مجلس_مهيرة,OBJ
4372,الانقلاب ضاق حتى بمن كان يعتبرهم علماء معتدلين من امثال الشيخ الحوينى !؟والدور ماشى ومش حيخلوا ؟!#انقلاب_3يوليو #مصر_الليلة,NEG
4373,#جمال #خيال #حقيقه #جميل #درر #حكم #أعجبني #حكمه #بقلمي #شوق #بوح #شعر #قصيد #رتويت خمس الاف متابع بـ 200 ريال 745,OBJ
4374,يسقط يسقط حكم العسكر #ثورة_25_يناير #باسم_رئيسا_لمصر #انتخبوا_,NEUTRAL
4375,شاهد - آخر كلام: الكاتب والسيناريست بلال فضل- مصر بعد ثورة 25 يناير,OBJ
4376,"د علاء الأسواني يكتب مقاله الأسبوعي بعنوان: ""هل تحتاج الى السينما ؟! >> … …",OBJ
4377,0 الحقيقة هي اللي ملتني الكلام بالعامية :) أهو تغيير,OBJ
4378,#بيقولك_أعرف_بلدك اه وحشاني يا بلادي,OBJ
4379,أؤيد قرار د مرسي فيما يخص : 1- إبعاد النائب العام 2- محاكمة وإعادة محاكمة كل من لوثت يداه بدماء أو أموال المصريين,POS
4380,#الوفد مختار مختار على رادار الهلال السودانى: يسعى مسئولو نادى الهلال السوادنى للحصول على خدمات #الوفد,OBJ
4381,كبلتى بالقيد فى ليلة عرسى #مريم_صالح \#دينا_الوديدي :),OBJ
4382,الاختيارات مش عاجبانى,NEG
4383,#عشان_خاطر_ماسر متحوطيش اخوكى الصغير فى الطرحة,NEG
4384,#نبض_الاخوان ا بالفيديو حازم #الببلاوي: إعلان جماعة #الإخوان جماعه إرهابية قرار سياسي وليس قانونيًا,OBJ
4385,أفكار غير تقليدية: عن تجربة مؤسسة الخيرية في تمويل أكثر من مليون شخص حول العالم عبر الإنترنت:,OBJ
4386,# كل عام وأنتم جميعا بخير وسعادة,OBJ
4387,افتخر بلغتي 😍😍 #اليوم_العالمي_للغة_العربية,POS
4388,بيع متابعين #السعودية #الكويت #برشلونة #النصر #الهلال #الإتحاد #الإمارات #الرياض #الدمام #بوح #عمان #دبي #جدة 061,OBJ
4389,الدكتور عبد المنعم أبو الفتوح يجتمع الآن بالمتطوعين بمدينة بنها,OBJ
4390,باااااااااااااااااطل ياولاد التيت :/ من مسيرة #المطرية #أنا_حازم #مرسي_رئيسي #ياخاين_ياسيسي #حتماً_سنعود,NEUTRAL
4391,"لن يستعصى أمركم علينا ""إنذار أخير"" ""ابقو اغمزوهم بص…",OBJ
4392,المتجولون,OBJ
4393,"لا يعقل بعد 5 شهور من قيام الثورة ألا نعرف من وراء ""الخطة المدبرة لإجهاض الثورة"" لن تسترد مصر عافيتها مع استمرار هذه المهزلة",OBJ
4394,بصراحة انا احب #شبكة_المجد بس حظي الردي هو الي رافض ان اشترك فيها 😣,NEUTRAL
4395,"بخصوص التحرش #تحرش #حقيقة #بنات يقولون لو تسترت البقره ماتعرضلها الثور ""̮",OBJ
4396,"هم خلاص بقوا المتحدث الرسمي للتنظيم؟ ""_: #الشروق | واشنطن تحذر من هجمات للقاعدة بالشرق الأوسط في أغسطس """,OBJ
4397,"صورة مرسى على المسجد الأقصى و أغنية السيسى على التلفزيون الإسرائيلى شتان الفارق""",NEUTRAL
4398,ريتويت يافنان,NEG
4399,‏ الأسواني: كيف لمؤمنين يحرصون على الصلاة والصيام والا يفعلوا شيئا حراما او حتى مكروها أن يتحولوا الى جلادين؟! >>,OBJ
4400,حبي لاشعآر البدر فاقت الحدود #اعتراف,POS
4401,#كدبه_ابريل,NEG
4402,شاهد- رجلٌ يتغزل بـــ #فيفي_عبده مباشرة على الهواء 1 # #الحكم,OBJ
4403,لأن مجلس الشعب منتخب على عوار وتشكيل التأسيسية أيضاً بسيطة وواضحة,NEG
4404,شكرا لـ الكؤتش و …,OBJ
4405,لم تعد مصر تحتمل تكرر دوائر العنف والعنف المضاد، ولم تعد أيضا تحتمل التهاوي المرعب في قدرات الدولة,NEG
4406,"الشتا اللي فات ""فيلم عظيم"" برافو",POS
4407,اذهب الشهر القادم في جولة بالولايات المتحدة الامريكية لجمع التبرعات لصالح #57657 و #بنك_الطعام ،شاركونا #مصر #الإمارات #السعودية #الكويت,OBJ
4408,#أنشيلوتي : #رونالدو جاهز للقاء #البايرن #ريال_مدريد #كريستيانو_رونالدو,OBJ
4409,كتبت هذا المقال منذ سنة ولازال صالحا للنشرأتمنى أن يساعدك على فهم تقلبات الخلق أيام الثوراتنهاركم سعيد,OBJ
4410,ياصاحبى فى رحلتى ياسندى فى شدتى يامؤنسى فى وحدتى ياناصرى إذا إنقطعت حجتى يانورى فى ظلمتى يا أملى فى كربتى لاتتركنى,OBJ
4411,شاهد - آخر كلام: إعلان مرسي الدستوري، إلى أين يمضي بمصر؟ #,OBJ
4412,العنف بمحاصرة مؤسسات السلطة القضائية وتعويق عملها لإخضاعها لإرادة الديكتاتور الذي يضع نفسه وجماعته فوق الدولة والسلطات والمؤسسات - مصر 2012,OBJ
4413,الرسالة الاسبوعية للدكتور عمرو حمزاوي 22 مارس 2012:,OBJ
4414,لماذا دعبد المنعم أبو الفتوح ؟ شير يا شباب,OBJ
4415,صحيفة أزفيسيتا الروسية أدعت أن زينيت سان بطرسبرج ينافس #ميلان و #يوفينتوس علي مدافع بوتافوغو البرازيلي دوريا المطلوب من سي…,OBJ
4416,انظر ماذا جرى لأفراد القطيع لاتخرج قبل أن تقول الحمد لله على نعمة الحرية,OBJ
4417,هذا الحساب لكتاب رسائل سجين سياسى الى حبيته ( فـــــــقـــــــــط ) وكلما تنتهى الرسائل ستعاد من جديد شكرآ لمتابعتكم,OBJ
4418,محمد المخزنجي العظيم في مقال مؤلم وجميل يسأل: هل نستعيد جمالنا؟,OBJ
4419,صورة تجمع بين سيدي الفريق اول الشيخ محمد بن زايد المشير عبدالفتاح السيسي وكلاهما حامين الوطن #أهلا_بجيش_الكنانة …,OBJ
4420,#اتجوزها_لو -بتحب غمازاتك (لو عندك يعني) -بتعاملك كأقرب حد ليها مش كواحد بيحبني فنطلع ميتينه,OBJ
4421,أهم مواضيع تحدث في مصر الأن #الاخوان #المنيا #السيسي #الشرطة #مرسي,OBJ
4422,سؤال:هل ال ١٠ الاف جنية الي بيوعد بيهم صباحي شباب مصر هما نفس ال ٢٠٠ مليار الي وعد بيهم المعزول راعي الارهاب #سانتخب_السيسى #حركة_كايدينهم,NEUTRAL
4423,اعتصام سائقي سيارات الكسح أمام مجلس مدينة #إسنا للمرة الثانية بـ #الأقصر,OBJ
4424,يـــا #ارق مـــلـــاكـ انـــا #قــلــبـــي مــلــك بـــعـــيــــون اه كـــل #الـــاحـــلـام #عمرو_دياب,OBJ
4425,احضن اللي بتحبه #بكلامك قوله كلمة حلوة #فجأة :) 3 !,OBJ
4426,الاسواني: هل الدولة مهملة وغافلة عن تمويل الاخوان والسلفيين أم أنها متغافلة ومتواطئة معهم ؟؟ المقال كاملاً >>,OBJ
4427,#في_حاجة_صح ان الجيش المصرى قوى ومتماسك,NEG
4428,فلتقل خيرا أو لتصمت #خلق_جميل,POS
4429,"مصدر أمني ب #بورسعيد: اشتعال خزان وقود سيارة الشرطة أدى إلى الانفجار ""| #الله_سارتر",OBJ
4430,دعمرو على التويتر:- مخاطبة جمهور الناس هامة والتأكيد على أن الحرية لا تتعارض مع الدين وان الليبرالية لا تعاديه,OBJ
4431,أبي يا أبي ، ما المخيم يا أبي ؟ إنه بوابة للدم يا بني ذكرى اجتياح #مخيم_جنين #جني…,OBJ
4432,#صباح_الخير #بعد_منتصف_الليل #غرد_بذكر_الله #صور_كنك_بنت #لو_كنت_المتحكم_بالتويتر #رتويت خمس الاف بـ 200 ريال 1,OBJ
4433,#السعودية #فيديو #غرد_بفيديو #نصيحة #الرياض 31 11:18:40,OBJ
4434,لماذا يجب أن ترفض مسودة دستور إنصاص اللياليرؤية محترمة من عضو بحزب مصر القوية,OBJ
4435,شاهد - آخر كلام: لا تزال دماء نحو ألف شهيد ساخنة على الأرصفة #,OBJ
4436,سايب صاحبك يهزر معاك و يشتمك بامك ؟ معلش اصلها فكرت نفسها جابت راجل طلع #سيكو_سيكو,NEG
4437,القافلة تسير و الكلاب تردح :),NEUTRAL
4438,يوم الجمعة هو أحب الأيام للمصريين الأحرار يلتقون معا فى الشوارع بلا موعد ولا ترتيبات يهتفون للحرية وللشرعية ولخير مصر وسقوط الانقلاب,NEUTRAL
4439,مقتل 2 في مشاجرة بالأسلحة النارية بسبب الخلاف على ملكية قطعة أرض بـ #الطالبية,OBJ
4440,بالنسبه للبنات الى لما بترتبط مابتكلمش ولاد دا محن صح :) بصوت عمر مجدى #كفاية #محن #بقي,NEG
4441,"مؤتمر ""معاً نصنع بداية جديدة لمصر جديدة "" السبت 5 مايو 2012",OBJ
4442,نقلا عن مصرية مسلمة: لن يتوقف النيل عن الجريان ولن يتوقف المصريون عن التصدى للانقلاب صورة اليوم,OBJ
4443,حمدين فرصته ضعيفة أبو الفتوح أقوى و بعدين #فسسسسس,NEG
4444,طبيعي لأنهم في الخلف !!,NEUTRAL
4445,سوري الرابط اهه,NEG
4446,#تحيا_مصر☆ #تحيا_مصر☆ #تحيا_مصر☆ #تحيا_مصر☆ #تحيا_مصر☆ #تحيا_مصر☆ #تحيا_مصر☆ #تحيا_مصر☆ #سأنتخب_السيسي☆ …,OBJ
4447,اطاح الاستفتاء بمبدأ تكافؤ الفرص حينما لم يسمح بالتصويت لكل المقيمين بالخارج الا من قام بالتسجيل في الانتخابات,NEUTRAL
4448,#جمال #خيال #حقيقه #جميل #درر #حكم #أعجبني #حكمه #بقلمي #شوق #بوح #شعر #قصيد #رتويت خمس الاف متابع بـ 200 ريال 458,NEG
4449,هههههخخههههههه #انتخبوا_البرص #يا_رب,NEG
4450,# اعجبني رأيكوان رفضت التعميم سلبا اتفق معك ان موروث مصر الحضاري هو نواه مشروع الوسط للبناء عليه,NEUTRAL
4451,#السيسي_هايصالح وهيخاصم :) زى #شفيق ما قتل و اتقتل,NEUTRAL
4452,وثيقة الأزهر ارشادية وليست مبادئ حاكمة,OBJ
4453,كيف نتفاهم ونتحاور؟ كيف يحترم ويقدر بعضنا بعضاً ؟ كيف نبحث عن مساحة مشتركة فيما بيننا، ونبني جسوراً لا حواجز,OBJ
4454,لما #عدلى_منصور يصدر قانون لحماية وتشجيع #الاستثمار ويجى واحد #جاهل من #الثوار يقول أن #عدلى_منصور بيهدر المال العام يبقى احنا فى زمن #المسخ,NEG
4455,اذن فلتحرقنا الحرب جميعا حظ سعيد في محاولة ابادة او اخضاع مئات الالاف,NEUTRAL
4456,#الشروق غدًا محافظ الغربية يفتتح المعرض السنوي للأنشطة التربوية: يفتتح اللواء محمد نعيم، محافظ الغرب #مصر,NEG
4457,مبارك لم يسقط لمجرد وجود آلاف في الميدان كان فيه إضرابات و شلل كامل في الدولة بعد انتشار خبر السبعين مليار دولار و ذلك للتذكرة,OBJ
4458,هي قالته فين وامتى؟ هابعتلها توضيح,OBJ
4459,أتممت مهمتي كعضو لجنة تحكيم في مهرجان فينيسيا اليوم شاهدت 20 عرض وراضي بشكل عام عن نتيجة الأوريزونتي التي ستعلن في الختام كمان ساعتين,POS
4460,#تفجير كشك دخان في منطقة الوحيشي قبل قليل !,OBJ
4461,اذا اثبت احدهما او كلاهما اننى احمل توكيلاً عن مجدى راسخ او حضرت معه فى محكمة او نيابة او قسم شرطة او حتى اعطيته استشارة شفهية 4,OBJ
4462,"المباحث #سبام ""تابعني واتابعك"" زيادة المتابعين الاخبار المحلية #الشعب_يقول_كلمته #جماعة_انصا…",OBJ
4463,ننشر مخطط #الإخوان لحرق شون #القمح والتأثير على المخزون الاستراتيجى للمزيد علي,OBJ
4464,إعراضنا عن الرد علي كلب السيسي المحامي الفاشل الكذاب المرتشي والبذيءالشتام ليس ضعفا منالا والله ولكنه ترفع وإعراض عن الج…,NEG
4465,شاهد - آخر كلام: المبدع ياسر المناوهلي #,OBJ
4466,(بأي ذنبٍ قُتلت)؟! #مجزرة_رابعة_العدوية #السيسي …,NEG
4467,#ﺣﻤﺪﻳﻦ_ﻋﺎﻭﺯ_ﻳﺤﺎﻛﻢ_ﺍﺳﺪ_ﺍﻟﻌﺮﺏ برضو #سأنتخب_السيسى_و_مش_هنزل_لمستواك,NEUTRAL
4468,لكي تنجح يجب أن تكون رغبتك في النجاح أكبر من خوفك من الفشل,OBJ
4469,الأمين العام لجماعة الإخوان المسلمين د محمود حسين بين د عمرو حمزاوي و أ عبد الغفار شكر في آخر كلام 11م,OBJ
4470,عندك التايملاين وشوف بنفسك اتعب نفسك شوية,OBJ
4471,هذه هي نهاية الغطرسة و العناد مرسي سقطت شرعيته منذ ديسمبر على الإخوان الآن أن يضحوا بخيرت الشاطر ويقننوا وجودهم ويظلوا في حجمهم الطبيعي,NEG
4472,الانفلات الأمني الموجود ليس نتيجة لضعف الأمن وحده، ضعف مؤسسات الدولة وتراخيها أدى إلى تمرد على سلطتهاالدولة في خطر ولابد من إعادة السياسة,NEG
4473, لقــد اقتربت المسافــات بيــن الكواكب والنجــوم وازدادت المسافات بين الناس على الأرض بعــداً  #مصطفي_محمود,OBJ
4474,لولا فيلم الرصاصة لاتزال فى جيبى كنت نسيت ان النهارده عيد #تحرير_سيناء 'مع ان مفيش علاقة بينهم' #مصر,NEUTRAL
4475,93 ياخوخ في رمان في لوز فـي تـوت #في زبد فـي ديبـاج دونـــه قـزازه الحق عليّ #قدني من الشوق باموت #وان مالحقت الحق صل…,OBJ
4476,#السيسى_هايصالح أحمد عز وزينة وهاياخد العيال يربيهم علشان يتفرغوا لخلفة عيال تانية #الجيش_قتل_رضا #حاميها_حراميها #الداخ…,NEG
4477,اللهم انتقم منه انتقم من كل من فرح بدماء المسلمين والله لنقف يوم القيامة لنحاسبك اللهم حسرك على ابناءك,NEG
4478,"#السادة_المحترمون الحلقة 151 الأحد 29 سبتمبر 2013 ""دمأمون فندي"" #مصر #",OBJ
4479,تحيه لمن حفظ لمصر كرامتها الرئيس حسني مبارك و انور السادات ورجال القوات المسلحه الذين استشهدوا #تحرير_سيناء …,POS
4480,ومين قال لك انها كانت نزيهة ده كان كمين وش,NEG
4481,فقط مد اليد والدمج في إطار القانون والسلمية والامتناع عن التوظيف الزائف للدين هي المضامين التي ستمكننا من الدعوة إلى مصالحة وطنية حقيقية,NEUTRAL
4482,عن ال #حاجة الى جبتاها انهادة انا و فريدة عن #الانبساط الى بجد انهاردة _,OBJ
4483,عملية الاعتقالات المستمرة لرموز رفض الانقلاب هدفها الرئيسي مساومة هؤلاء على حريتهم مقابل التنازل عن حرية شعب!! لكن الله ثب…,NEG
4484,#هذة_مصر عز و فخر لهذه الامة,POS
4485,خماسية اوروجواى فى الاردن فى عمان فى تصفيات المونديال تخرص اى منافق يطالب بتولى حسام حسن تدريب منتخب مصر,OBJ
4486,متى سيدرك الانقلابيون أن العالم لا يرى نظام #السيسي كما يراه عادل إمام وإلهام شاهين؟ ياشرفاء #مصر أنقذوا مصر تمتلكون المفاتيح كلها فانهضوا,NEUTRAL
4487,ماتقلقش من #الظروف ؛اصل انت والظروف فى ايد #ربنا ولا يكلف الله نفسا إلا وسعها :) #اطمن ♡ #,OBJ
4488,وحكاية إنه يكتب البذاءات دي بقت قديمة خالصده أكثر الأفلام إسفافا أرقى من خطب بعض مشايخكم اللي طلعتوهم على منصة دعم كذب الرئيسإلعبوا غيرها,NEG
4489,القبض على محمد بديع المرشد العام للإخوان #السادة_المحترمون,OBJ
4490,اعمل ايه ف ال أنا حبيته واللى القلب اختاره #عمرو_دياب,NEG
4491,2 اعتبارا من الغد سأمتنع مؤقتا عن كتابة مقالتي اليومية بجريدة الوطن التي أحترمها إلى أن أحصل من إدارة التحرير على إجابة عن سؤال مشروع,OBJ
4492,قاربت السنه علي ابشع مجزرة في التاريخ الانساني #فض_اعتصام_رابعة و العين مليئة بالحسرة و يمزجها الامل و الصبر علي,NEG
4493,1 العنف مدان، ضد منشآت عامة أو خاصة، ضد مجمع محاكم أو أقسام للشرطة أو مقر إعلامي حزبي كإخوان أون لاين، من الأجهزة الأمنية أو من المتظاهرين,NEG
4494,السؤال اللى محينى بخصوص #الاعدام_للجميع دى هى كانت فين احكامك الناجزة بالاعدام للمخلوع #مبارك وعصابته واللى كان الشعب…,NEUTRAL
4495,البلوك للألفاظ الخارجة فقط,OBJ
4496,منذ اللحظات الأولى لـ #ثورة_يناير وأجهزة الدولة السياسية منها والأمنية لا تتعامل معها إلا باعتبارها مؤامرة من قوى …,OBJ
4497,الشيخ نبيل نعيم مؤسس الجهاد في مصر ضيف #يوسف_الحسيني الآن في #السادة_المحترمون,OBJ
4498,تعرف على البرنامج الشهري لندوات د علاء الأسواني خلال شهر نوفمبر الجاري عن طريق هذا الرابط >> الأدمن,OBJ
4499,ارحمونا #ثانوية_عامة,OBJ
4500,يا من سرق قلبي مني يا من غير لي حياتي يا من احببته من كل قلبي يا من قادني الى الخيال #عشنا_وشفنا #الرياض,NEUTRAL
4501,#كلمه_بتتقال_في_البيت_كل_يوم جيب كاسه موووويا,OBJ
4502,المجرمين كانو يطلقون الأعيرة والخرطوش على الناس ومن أعلى الأسطح فى رابعة وهم بشرفات منازلهم لا نحتاج اى تبري…,OBJ
4503,_1709 هينزل الشهر اللي جاي هبعتلك لينك,OBJ
4504,ماذا تعلمنا من المحنة؟!,OBJ
4505,#الداخلية_بلطجية #تعذيب المهندسة داليا رضوان تم الاعتداء عليها بالضرب الخميس الماضي في أحد الكمائن بالعجمي,OBJ
4506,عمر الغامدي : 18 بطوله مع #الهلال و 3 بطولات مع #الشباب 21 بطولة #اسطورة ♡,OBJ
4507,ألى بقايا الخرفان باى باى,NEG
4508,لو #نزل_صلاح تشيلسى هيكسبوا :),OBJ
4509,عاجلهناك حديث عن وقوع حادث كبير بموكب ولي عهد أبو ظبي أثناء مغاردته القاهرة صباح اليومهل من أحد لديه معلومات؟,OBJ
4510,د/ عبد المنعم ابو الفتوح في مؤتمر المنيا : الانفلات الأمنى عملية مصطنعة من خلال بعض القنوات الاعلامية مدفوعة,OBJ
4511,ده اللى اسمه تطوير العمل النقابى منهم لله #الإخوان كانوا خاربينها !! #نقابة_المهندسين,NEG
4512,#كلمة_حلوة *اصرف ما في الجيب يأتيك ما في الغيب * إن للحسنة نورا في الوجه وضياء في القلب وأثرا في الخلق #مما_راق_لي,POS
4513,كل عام و أنتم بخير كل عام و بلادنا فى أمن و سلام كل عام نلتقى على هذه الصفحة لنشر الخير و الأمل و العمل الصالح ~ عمرو خالد,OBJ
4514,#الحقيقة_مباشر_مصر|#انقلاب_3يوليو جمعه مباركه صلوا على الحبيب,OBJ
4515,الأحد 27 ابريل 2014 ستكرم #جمارك_دبي #المدارس الفائزة بـ يتبع # #دبي #الامارات #اخبار #اكسبو2020,OBJ
4516,عبدالمنعم عطية عضو مجلس إدارة نادي #دمنهور:وزراء الرياضة يهتمون بزيارة #الإسكندرية ولا يثومون بزيارة البحيرة رغم قصر المسافة #الملعب #,OBJ
4517,ابو الفتوح علي التحرير الان حوار قوي جدا #,POS
4518,"متابع للدستور وكل مسوداته منذ شهرين تخيير الناس بين ""نعم"" للدستور و""لا"" لاستمرار إعلان غير دستوري هو ما أتحدث عنه",NEG
4519,الثوار مرة اخرى فى ميدان التحرير: خطوات واضحة و كثيرة لم تتخذ؛ لماذا التباطؤ و أنصاف الحلول ؟,OBJ
4520,ضد الانقلاب: اعتداءات وحشية على المتظاهرين المتجهين للتحرير مع الانقلاب: الله يرحم العصير والجوايز للمتظاهرين فى التحرير,NEG
4521,التركين وماادراك ما التركين ده الفسيخ النوبي مرحلة متقدمة من التمليح وكابد وشريط فلاجيل وتتشاهد وتتوكل على الله #نوبة …,OBJ
4522,شاهد - آخر كلام ـ يسري فوده: حالة من التعلم البطيء، لكنّ لحالة التعلم ثمناً #,OBJ
4523,آمين من هنا للعشر الأواخر أنا في ديك الساعة يا جميل انت عارف محبتي واعجابي,POS
4524,كان والدي قد كتب هذه المقالة بعد القبض عليه بيومين الدنيا الجميلة ليس هناك في الدنيا أجمل من أولئك الشبان الذين,OBJ
4525,ده الصفحة الخاصة بفريق عمل اسكندرية احلى شغل من فريق عمل اسكندرية,OBJ
4526,#خليك_مصدق أقوى هاشتاق مصري كأنك تستمع لتلفزيون #مصر الذي سطا عليه الانقلابيون، أو كراخانات عكاشة وأديب والابراشيو…,OBJ
4527,التعامل الأمنى العنيف مع المتظاهرين وأداء الإعلام الحكومي يعيدنا لأجواء ماقبل الثورة,NEG
4528,#الثورة_العراقية :: قصف حكومي اجرامي بالراجمات على المناطق الجنوبية لمدينة الرمادي اللهم بردا وسلاما,OBJ
4529,الانقلابي المليونير حازم عبد العظيم يشكو من ارتفاع فاتورة الكهرباء الله يكون فى عون الغلابة فى الزمن الاسود لحازم وامثاله,NEG
4530,#اول_مره_ادخل_تويتر مكنتش متخيل ان انا هلاقى ناس عندها انفصام فالشخصيه بألف وش و الف رأى ناس تاجرت بالدين عشان ريتوي…,NEG
4531,معهد واشنطن: المد العلوي يقترب من البرلمان التركي. ,OBJ
4532,اللى حصل مع محمود شعبان فى التحرير أفترا عليه لأنه ضعيف هي دى اخلاق الثوره مش اخ…,NEG
4533,"#صدر_حديثا لدى #دار_المحدث (التَّيسيرُ بين المشروعِ والممنوع) ""الإشراف"" #معرض_الكتاب",OBJ
4534,السياسة #الشرعية التي يعمل بها #السلفيون في بلاد #الحرمين مزورة ومكذوبة على #الاسلام وان صفق لها كبار #العلماء واتحدى في ذلك,NEG
4535,": #اقرأ_في_عدد_الوطن | #حمدين_صباحى: سأفوز بـالرئاسة"" وشعبية ""السيسى"" تتراجع بانتظام بسبب ""الأخطاء"" """,OBJ
4536,يجب أن نبدأ فى ممارسة السلوك الديمقراطى فى كل مكان فيه قرار وفيه بشر بكل وعى وحرية والوعى والحرية فى المفهوم,OBJ
4537,أيهما أفضل: شراء بيت بتمويل من البنك؟ أم البقاء مستأجراً مع الإدخار لبناء البيت؟ من روائع #الواتساب,OBJ
4538,? #باسمون #البرنامج #باسم_رئيسا_لمصر #باسم_يوسف,OBJ
4539,#حط_صورتك_وانت_صغير كوغى الصغير فرق 25 سنه بين الصورتين ^_^,OBJ
4540,#نفسك_فى_أية_فى_الجنة_ أنام وأسهر على كيف أهلي ما أشيل هم الدوامات والصحوه بدري,OBJ
4541,الحرية والعدالة على صفحتهم الرسمية يتحدثون عن تأهب 4 مدمرات أمريكية للتدخل ب #سوريا #السادة_المحترمون …,OBJ
4542,"#الوطن تي في | #توفيق_عكاشة: شلبية الفلاحة أحسن من #هيفاء لأنها ""طرية مش ناشفة""",OBJ
4543,"شبكة #السنة_النبوية تطلق خدمة بث #الأحاديث_الصحيحة عبر ""#واتس_آب""",OBJ
4544,مظاهرات المصريين فى ميلانو شمال ايطاليا تلفت انظار الملايين للثورة ضد الانقلاب,OBJ
4545,عار عار عار عار عار عار مانحن فيه عار الدماء أنهار والشهداء بالعشرات الرصاص فى الرأس والرقبة والصدر,NEG
4546,للراغبين فى التطوع للحملة من المحافظات برجاء الإتصال ب أأحمد سالم - منسق المحافظات على 0165541351,OBJ
4547,لا اعترف بدستور مسلوق على عجل خوفا من حكم المحكمة ببطلان اللجنة التى كتبته0لا اعترف برئيس يعطل القانون رئيسكم ديكتاتور ودستوركم باطل,NEG
4548,13 قتلى وأكثر من 450 مصاب في محافظات مختلفة، هذه مقدمات كارثية لاقتتال أهلي حذرت منه دوما وينبغي رفضه ومواجهته، كل الدم المصري حرام,NEG
4549,أول ما قال الله للنبي محمد: (اقرأ) ياريت كانت 'زبالة' مصر كلها زي 'زبالة' النبي دانيال,OBJ
4550,يحسب للرئيس مبارك انه حكم مصر وهى تتحدث عن نفسها وبعد ربع قرن من الحكم جعلها تتحدث مع نفسها #بلال_فضل,NEUTRAL
4551,"غدا السابعة مساءً ندوة توقيع رواية ""نادي السيارات "" بمكتبة ديوان بالزمالك التفاصيل >>",OBJ
4552,تشغيل مشاريع ري الأراضي الزراعية بمنطقة أبو حمام في دير الزور #سوريا #ا…,OBJ
4553,#الحياة_جميلة عندما تستخدم أدوات #السعادة بها #الأمل و#الفأل_الحسن و #الإيجابية و #الإيمان بقضاء الله وقدره خيره وشره,POS
4554,ابتسم في وجه الناس فإنها صدقة,POS
4555,# #تحيا_مصر #إنزل_26و27مايو_وإنتخب_السيسى #تحيا_مصر #مصر_تنتخب_السيسى #سأنتخب_السيسي #تحيا_مصر,POS
4556,عندي امتحان كمان شويه و مشغلين #عمرو_دياب :) ده انا هسقط والله,OBJ
4557,ﻻ يوجد فلسطيني واحد هنا يفكر في دخول سيناء أصلا يا وﻻد ال,OBJ
4558,عرفت الي فيها #اه_والله,OBJ
4559,قال رسول الله صلى الله عليه وسلم (سيأتي على الناس زمان القابض فيه على دينه كالقابض على الجمر) #بكفي_حصار #اضبطوا_شركاء_ا…,OBJ
4560,#المملكةالعربيةالسعودية #جدة #جده #الرياض #الدمام #الخبر #ينبع #الشرقية #مكة #المدينة_المنورة #راقت_لي [2138449],NEUTRAL
4561,"وحدتنا التي أفسدتها بإخلافك المستمر لوعودك؟ والإعلان غير الدستوري الذي قسم المصريين؟ "": قوتنا في وحدتنا #الرئيس""",NEG
4562,هل ممكن نرمي مسئولية الماتش ده على حساب مشروع النهضة؟,OBJ
4563,يا صباح الخير يا صباح النصر احنا ملوك كل حاجه فى مصر :)) #الأهلى,POS
4564,فنانة تشكيلية من ذوي الإحتياجات الخاصة على المنصة الآن تشكر دعبدالمنعم أبوالفتوح على حضوره,OBJ
4565,"فزاعة ""الفلوليه""",NEG
4566,ان اللون الرمادي ليس له محل من الاعراب يا ابيض يا اسود #علمتني_الثورة,NEG
4567,جريده نيويورك تايمز اهم صحيفه في العالم اختارت 25 كاتبا علي مستوي العالم لينضموا الي كتاب الجريده و كنت واحدا من هؤلاء الكتاب الحمد لله,OBJ
4568,#مصطفي_محمود الخوف من الله شجاعة و عبادته حرية و الذل له كرامة و معرفته يقين,OBJ
4569,انتا فرحة قت لعندي بعد عمر من التعب #شيرين,OBJ
4570,يا عسكرى واقف بالفرس على جتتى لا انت البطل ولا انت فتوة حتتى يوم ما تقول هاخد البلد هقولك خدها بس على جثتى ع…,NEG
4571,التفكير بالراحة مفيد في أوقات الضباب الثقيل الذي قد يفقدنا أنفسنا و ليس فقط الرؤيا،نحن بشر ليس بيننا ملائكة و فينا شياطين #مصر #,OBJ
4572,270 #السعودية # #دبي #الرياض #الكويت #قطر #الدوحة #عمان #الشارقة #الخليج #الامارات #الإمارات #غرد_بصورة #رتويت # …,OBJ
4573,حمزاوي: التأسيسية مفتقدة للشرعية الأخلاقية والسياسية (برنامج جملة مفيدة:,OBJ
4574,_2012 غلط شوف الاعلام بتاعهم بيمسكوا في اي حاجة حتى لو تافهة,NEG
4575,دسعيد اللاوندي خبير العلاقات الدولية بمركز الأهرام الاستراتيجي ضيف #يوسف_الحسيني الآن في #السادة_المحترمون,OBJ
4576,من سنن الصلاة الفعلية  كون هذه الأصابع ممدودة مستقبلة القبلة بباطن الكف #نشر_سيرته #,OBJ
4577,أمي ️ ليس لها يوماً مُحدد !! أمي كُل الآيام لها  #عيد_الأم,POS
4578,#بلغ قتلى البغدادي في #دير_الزور وحدها في الأيام الماضية 566 قتيل و700 جريح وأوضاعهم الصحية سيئة جدا وخاصة المهاجرين منهم…,OBJ
4579,انتي ممكن متكونيش #حلوه بس #ربنا مديكي #حلاوه #روح زي الاخت #هيفا #وهبي كدا :) =,OBJ
4580,70 عشان لو حصلك حاجة الفيلم ما ينفعش يكمل لغاية لما تخف والمنتج يفلس اي خدمة,OBJ
4581,#رمضان_زمان ~ #رمضان_الان _323 #غرد_بصورة_تستحق_النشر,OBJ
4582,يجب أن يكون لدينا رؤية واضحة لبناء مصر #السادة_المحترمون,OBJ
4583,بيع متابعين جودة عالية #بيع_متابعين #انستقرام #الكويت #السعودية #قطر #البحرين #مصر #درر #بوح #حكم [286615],OBJ
4584,آسف بس اللي بيسألوا كثير موت أعذرني,OBJ
4585,ان الله وملائكته يصلون علي النبي يا أيها اللذين آمنوا صلوا عليه وسلموا تسليماً,OBJ
4586,من أعظم نعم الله عليك أن يقضي حوائج الناس علي يديك فاكر آخر إنسان ساعدته؟,POS
4587,إستبشروا خير,POS
4588,#اول_مره_ادخل_تويتر لما كان يتعملي فولوا,OBJ
4589,نصائح مهمة ورائعة لقروبات الواتس اب انشروها #رتويت #واتساب #السعودية #الكويت #قطر #درر,POS
4590,''وما النصر اﻻ من عند الله'',POS
4591,بسمة أمل - قل لى من أصحابك أقل لك من أنت,OBJ
4592,في ناس بنشوفها بالالوان وناس جواها مش بيبان وناس اسود وناس ابيض وناس محتاجه بس امان #صلاح_جاهين,NEUTRAL
4593,كثير منهم يقولون يعني مش غضبان لسب السيدة عائشة يعني انتو برضه هتزايدوا على سيدنا النبي الذي لم يفعل مافعلتموه من دناءة بمن أذاه في أهل بيته,NEG
4594,صورة أثناء منتدي الإعلام العربي بدبي #2013,OBJ
4595,فتح شبابيك عينيك حلمك بقي بين ايديك #حمزة_نمرة,OBJ
4596,لقب برنس الاسبوع يذهب الي محمد يسري سلامة,POS
4597,بوقف تنفيذ القرار السلبى الصادر من المشير محمد حسين طنطاوى بالامتناع عن التصديق على التعديلات التى أقرها مجلس الشعب يتبع,OBJ
4598,دماغ الداخلية البايظة,NEG
4599,يومك يناديك و يقول أنا يوم جديد على عملك شهيد فأغتنمنى فإنى لا أعود إلى يوم القيامة,OBJ
4600,مقتل جنودنا فى رفح بيد إرهاب منظم لا دين له ولا خلق ولا انتماء للوطن فى سيناء والوادى الإرهاب واحد، ومصرالواحدة ستهزم الإرهاب,NEG
4601,تابعوني علي قناة النهار مع محمود سعد 915مساء,OBJ
4602,على فكرة تليفزيون الحكومة من 3 ايام بيدعو انصار سيسي للنزول للتحرير والاتحادية فى 6 اكتوبر,OBJ
4603,بسمة أمل جديدة مع لذة العطاء,POS
4604,بسمة أمل - مع اسم الله الرقيب - قصة واقعية قصة اليوم حقيقية من سوريا لتاجر يمتلك محل للأقمشة، وكان له,OBJ
4605,_ لا ده في منه كتير جداً إتفضل,OBJ
4606,بنك التنمية والائتمان الزراعي يواصل تسلم محصول #القمح من المزارعينووزارة الزراعة تخصص 10 مليارات جنيه للتوريد #…,OBJ
4607,البقية فى حياتك كان راجل عظيم,NEG
4608,الي جميع الناخبات و الناخبين نائب البرلمان يتحمل هم الدائرة و الوطن و لا يفرق بين من صوت لة و من لم يصوت لة,OBJ
4609,البوابة نيوز: وزيرة #الإعلام تصدر حركة ترقيات جديدة داخل قطاع المتخصصة: مصر #ماسبيرو,OBJ
4610,كلما تزداد #الامتحانات قرباً،، أزداد حنيناً للماضي هرباً,OBJ
4611,لا اله الا الله محمد رسول الله #غرد_بالخير,OBJ
4612,+ يا غزة انت فخر لينا #انتخبوا_ #ريتويت,NEUTRAL
4613,"كعضو عامل في جمعية ""المؤذنين في مالطة"" أحب أقول:",OBJ
4614,د علاء الأسواني يكتب : السعودية تقدم اعتذار رسميا عن حادثة مطار جدة ! : >> أقرأ المقال كاملاً >> …,OBJ
4615,"كل سنة و مصر كلها طيبة انتظرونا في حلقات الموسم الجديد من برنامج ""البرنامج"" في سبتمبر ان شاء الله",OBJ
4616,الاسواني: من المسئول عن وصول الاخوان الى الحكم أليسوا هؤلاء الثوريون الذين دعموا مرسي ضد الفريق شفيق ؟ >المقال> …,OBJ
4617,تشريح الثورات,OBJ
4618,الشرطة التي رفضت تطهيرها لن تحميك من شعبك فلا تراهن على قوة أنصارك وتتحمل مسئولية دماء المصريين أمام اللهألا هل بلغت اللهم فاشهد,OBJ
4619,ضيف الجزيرة القادم من الاهرام مثل كل مؤيدى الانقلاب قطعية واحدة هى هى نفس الغباوة والبجاحة والوقاحة,NEG
4620,#عشر_ذي_الحجة فضلها و حسبي بها من عشر,OBJ
4621,#كلمه_بتتقال_في_البيت_كل_يوم ماتشبعون من الجوال ٢٤وهو بايدكم هالحكي ينقال حتى لوتوني ماسكته اهم شيء ينقال 😏,OBJ
4622,فأنتم في وطنكم تراب يمشي على قدمين فوق التراب #النور_قطع,OBJ
4623,الأدمن: اتفرج على احلى مقاطع #امريكا_بالعربي حلقة 25,OBJ
4624,ثقافتنا في الاعتزاز الزائد بالشهادة الجامعية واحتقار التعليم الفنى والمهنى يجب أن تنتهي وسنعمل على التركيز التعليم,NEUTRAL
4625,شهداء الاخوان دمهم عزيزنطلب لهم الرحمة لكن الاخوان هم الذين اعتدوا وضربوا وسحلوا وعذبوا البناتيا إخوان لا تتاجروا بالشهداء فتزدادون سقوطا,NEUTRAL
4626,"حمزاوى يؤكد احترامه للشرائع السماوية وتأييده لـ""المدنية""",POS
4627,التيار الشعبي المصري,OBJ
4628,#نبض_رابعة| #اسيوط قام طلاب الازهر فرع اسيوط مظاهرة بحي الوليدية بمدينة أسيوط تنديدا باعتقال زملائهم ومنادين …,OBJ
4629,"جملة اعتراضية بقلم د علاء الأسواني بعنوان ""متى يحترمنا الغرب ؟!"" ينشر صباح غد الثلاثاء بجريدة المصري اليوم …",OBJ
4630,المجد لعاصري الليمون #مصر #الشروق,OBJ
4631,وأدم ودها ~ 3 #ورد_الرابطة = ),OBJ
4632,حفظك الله يا خادم البيتين، وأدامك ذخرا للإسلام والمسلمين #ذكرى #البيعة #التاسعة,POS
4633,الآن السفير عزت سعد سفير مصر السابق في موسكو ضيف #السادة_المحترمون مع #يوسف_الحسينيعلي # …,OBJ
4634,انتخبت صباح اليوم دون إفصاح عن المرشح الذي أعطيته صوتي وأراقب مع جورج اسحق الانتخابات في القليوبية والشرقية منذ الصباح,OBJ
4635,أتقدم بخالص التهانى لأخوننا المسيحيين بمناسبة عيد القيامة المجيد كل عام ومصر بخير وسلام,OBJ
4636,نريد رئيساً للدولة تكون شخصية توافقية ويرفض الترشح للرئاسة …,OBJ
4637,"93 و الثورة دائماً تصحح مسارها ده طبيعي ، اقرأ مقال "" في ثورة الثورة "" كتبته في ابريل 2011 #مصر",OBJ
4638,الأدمن: اتفرج على #امريكا_بالعربي حلقة 24,OBJ
4639,ربي بلغنا رمضان من غير أن نرى دمعة حبيب، ولا فراق غالي، ولا استمرار مرض لقريب، اللهم بلغنا رمضان لا فاقدين ولا مفقودين#رمضان_كريم,POS
4640,عرض الاسبوع 36 ألف متابع #وش_أكثر_شي_يسهرك #صيام_الإثنين #خد_موقف_من #صلاة_الوتر #فى_تويتر_تلاقى #الدمام [911538],OBJ
4641,جريدة مصرى حر | #مصر #متابعات #انتهاكات #قمع #ارهاب #تعذيب #رسالة_معتقل #سجن_شبين_الكوم_العمومي #المنوفية |,OBJ
4642,وختاما اللي مكسل يقرا هيلاقي في هذا الفيديو القصة كاملة في حوار بيني وبين الشيخ خالد الجندي ودسعد الدين الهلالي,OBJ
4643,اوعدونى لو يوم لقيت نفسى انحنيت واحتجت من ضعفي بلاش تتأخروا الناس تغيب بس انتوا لازم تفضلوا #حمزة_نمرة,OBJ
4644,قلتلك ايه على الناس اللي بتشتم؟,OBJ
4645,2 عندي حق لكن هل أخلاقنا مثل أخلاقهم؟,NEG
4646,جرعه الكيماوي التي تعطي في الوريد لوسقطت قطره على جلد الانسان لاذبته #اللهم ارحم انين من اصايه المرض وآشفه …,OBJ
4647,مقدر إن الشغل بيخليك تتفرج على الداعية الشرشوحة شتايمه بتوصلني من صحابيأنا أحب أضيع عمري في حاجات لذيذة مش قميئة,NEG
4648,"محمد رمضان أحد ضحايا #سانت_كاترين ""في أمل متقلقيش"" #مصر",OBJ
4649,_ # رائ عصام سلطان - حزب الوسط - فى موضوع المجلس الاستشارى,OBJ
4650,شاهد - آخر كلام: جمعة الغضب لا تزال في الذاكرة #,POS
4651,الوطن | الدستور الدولة والمجتمع (3) | عمرو حمزاوي:,OBJ
4652,من تدليس الاخوان قولهم ان مرسي المعزول ليس مسئولا عن جرائم الشرطة التى تتبعه بنفس المنطق فان مبارك ليس مسئولا عن جرائم العادلي الا تخجلون,NEG
4653,من صكوك جمال مبارك إلى صكوك الإخوان، تعددت الصكوك والقفا واحد,NEG
4654,الاشتراك في الاستفتاء البائس اعتراف بشرعيته كل ما فعله مرسي باطل وغير شرعي ولا استبعد على الاخوان تزوير النتائج أنا مع المقاطعة الشاملة,NEG
4655,"شهادة ""صكوك الغفران"" التي يمنحها الاخوان لقتلى رابعة والنهضة! #السادة_المحترمون",OBJ
4656,شاهد الآن د عمرو خالد على قناة المحور مع الإعلامى عمرو الليثى فى برنامج 90 دقيقة,OBJ
4657,مسيرات ومظاهرات فى كل أنحاء مصر الانقلاب لا يعبأ بالرفض الشعبي واعلام العار يحرضه على قتل وقمع شعبه لا أحد يهزم الشعب,NEG
4658,#صافيناز :),POS
4659,البحر بيضحك ليه وانا نازلة ادلع امله القلل #السعادة_هى #محمد_محسن #سيد_درويش صباح الفل,OBJ
4660,عصام عطا خالد سعيد جديد,OBJ
4661,"#رجعوا_الجماهير""",OBJ
4662,#سلامتك_يا_خليفة إن من حق ولي الأمر علينا جميعا أن ندعوا له بظهر الغيب بالشفاء العاجل اللهم ألبس الشيخ خليفة ثوب الصحة ولباس العافية,POS
4663,"محامي ومستشار قانوني ٠٥٣٧٨٥٥٥٢٧ #المحامي #محامي #قاضي #حكم #درر #الوتر #مستشار #رقم #ريتويت #محاماة #مشاكل #قضايا #اسرية #محامي #مكتب ٠""",OBJ
4664,#العربي_الجديد | #سياسة | #فلسطين | اعتداءات #الأقصى: التحقيق مع مصلين فلسطينيين,OBJ
4665,29 مايو الحكم فى طلب رد محكمة الامور المستعجلة بدعوى اعتبار قطر داعمة للارهاب #مصر #ميدان_التحرير,OBJ
4666,أو ممكن يكون صباعين في بعض,OBJ
4667,اما الزبد فيذهب جفاء وأما ما ينفع الناس فيمكث فى الارض  لهذا عاش جمال عبد الناصر,OBJ
4668,حملة امنية لكلاب #الداخلية مكونة من ﻣﺪﺭﻋﺘﻴﻴﻦ ﺟﻴﺶ 3 ﺑﻮﻛسات شرطة ﻋﻨﺪ ﻛﻠﻴﺔ هندسة المطرية #عين_شمس #بلغ #ريتويت,OBJ
4669,يبدأ بعد قليل لقاء د عبد المنعم أبو الفتوح مع الشاعر عبد الرحمن يوسف على قناة في برنامج صفحة الرأي,OBJ
4670,هدف #المصري في مرمى المنيا لايهاب المصري في الدقيقة 61 من #المباراة,OBJ
4671,#الكويت #السعوديه #البحرين #قطر #ا?مارات #عمان #العراق #مصر #تونس #الجزائر #المغرب #ا?ردن #السودان #لبنان 499,OBJ
4672,نبيل العربي فخر لمصر في علمه و أخلاقه ووطنيته ونقائه ولم يفكر أو يسعي يوماً للترشح للرئاسة لا تزجوا بإسم الرجل في هذا المناخ السياسي الملوث,NEUTRAL
4673,#لساها_ثورة_يناير لسه الشعب المصرى ثائر,NEUTRAL
4674,كرستيانو رونالدو يفصله 75 هدف ليصبح الهداف التاريخي الاول في ريال مدريد #اسطورة,POS
4675,قلت للرئيس هناك حملة على حرية التعبير وبدأتم في اغلاق القنوات ومصادرة الصحف بدون سند قانوني معنى ذلك ان كل من يهاجم الاخوان سيتم إغلاقه,NEG
4676,3 طولت عليكم معلهش، سلام,OBJ
4677,متخفيش انا مش نسيكي #عمرو_دياب,OBJ
4678,لا بس ما نقعدش نطبل ونهلل ونقول أول مرة في التاريخ وكده وده للأسف غالباً معناه أن ده آخر مشوار الدعم,OBJ
4679,يابوب ارجع محتاجينك بجد #ارجع_يا_بوب,POS
4680,ً كذاا هاان الغلا يعني كذا مات الوفااء فيني كذا محبوبي يجرحني لجل هالنااس يرضيهم #ذكرى,OBJ
4681,كائن بوليسي اسمه لواء حمدى بخيت علاقته بالانسانية والكرامة زى علاقته بربه الاتنين مقطوعين,NEG
4682,#جبهة ثوار سوريا - القطاع الجنوبي : القنيطرة تمكن المجاهدون ضمن معركة #صدى_الأنفال صباح اليوم بفضل الله من,POS
4683,بسمة أمل عن خلق الأمانة - قصة نيلى جلال و سائق التاكسى,OBJ
4684,#عاجل | #الدقهلية | #المنصورة : ماس كهربائى وراء حريق نادى الحوار والدفاع المدنى يسيطر على الحريق ولا يوجد,OBJ
4685,شاهد - آخر كلام: علاء عبدالفتاح الحر البطل أحمد حرارة #,OBJ
4686,#الداخليه الفاشلين بتوع 50% وافقت على حضور جمهور فوق سن 29 سنه على #اﻻلتراس تركيب دقون,NEG
4687,ماهو # #هاشتاج ؟,OBJ
4688,في كل يوم لي موعد مع أحبتي حروف اليوم #خير_الجوف #الجوف #سكاكا #سكاكا_الجوف #تواصل #واتساب #درر #راقت_لي …,OBJ
4689,انا وحده عايشه لوحدها ومش حاسه وحدها ; #شيرين,OBJ
4690,بكري قبل مايستقيل خد معاه الميكروفون البيتبكري متن خد غرضه من المجلس,NEG
4691,20 ﻫﺬﺍ ﺍﻟﺨﺒﺮ ﻳﺜﺒﺘ ﺃﻥ #مرتضى_منصور ﺭﻛﻦ ﺃﺳﺎﺳﻲ ﻣﻦ ﺃﺭﻛﺎﻥ #ﺍﻟﺪﻭﻟﺔ_ﺍﻟﻌﻤﻴﻘﺔ ﻓﻠﻢ ﻳﻘﺒﺾ ﻋﻠﻴﺔ ﻋﻨﺪﻣﺎ ﺃﺳﺘﺪﻋﻰ ﻟﻠﻨﻴﺎﺑﺔ ﻧﺎﻫﻴﻚ ﻋﻦ #ﻣﻮﻗﻌﺔ_ﺍﻟﺠﻤﻞ,OBJ
4692,بدون عنصرية ولا مبالغة ضاحي فقد كثيراً من مكانتة عند الإماراتيين ناهيك عن باقي الخليج،بعد أزمة #سحب_السفراء_من_قطر,OBJ
4693,حسن الرداد و حورية فرغلي ضيفا #يوسف_الحسيني الليلة في #السادة_المحترمون في تمام الساعة 11م على # …,OBJ
4694,لا ينكر أحد ضرورة إجراء إصلاحات شاملة بالقضاء سواء فى كيفية التعيين فى البداية وحتى كيفية المحاسبة داخل القضاءلهذا تقدم,NEUTRAL
4695,أوضاع مصر الآن غلط لم يقم ملايين المصريين بثورة حتى يحكم البلد المجلس العسكرى,OBJ
4696,أبو الفتوح| بنها| عدنا إلى أهل الرأي والإستشارة في بداية تقدمنا بمشروعنا الوطني,OBJ
4697,' الله نور السموات واﻷرض ' نور #اطمن,OBJ
4698,وزير الطيران المدني المصري: وقف خط الطيران بين #القاهرة و #أثيوبيا يحتاج إلى قرار سيادي #العرب #مصر,OBJ
4699,الندوة الأسبوعية للدكتور علاء الأسواني بالأسكندرية الخميس القادم السابعة مساءً بأتيليه الأسكندرية التفاصيل >>,OBJ
4700,"الليلة السابعة مساءً ندوة توقيع رواية ""نادي السيارات"" بمكتبة ديوان بمصر الجديدة التفاصيل والعنوان داخل الرابط :",OBJ
4701,افتكر شخص تحبه بدعوة في السر فالدعاء في ظهر الغيب من الادعية المستجابة #دعوة_الصائم_لاترد,NEG
4702,نقولها لمين؟ ولا لمين؟ #حمدين_صباحي #باسم_طلع_حرامي #حمدي_قنديل القائمه طووووويله كملوا معايا ====== #عاشق_مصر,OBJ
4703,من الطبيعي أن تتناثر الإتهامات والتشنيعات والشتائم والرصاصات في كل إتجاه إذا كان رأس الدولة عاجزا عن إتخاذ القرار,NEG
4704,وآمنهم فى وطنهم واصلح ذات بينهم واحفظ هذا البلد آمنا مطمئنا اللهم بنعمتك تجلت إرادة الشعب وبمددك انتصر فأتم نعمتك اللهم على مصر وادم مددك,OBJ
4705,#مصر_القوية | جانب من مسيرة #ثوار المشارك بها الحزب في طريقها إلى #الإتحادية,OBJ
4706,اليوم السابع مكذبينه,OBJ
4707,الاعدام ل #صغار_الخنازير #بديع #المرشد #الاخوان #المنيا #مصر #السيسي,NEG
4708,عايز تعرف دي ثورة ولا انقلاب ! شوفت قيادات الوطنى لحظة القبض عليهم وهما بيغطوهم بملايات ! طب شوفت قيادات الإخوان وهما بيب…,NEG
4709,مصارعة الديكتاتورية وتجاوزها,OBJ
4710,هما فاكرين إن البلوك زعلده أنا كنت باحب أخدم بسلكن طالما لازمهم حرق دم ومالهيالله هاروح أفطر سيمون فيميهسلام يامعفنيين,NEG
4711,#خلق_جميل الشعور بالغير,NEG
4712,الشيخ حافظ سلامة يؤكد فشل مؤامرة أمريكا لإسقاط الجيش المصري #السادة_المحترمون,NEG
4713,يارب انت المنتقم انتقم من القذافى واعوانه وانصر ثوار ليبيا البواسل والاشاوس واحمي اهل ليبيا من مكائده يارب,NEUTRAL
4714,_1418 لا يخوي ذا رأي وين ذوق #استرجل,OBJ
4715,قبل أيام من بدء امتحانات نهاية العام استمرار إقتحام #الشرطة لحرم #الجامعات واعتقالات عشوائية بالجملة,OBJ
4716,العقيد حسن ناصر مدير حماية منشآت الانبار يحتفظ بمئات البطاقات الانتخابيه …,OBJ
4717,للثورة جولة اخرى قريبة جداً وساذكركم بإذن الله شعبنا عجوز حكيم يصبر و يمهل الظالمين ثم يثور فنكتشف انه أوعى واعمق واشجع بكثير مما يبدو,OBJ
4718,#نفسي احس ان في امل في مستقبل احسن اخلاقيات احسن ظنون اقل,OBJ
4719,اغتصاب النساء في الإسلام من القران والبخاري ومسلم والسير النبوية … … #عقلانيون #محمد_محمود #داعش,OBJ
4720,حكومة عم أيوب شاردة واردة مقال يوسف الحسيني في جريدة الصباح,OBJ
4721,شاهد - آخر كلام: عصيان بورسعيد هل يصمد؟ هل ينتصر؟ #,OBJ
4722,#رابعة حية في وجداننا جلست في الصباح الباكر انظر مع النافذة مع طلوع الشمس على شارع النصر الخالي من العربيات الا …,OBJ
4723,#أشاهد_الآن #تسالي_أحلى_عالم على شاهدنت عبر,OBJ
4724,"قال الله تعالى""ادعوإلى سبيل ربك بالحكمة والموعظة الحسنة"" د سعدالدين الهلالي أيها #السادة_المحترمون …",OBJ
4725,بعد غيبة و طول انتظار ها قد عاد #الاستقرار من جديد :)) #النور_قطع #الهرم,NEUTRAL
4726,لقد صححت الرقم 70 مليار لأني وجدت أن 95 هو القديم إتفضل ولو لقيت حاجة غلط أرجوك بلغني:,OBJ
4727,انهم يكتبونني بطل اكتوبر الفريق سعد الشاذلي يكتب عن الكذب على الشعب ورضوى عاشور تكتب عن الثورة بين اليأس والأمل,POS
4728,احبسونا و امنعونا #البعد عن #الاهلى محااااال,NEUTRAL
4729,إطلاقاً مش قصدي خالص,OBJ
4730,#صباح_الخير #بعد_منتصف_الليل #غرد_بذكر_الله #صور_كنك_بنت #لو_كنت_المتحكم_بالتويتر خمس الاف بـ 200 ريال4,OBJ
4731,هو إحنا حا نعمل جلسات مجلس شعب ليه؟ ما الإخوان أهم بيخلصوا كل حاجة من مكاتبهم ولا حوجة للزحمة والمصاريف,NEG
4732,فيديو للأخوان المسلحين في المهندسين منذ قليل #مصر #,OBJ
4733,وهو إيه اللي وداه هناك؟,OBJ
4734,الصفحة الرسمية والوحيدة ل علاء الأسواني على الفيس بوك,OBJ
4735,سلام مربع للمحلة ورجالة المحلة أول من قطّع الصورة وتفّ على الأسطورة,OBJ
4736,قطعة البازل الناقصة - باسم يوسف :: بوابة الشروق :: نسخة الموبايل ::,OBJ
4737,لولا الانقلاب لظل الجيش والشعب ايد واحده,NEG
4738,ابتداء من الجمعة المقبلة البرنامج سيذاع الساعة التاسعة و النصف مساء,OBJ
4739,أيها الأصدقاء برجاء قراءة التعليقات ستلاحظون ان الذين يدافعون عن الفكر الوهابي هم الذين يشتمونك بمجرد ان تختلف معهم ما أبعدكم عن الاسلام,NEG
4740,"2020 طالما ""طوعا"" فصحتين، وتبئى وافر #الحياة وافر #الحرية وضحكاتك حاضرة! ""المجد ل #المغردين"" ول #سوسن ويبعتله الهنا ريتا",OBJ
4741,إن الأحلام العظيمة لا يمكن أبدا أن نجدها لقيطة على أرصفة الشوارع ! #فاروق جويدة ,OBJ
4742,لن يطول ليلك يا محروسة! فجرك يلوح يا كنانة! اغتسلي بالحرية أسفري يا بهية لا تحزني يا بنت عمرو إن الله معنا! …,OBJ
4743,عماد متعب || الضابط وجه لي شتائم وتهزئ آخر قلة أدب وأنا معروف، لو واحد غلبان إيه اللي هيحصل معاه يعني,NEG
4744,الإعلامي والمتخصص في الشئون التركية #نشأت_الديهي ضيف #يوسف_الحسيني في #السادة_المحترمون علي # …,OBJ
4745,لو انت ساكن فى مدينة نصر، فى اتوبيس نقل عام ازرق رقمه ١٠١١ بيروح من ك٤٥ مروراً باول عباس لحد #جامعة_القاهرة (خدمة مميزة ب ٢ ج) #2,OBJ
4746,سنسمو على خلافاتنا السياسية والحزبية وسنعلى فقط المصلحة الوطنية ستنتصر ثورتنا وستكون مصر قوية بإذن الله,POS
4747,دعمرو علي التويتر :-<< في لقاء قناة الناس دافعت بوضوح عن الدولة المدنية والديمقراطية وعن الحرية وحقوق الإنسان,OBJ
4748,رغم إن الصحافة رسالة إلا ان فيه صفحات كاملة بتتكلم عن #صافيناز #سما_المصري #حلاوة_روح ودي كارثة #2014,NEG
4749,5 من لا يوافق الرئاسة على هذه الرؤية ويعارضها مكانه الوحيد في السجون وغياهبها!,NEG
4750,المحامى عن المتهمين فى تفجيرات دهب: لا متهم بأسم عادل حباره الذى اتهمته الداخلية بتنفيذ مذبحة الجنود فى سيناء دول بيكدبوا فى الكدب,NEG
4751,ما معنى الاستبداد الشرقي ؟! أقرأ المقال كاملا … …,OBJ
4752,#تنويه_البرنامج عزيزي المشاهد لو فاكر ابنك مؤدب هيتخدش حياؤه من الألفاظ رجاء مراجعة المتصفح الخاص به بس ياريت,NEUTRAL
4753,"#الوطن | #الدعوة_السلفية تفتتح مركز ""النور"" الطبي بـ #الزقازيق #اخبار",OBJ
4754,يحرم علينا شربك يا جوزه روحى و انتى طالقه ملكيش عوزه ! #محمد_محسن,NEG
4755,رجاء النشر سينمائيون ضد المحاكمات العسكرية للمدنين: خالد يوسف لا يمثلنا,OBJ
4756,برادعى نطق كشف علاقة سيسي ومبارك وبيهدد سلطة الانقلاب المجرمة والقاتلة الله يرحم قعدتك جنب سيسي والبابا والماما,OBJ
4757,#الكرة_الذهبية انها هذا العام من نصيب الـ 7 الدون كرستيانو رونالدو و ستذكرون ما أقولُ لكم,OBJ
4758,_ استجواب ضباط جيش وشرطة لمتهمين فى قسم شرطة كردي بالدقهلية,OBJ
4759,التأخير #اسلوب_حياة 😪,OBJ
4760,خليك كده: إحلم بقمع معارضيك كفرهم وخونهم واستعدي عليهم وانشغل بيهم عن خيبتك، اكتب دستور يعجبك وقوانين تحميك وسيب الغرغرينا تنهش في البلد,OBJ
4761,"#الشروق | ""الطب الشرعي"": حصيلة قتلى #رابعة 377 حالة بينها 11 تم ""حرقها"" بعد الوفاة """,OBJ
4762,"مرسى اتصل بوزير الطيران وأخبره أن نجل ""الشاطر"" سيستقبل وفدا تركيا بصفته تابعًا لمجلس الوزراء",OBJ
4763,شاهد - موقف يوسف الحسيني مع أحد شباب الإخوان إشارة رابعة وقدامها بوسة # #,OBJ
4764,لا يوجد فرق بين لون الملح و لون السكر كلاهما نفس اللون ..و لكن ستعرف الفرق بعد التجربة كذلك هم البشر,OBJ
4765,الان #محمد_عبد_العزيز عضو لجنة الخمسين و #مي_وهبة من مؤسسي حملة #تمرد ضيوف #يوسف_الحسيني في #السادة_المح…,OBJ
4766,#الأعلى_للجامعات يقرر السماح لقوات الأمن بالتواجد داخل #الجامعات لتأمين الامتحانات ايه رايكم في الموضوع ده ؟؟؟؟,OBJ
4767,كم منا يتذكر نورا بعد نور؟ النور لا يأتي إلا بعد ظلام,OBJ
4768,#اخطر_انواع_النساء المطوعه,OBJ
4769,محاولات لتجهيز #جدو لموقعة #الدفاع,OBJ
4770,الفجوة تزداد بين الشعب وحكامه لا بد من استجابة حاسمة وواضحة لمطالب الثورة,NEG
4771,"الليلة عبد الرحيم علي يفجر مفاجآت جديدة في 90 دقيقة على ""المحور 1"" #باسم_طلع_حرامي",OBJ
4772,افزایش‌‌‌۱۰درصدی #بلیت #مترو 10% …,OBJ
4773,ادعم أبو الفتوح برسالة نصية على الجزيرة مباشر مصر خلال الحلقة أرسل رسالة قصيرة إلى 99206,OBJ
4774,محدش هيرضى يقابلك خمس مرات فى اليوم غير #ربنا,OBJ
4775,كلام الناس لا بيقدم ولا يأخر كلام الناس #عن #النيزك مش أكتر !,OBJ
4776,#مصر_القوية |3- أصبحنا مضطرين للتذكير بهذه البدهيات أمام هذه الأحكام القضائية المتتالية التي تخالف القوانين المصرية والموا…,OBJ
4777,المشكلة ان خطاب الاخوان لو عدوا من تلاتين ستة هو هو الخطاب الفاشي اللي شغال دلوقتي من الليبراليين,NEG
4778,#حركة_كايدينهم #مصر #قول_كلمه_للسيسي_وخد_فولو_هديه ياسيسى ياجاااااااامد #سأنتخب_السيسي #تحيا_مصر,POS
4779,ياآريت آآي حد يشووف #البوست ده يجبلي #شيبسي و #بيبسي و #ورد :),OBJ
4780,#أفضل عشرة #أطباء في العالم هم: 1- القران الكريم 2- كثرة شرب الماء 3- النوم الكافي ليلاً 4 الهواء الطلق النقي 5-,POS
4781,خمس الاف #الامارات #الهلال #النصر #السعودية #الكويت #قطر #الرياض #مكة #رتويت # #دبي #الشارقة # #غرد_بصورة 907,OBJ
4782,اذا كانت السفاره #المصري في #السويد غير قادرة على حفظ كرامة المصريين وتنفيذ قوانين الوطن على اراضيها اسوه بسفاره مصر في #ايطاليا اقفلو وروحو,OBJ
4783,تستطيع #المرأة أن تتحدث في #الهاتف وهي تحمل طفلها وتراقب طبق #العشاء على #النار وتغلق #الباب بقدمها في نفس #الوقت دون أن تفقد …,OBJ
4784,للعلم ده مهرجان درجة أولى ما لو بالفلوس ما كانش حد غلب,NEUTRAL
4785,تشيلسي هو الزعيم …,POS
4786,اول هزيمة لجوديولا فى السينتاجو بيرنابيو #ذا_شامبيووونز,OBJ
4787,العقوبات الاميركية الجديدة بحق #روسيا سيعلن عنها الاثنين #أميركا #أوكرانيا #القرم #كييف #أوروبا #الوطن,OBJ
4788,الانقلاب الذى يسرق الشرعية وينهب شعبه ليس غريبا عليه انه يسرق حقوق البث لمباراة كرة قدم,OBJ
4789,مؤتمر الدفاع عن الدستور، يوم الأحد 9 سبتمبر في الساعة 6 مساء، ساقية الصاوي، نرجو الحضور ونشر الدعوة,OBJ
4790,{ اللهم ارزق امي الجنة فانها جعلت حياتي جنة } #غرد_بالخير #دعاء,OBJ
4791,وَمَنْ لا يُحِبّ صُعُودَ الجِبَالِ يَعِشْ أَبَدَ الدَّهْرِ بَيْنَ الحُفَر لا تمش أبداً على الطريق المرسوم ، فهو يقودك حيث ذهب الآخرون,OBJ
4792,#فيديو لاعب كمال أجسام,OBJ
4793,مجرد إجازة قصيرة أسبوعين أو ثلاثة بالكتير التفاصيل الحلقة القادمة,OBJ
4794,الغارديان: بلير يدشن حربه الصليبية الجديدة على الإسلام السياسي #بريطانيا #انقلاب_3يوليو,OBJ
4795,لا صحة لخبر #تأجيل_الدراسة، ولم يتم إصدار أي تصريح بهذا الخصوص #فيروس_كورونا …,OBJ
4796,"#برنت يرتفع متجها نحو 110 دولارات للبرميل بسبب التوترات في #أوكرانيا: """,OBJ
4797,#بيع_متابعين #تويتر #انستقرام #عاجل #الرياض #مكة #خواطر #غرد_بصورة #غرد_بصوره #دبي #غرد_بذكر_الله,OBJ
4798,مضمون كلمة الرئيس، الاستعلاء على المطالب الشعبية والدفاع عن الأخطاء عوضا عن التراجع عنها وتبرير عنف جماعته ودعوة حوار شكلية، لك الله يا مصر,NEG
4799,أنا ضد التمويل الاجنبي تماماً الغريب ان ينتسب البعض الى الاسلام ويستغلون فقر الناس ويشترون اصواتهم ثم يتبارون في البذاءة اى اسلام هذا,NEUTRAL
4800,شاهد - آخر كلام: سلاح المقاومة في غزة و تأثيراته #,OBJ
4801,#يوسف_الحسيني ازاي دلجا اللي فيها 120 الف مواطن مفيهاش مستشفي فين الدوله???,OBJ
4802,"متابعات : المصري اليوممختارنوح: لقد نفذ رصيد الإخوانالمصري اليوموأضاف""نوح""، في مداخل #الاخوان #يكفي",OBJ
4803,شاهد - آخر كلام: سياسية إيه يا عم الحاج ! #,OBJ
4804,نص الجزء الثانى لحوار أبو الفتوح لموقع الجماعة الإسلامية,OBJ
4805,لو منصب المرشد مستوياته أعلى من الرئيس يبقى يتهتفله كام يسقط يسقط؟,OBJ
4806,قلت للرئيس نحن سعداء بالتخلص من حكم العسكر ولكننا قلقون من حكم الاخوان انت رئيس منتخب لكنك تنتمي الى جماعة غير قانونية وتمويلها غير معروف,NEUTRAL
4807,#سحب_السفراء_من_قطر الصورة تتكلم والحديث متى #قطر_ترضخ_للضغوط_الخليجية ؟وهل بدأت جديا بالعمل لتحقيق التعهد؟,OBJ
4808,# فى #نيويورك,NEG
4809,#متابعة الأنباء من #الفيوم تفيد بدخول سيارة نقل ثقيل فى السيارات التى كانت ستقل العاملين بمصنع الغزل والنسيج من أمام المص…,OBJ
4810,100 يوم على الانقلاب أسوأ 100 يوم فى 7000 سنة انها 100 يوم من القتل الوحشى الانقلاب حول حضارة مصر فى عيون العالم الى حقارة,NEG
4811,"متابعات : صلاح فضل: نظام الإخوان قمع حرية المرأةالوفدوتابع ""فضل"" خلال كلمته بندوة ""ن #الاخوان #يكفي",OBJ
4812,تحية لروح المناضل القومى عبد الرحمن النعيمى مؤسس جمعية العمل الوطنى الديمقراطى وتعازينا لأهلنا فى البحرين وعلى امتداد أرض الوطن العربى,OBJ
4813,3: هاننتخبو عشان كدا #انتخبوا_اللي_شال_ #سأنتخب_السيسى_و_مش_هنزل_لمستواك,NEUTRAL
4814,محاربة الظلم بالظلمستنتهي بظلم الطرفين #اخوان #عسكر,NEG
4815,من لم يذق طعم الهزيمة لن يشعر بمتعه الانتصار #مارك ماركيز,OBJ
4816,إدانات واسعة لسقوط قتلى في #جريمة_الصومعة ب #البيضاء #بكفي_حصار #اضبطوا_شركاء_المخلوع #الأردن,OBJ
4817,"الجننننننننة هي دار الخلد من روائع المغامسي جدا رائع #انشر """,OBJ
4818,بسمة أمل - الرسالة الأخيرة - أمك ثم أمك ثم أمك,OBJ
4819,وآنا علي يقين بقا أن كل سلطة ف مصر من أول الفراعنة لحد دلوقتي ، سلطة متخلفة وعلي رأسها حمقي ، باستثناءات قليلة !! #مبارك #طنطاوي #مرسي #,OBJ
4820,#الطابور_الخامس|#مصر #الوفد| الحكومة تضحك علي الشعب وترفع رغيف الخبز الله يرحم أيامك يا دكتور #باسم_عودة,OBJ
4821,حتى يومنا هذا عودتي لإنتاج مسلسل مداح القمر أو المشاركة فيه خبر غير صحيح ولا أعلم من أين أتوا بمثل هذه التصريحات المنسوبة إليا,OBJ
4822,ألتقيكم بعد 30 دقيقة من الأن على قناة ، للحديث عن قضية الإساءة لرسولنا الكريم، صلى الله عليه وسلم,OBJ
4823,أبو الفتوح فى بريطانيا الأسبوع المقبل,OBJ
4824,في مؤتمر جماهيري حاشد في زفتىدعبدالمنعم أبوالفتوح: مصر ستتقدم فقط بترابط المصريين جميعا,OBJ
4825,اليوم السابع | ضبط عاطل تبادل إطلاق النار مع قوات #الأمن وآخر بحوزته #مخدرات بـ #الغربية,OBJ
4826,#بلغ,OBJ
4827,لدي مستندات تثبت تورط #السبكي فى تدمير #مصر لصالح #اسرائيل,NEG
4828,رئيس المجلس عيني والنجار والشوبكي وآخرين في لجنة المؤتمرات الدولية وهي ليست من لجان المجلس النوعية ال19 ودورها,OBJ
4829,"حفل توقيع "" هل أخطأت الثورة المصرية ؟!"" كتاب جديد للدكتور علاء الأسواني الليلة",OBJ
4830,درية شرف الدين امرأة على الوشين لا مهنية ولا اخلاق ولا وطنية ولا حياء الملايين ملأوا شوارع مصر وشاشاتها تنقل ميادين اخلاها الجيش للتصوير,NEG
4831,المجلس العسكري يعيد إنتاج مصطلحات صفوت الشريف وأنس الفقي من جديد وكأن المطلوب تكميم الأفواه #,NEG
4832,جمهور الموت الاحمر في استقبال لعيبة #ليفربول ملاحظه : الجمهور هو الاحمر مو الموت مافي موت احمر و موت فوشي #ارحل,OBJ
4833,"#القاهرة حملة أمنية إستهدفت البؤر الإجرامية بدوائر أقسام شرطة "" #مصر_القديمة ، #المعادى ، #دار_السلام"") كمية من",OBJ
4834,هالايام تمر علي مواقف قديمة لكن مع أشخاص جدد #احساس_غريب,NEUTRAL
4835,بعد ما افتى المفتى بـحرمة استخدام الكهرباء في أغراض غير مشروعة افهم من كدا ان كابريهات وملاهى شارع الهرم هيتقفلوا !؟ #سؤال_برئ,OBJ
4836,الم يكن من الأحسن ان تؤجل الانتخابات أسبوعين تضامنا مع شهداؤنا الجدد و حتى يتوفر الأمن و الهدؤ لكى نذهب جميعا لنحتفل باول انتخابات حرة؟,OBJ
4837,#ضرب_نار ابتدى فى #عين_شمس,OBJ
4838,"مصادر بـ""النقل"": لا زيادة في أسعار تذاكر #السكة_الحديد و #مترو الأنفاق",OBJ
4839,#الكويت #السعوديه #البحرين #قطر #ا?مارات #عمان #العراق #مصر #تونس #الجزائر #المغرب #ا?ردن #السودان #لبنان 82,OBJ
4840,#حاجات_بتفرح_في_مصر الناس الكبيره في السن اللي بتدعيلك لمجرد انك رديت سؤالهم بأدب او عديتهم الطريق,POS
4841,أيها الاخوان لستم ضحايا اننم خنتم الثورة وتواطئتم مع النظام القديم وعذبتم الثوار وقتلتموهم حتى ثار الشعب ضدكم الى متى تخدعون أنفسكم,NEG
4842,فيا من يبتغي جنات عدنٍ تقدم لا تكُن في القاعدينا و خُض غمرات حرب في ثباتٍ فعُقبى خوضها للمُتقينا #تحريض,OBJ
4843,أفرق في حديثي بشكل واضح بين مؤسسة الجيش التى نعتز بها فهو جيش مهنى ووطنى وبين دور المجلس العسكري باعتباره متولى,POS
4844,يوما ما كان إسلاميا مقال اليوم لمن يبحثون عن حل حقيقي لمشكلة تيارات الشعارات الإسلامية,OBJ
4845,المسلمانى أغلي متحدث إعلامى للرئيس وأشهر كذاب ومنافق ومضلل ومحرض تحول الى قليل الأدب ووضع معارضي الجيش في سلة القمامة كلام زبالة,NEG
4846,لن أُصدق كتب التاريخ بعد اليوم وقد رأيت الحاضر يُزيف بلا حياء فكيف بتاريخ كتبه مُنتصر ؟ #مجزرة_رابعة,NEG
4847,الضحك قال ياسم ع التكشير أمشير وطوبة وأنا ربيعي بشير مطرح ماباظهر بانتصر ع العدم إنشالله أكون رسماية بالطباشير,OBJ
4848,مسيرة الزيتون الان #مصر # #30 #,OBJ
4849,عشان بكره اللى مستنى ومش عايز يفرق حد :),OBJ
4850,في علامات ممكن تقولك إنك حامل قبل ما تلاحظي تأخر الدورة الشهرية موجودة هنا #دورة_شهرية #علامات #صحة #حمل #حامل #مصر,OBJ
4851,انها ليست مجرد قصة نحكيها انها دروس نتعلمها من ماضينا المشرق لنصلح بها حاضرنا و مستقبلنا إنها #قصة_الأندلس,OBJ
4852,تبادل اعلاني #اخر #الاخبار #القدي,OBJ
4853,صمت بعض الصحفيين والإعلاميين في صحف الأحزاب ووسائل الإعلام الخاصة عن خطورة تفعيل قانون الطوارئ وتقييد الحريات بل وترحيبها به,NEUTRAL
4854,# : شمروخ فى الايد يغنى والنار رمز احتفال وان جيت فى يوم تلومنى مش عالبال # : وتعيش الاولتراس بتحارب على مر السنين #الكورة_للجماهير,NEG
4855,امروز دقیقن انگا تو استخر بودم صورتم ُ رو به بالا می‌کردم یخورده هوا تمیز تنفس می‌کردم بعد برمی‌گشتم تو دریای بو گند ملت :| #مترو,OBJ
4856,الكتلة الصامية لن تستمر صامتة بعد اليوم انه مستقبلنا ومستقبل أولادنا الذي يختطف والصمت خيانة لمستقبل,NEG
4857,إقرأ كلام كبير ومهم عن الدستور,OBJ
4858,هذه القاعدة تعني أن الحزب قد يحصل على عدد مقاعد بالبرلمان أقل مما يتناسب مع عدد الأصوات التي حصل عليها بالانتخابات نظرا لتخصيم ممنهج,OBJ
4859,حدث هذا من قبل مع عدد من المتهمين في قضية موقعة الجمل، حيث رفضت الجلوس معهم، و ها هو يحدث الآن مرة أخري,OBJ
4860,لا ما عرفش المشكلة إنك بتتكلم عن حمل السلاح على أساس إنه حاجة بسيطة أنا كنت بمشي لما يحصل ضرب طوب أصلاً تقول لي سلاح؟,POS
4861,قوانين أي مرحلة إنتخابية أهم مليون مرة من المرحلة نفسها بمرشحينها وكل المراحل اللي بعد الثورة إتلعب في أساس قوانينها لتدبير النتيجة #باطل,NEG
4862,ندوة د علاء الأسواني غدا الخميس السابعة مساءً في أتيليه الأسكندرية بالازاريطة >> التفاصيل >> … …,OBJ
4863,كابوس متى ينتهى,NEG
4864,شاهد - آخر كلام: سميح شقير، 'يا حيف',OBJ
4865,65 مديرية أمن إسكندريه متتبعه #سلخانة_الدور_الرابع و محمد فراج كتب بوست عنه هيرحلوه من المنيا لإسكندريه ليعذبوه,OBJ
4866,خبر خاطئ على موقع اليوم السابع بأن الدكتور أبو الفتوح سيجري مناظرة مع أحد مرشحي الرئاسة و ليست هناك أية إتفاقات,OBJ
4867,بيان القوات المسلحة حول الأوضاع الأمنية في سيناء - 5 أغسطس 2013 #السادة_المحترمون …,OBJ
4868,مصطفى جلال كاتب علر جدار زنزانه امن الدوله للذكرى الخالده مصطفى جلال صيدلة المنصوره 2014 #عبث #الحريه_لطلاب_صيدله_المنصوره,OBJ
4869,من أبطأ به عمله لم يُسرعْ به نَسَبُه #رواه_مسلم #الإسل…,OBJ
4870,#المطرية  #انتخبوا_,NEG
4871,دعلاء الأسواني: هل حدث من قبل في نظام ديمقراطي ان سحب شعب الثقة من رئيسه المنتخب ؟! >> …,NEG
4872,الوطن|باسم يوسف ضيف خيمة الوطنشاركونا بالأسئلة المباشرة للمشاركة,OBJ
4873,أهنئ الدكتور أحمد جمال الدين، القيادي بحزب مصر، بمناسبة صدور أولى روايته,POS
4874,ليه يا رب كدة بس يعنى أنا أخلص يوم 18 و أوختي الصغيرة تخلص يوم 8 و الكبيرة تخلص يوم 12 #ليه:,OBJ
4875,#يحيي_قدري:مخطط #الإخوان ب #سيناء يؤكد أنهم خطر على #الدولة قال #حزب_الحركة_الوطنية المصرية إن التقرير الذي,NEG
4876,يعني واحد ما بيعرفش يقرأ أليس من الهراء والعبث أن تأخذ رأيه في كتاب دون أدنى مجهود لشرحه له؟ خاصة لو هيأثر على حياته وحياتي أنا كمان!,NEG
4877,"بعد قليل يلتقى د عمرو خالد مع الإعلامي خالد صلاح علي قناة النهار الفضائية فى برنامج ""أخر النهار"" للحديث عن عن",OBJ
4878,دي سياسة مش روضةاطفال,NEUTRAL
4879,دعلاء الأسوانى ضيف الاعلامي عماد أديب الليلة الثلاثاء في تمام الحادية عشر مساءً على قناة التفاصيل >> …,OBJ
4880,_ع منطق حقير ولا يتبعه سوى الجبناء هذه نفس تقتل عارف يعني ايه؟ يمكن لو أخوك أو أمك كنت تفهم,NEG
4881,! غرد_بطولك #امك_في_كلمتين #تعطل_الانستقرام #جملة_اذا_قلتها_لاتصدقني #منع_تقديم_الشيشة_…,OBJ
4882,تدني بعض الصحف الرسمية والحزبية والخاصة إلى مرتبة الصحافة الصفراء الباحثة عن الفضائح والمزكية لمشاعر الانتقام والثأر,NEG
4883,سينا رجعت كاملة لينا ومصر اليوم في عيد ! #كامب_ديفيد #هيصة,OBJ
4884,لكل #زملكاوى كان بيقول #الزمالك قادم مش هقولك غير #قادم_الساهر,OBJ
4885,ﻻ تحلموا بوطن سعيد فخلف كل #مبارك #مبارك جديد وخلف كل شهيد شهيد جديد فكلهم #حسني_مبارك وكلنا #خالد_سعيد,NEUTRAL
4886,تطبيق القرآن الكريم ساهم بنشره فكم شخص سيقرأ ويختمه؟ولك مثل أجره للأيفون للاندرويد…,OBJ
4887,#انتخبوا_ #الببلاوي القاتل اعترف رسميا بانقلاب العسكر على #الرئيس #مرسي,NEG
4888,#مصر يتبع / ثانيا التهرب الضريبي بيكون عن شيئ أنت لم تفصح عنه و الموضوع محل النزاع أفصحت عنه شركة أوراسكوم في ميزان,OBJ
4889,#أوقفوا_الفحم ياحكومة بقر يا شوية غجر,NEG
4890,أدين بشدة تقديم كل صاحب رأي أو ناشط سياسي للمحاكمات العسكرية علي المجلس العسكري الالتزام بتعهده بعدم إحالة المدنيين لمحاكمات عسكرية,NEG
4891,أضياء رشوان نقيب الصحفيين وعضو لجنة الخمسين لكتابة الخمسين ضيف #يوسف_الحسيني الليلة في #السادة_المحترمون …,OBJ
4892,12 مليون مصرى لم يدفعوا فاتورة الكهرباء الانقلاب ساقط اصبروا وثابروا واحشدوا واهتفوا سلميتنا سلاحنا,NEG
4893,المبادرة جميلة كلفتة من العمل المجتمعي لكن ماذا بعد؟هل سننزل للقبض على المجرمين لان #الشرطة متخاذلة,NEG
4894,"القرآن الكريم مُعَّلق في بيوتنا ولكن لم نشعر أننا هجرناه كما شعرنا أن #الواتساب_معلق ! آخر حالة ظهور للمصحف عند البعض""ر…",NEUTRAL
4895,الاحتلال يصادر هويات طلبة مصاطب العلم في #الأقصى، ويرسلها إلى مراكز التحقيق الخاص به للضغط على الطلبة وعقابهم,OBJ
4896,مستشارا الطرطور مصطفى حجازى واحمد المسلمانى يتعاركان علنيا للفوز باكبر نصيب من تورتة الانقلاب,NEG
4897,من لا يحترم السلام الجمهوري لبلده كيف له ان يكتب دستورها,NEG
4898,70 لا يستطيع ان يجزم احد مدى تعب الحمار سوى الحمار نفسه لذلك أرجو الا تكون متأكد من كلامك,NEG
4899,#الراتب_مايكفي_الحاجة #الاتحاد #الهلال #النصر #الاهلي #مرسي #السعودية افضل الاسعار هنا تفضل 6,OBJ
4900,أتحدث على أون تي في بعد قليل,OBJ
4901,اعداد كبيرة من الامن بزي مدني خلف الصف الاول للأمن المركزي عند ناصية مجلس الشعب #الداخلية_بلطجية,NEG
4902,حد يعرف رئيس الاركان الجديد من اي فرع في القوات المسلحة؟ مشاة ، مدفعية، الخ؟,OBJ
4903,الى من يعتبر الاخوان سلميين شاهد الان ضحايا اعتداءات الاخوان الوحشية على الابرياء في بين السرايات مع الاستاذ وائل الابراشي اخوان مجرمون,NEG
4904,#اخبار_مصر اليوم : #مختار_نوح: المواطنون بالقرى سيصوتون #_ #عبد_الفتاح_السيسى #حمدين_صباحى #اخبار,OBJ
4905,اكثر بلد ينسّب بفلوسه ومن محطات واعلاميين محسوبين عليه هو #موزمبيق,OBJ
4906,قرأت عن مواجهة شعب الارجنتين لارتفاع اسعار البيض وتعلمت الكثير وادعوكم لمقاطعة اى سلعة يرتفع ثمنها شكرا اسرة كلنا د/ علاء صادق,OBJ
4907,"مبلم من أصل عربي يعني ""متورم الشفتين"" وبعدين بقت تستخدم بمعنى ""مبوّز"" أو ""سرحان ومكشر"" #أصل_كلمة_مصرية #لغ…",OBJ
4908,شباب حزب الوسط حاجة تفرح بجد الله يخرب بيتك يامبارك لو شباب البلد دي كان اشتغل سياسة براحته من زمان ماكانش ده حالنا,NEUTRAL
4909,نريد مصر دولة مدنية بمرجعية اسلامية,OBJ
4910,السادة الأفاضل بجريدة المصري اليوم عن الخبر المنشور حول إلغاء ندوة لي بنادي الشمس للدعاية الانتخابية الخبر غير صحيح,POS
4911,#اوعى_تنسى # (,OBJ
4912,يا ستي بس يتعمل و نشوف,OBJ
4913,مسلسل الموسم كامل 2013 #غموض #جريمه مشاهده #سينما #افلام #عالم_سكر # #,OBJ
4914,لا أعرف لم يعرضون المبالغ على الطفل #فيصل_الغامدي لإغراءه ببيع هدية #الملك ألا يدركوا أنها لا تباع ولا ترد خاصة أنها جاءت من والد الجميع,NEG
4915,هو ليه احنا لسه محتفظين بصورهم رغم ان كل واحد شاف حياته #ليه !,OBJ
4916,:) #مصطفى_حسني ^__^,POS
4917,#تركيا #اسطنبول #تاريخ #تصويري #غرد_بصورة #المصورون_العرب #مارس #ابي_اسافر #انستا #انستغرام #انستقرام…,OBJ
4918,": #تعطل_الواتساب #توقف_الواتساب #الواتساب_معلق تأملو هكذا """,OBJ
4919,الوطن | من غريب الألفاظ مفقوسة! | عمرو حمزاوي:,OBJ
4920,2 وقوى وطنية توقع على وثيقة الأزهر المتوازنة لنبذ العنف فيزايد عليها بعض جمهورها وفورا يبدأ بعض قياداتها بمكيافيلية في التنصل من الوثيقة,NEUTRAL
4921,#تفجير عبوة ناسفة على همر للجيش #الصفوي في منطقة #بادوش #الدولة_الإسلامية_في_العراق_والشام …,OBJ
4922,حكمة الأسبوع: لكي يصدقك الناس عندما تشكو من إرث الإخفاقات الهائلة التي تركها لك النظام السابق لا ترث عن نفس النظام سياساته الفاشلة,NEG
4923,بعدما تجاوزت الصفحة حاجز الـ 50 الف ما الذي تود ان تراه عليها ؟؟,OBJ
4924,عاجل: طارق المومني نقيباً للصحفيين #الأردن نقابة_الصحفيين,OBJ
4925,"شاهد - آخر كلام: في بيتنا ""جاسوس"" تجسس الدولة على المصريين #",OBJ
4926,#شبشب_ابوصباع الشبشب كان مضبوط بس الصباع كان كبير شوية,OBJ
4927,طلب الالتحاق بالبرنامج باللغة العربية,OBJ
4928,طلع ايسكو و #نزل_صلاح #ليلة_الابطال,OBJ
4929,782 _ _ _ و انتي طيبة يا حنان و كل الناس بخير :),NEG
4930,جبهة الانقاذ تقترح حل وسط فى #انتخابات #الرئاسة #حمدين ( #صباحى ) و #السيسى ( #مسائى ) و أسبوع و أسبوع :) #,OBJ
4931,صداقات الشعب كلها أتفشختالثورة ثم الاستفتاء ثم الانتخابات ثم مرسي ثم تلاتين ستة و ما بعدها كام صديق خسرته؟,OBJ
4932,فضيحه تانيه أنا لسه ماسك ف مستشفي راس سدر وعرفت ان تم أخذ من الدوله حدود ١٥١ مليون جنيه لم يتم صرف ٦٠٪ منها,NEG
4933,#جبهة ثوار سوريا القنيطرة // كودنة 26 / 4 / 2014 تم #تحرير #تل_الأحمر_الشرقي الله اكبر والحمد لله #مجاهد,OBJ
4934,تانى تقنين للبلطجية مجلس الوزراء يقرر وضع حد أدنى وحد أقصي للمكافأت وانشاء صندوق اجتماعى ومعاشات وتأمين صحى,OBJ
4935,و فوجئنا بالخبر منشورا في وسائل الاعلام وسنتوجه غدا الاحد الموافق 31 مارس الساعة التاسعة و النصف صباحا الى مكتب النائب العام لحضور التحقيق,OBJ
4936,البيت الأبيض يعلن أن قطر والإمارات وقعوا بيان التحرك العسكري ضد سوريا #السادة_المحترمون …,OBJ
4937,عرض الاسبوع 40 ألف متابع #شوارعنا #فن_تتقنه_النساء #ذلك_الشخص #شي_ودك_تجربه #بوح #درر #عجبني #حلو #مكه [2084828],OBJ
4938,حظر 6 إبريل و الحكم بإحالة أوراق بديع للمرشد خبطتين في لية #حمدين,OBJ
4939,شاهد - أنباء عن وفاة ضابط أمن الدولة المقبوض عليه #22 # #,OBJ
4940,طبعا إستفتاء مارس كان أكثر شرفا من إستفتاء الإخوان على الأقل أشرف عليه قضاء حقيقي وكانت الإنتهاكات فيه لا تقارن بإستفتاء الإخوان,NEUTRAL
4941,"أد محمد عثمان #الخشت يكتب #للوطن ""#الإسلام والسينما وحريه #الابداع (1-3) "" فى وسط حالة التراجع العام فى",OBJ
4942,بلد بنت وسخة #المنصورة,NEG
4943,")"" ههههه على خيرة الله",OBJ
4944,صورة لميدان #التحرير قبل وصول المسيرات الساعة 5م,OBJ
4945,و لا #سيسي و لا #حمدين هاتو اخواتنا من #الزنازين,OBJ
4946,دمعة فتاة تنتظر الفرج #جمعية_زمزم #كن_سباقا_لعلاج_المرضى_الفقراء #العريفي #رمضان #رتويت #القرآن …,OBJ
4947,اتوقع الفرق الثلاثه إلي تأهلت هم أقوى الفرق في الدوري السعودي مافيه افرقه تنافسهم في بطولاتهم #النصر_الشباب #الهلال,OBJ
4948,لو انت متخيل انك حتبوظ كل البناء اللي انا بعمله،أنا آسف،اطلع بره #السادة_المحترمون …,OBJ
4949,أتمنى على الجميع التعقل والعودة سريعا إلى التنسيق الانتخابي والعمل على إنجاحه,OBJ
4950,زيارة د أبو الفتوح لكنيسة السيدة العذراء بالأقصر من الأرشيف,OBJ
4951,عجيب جداً شاهد ماذا يحدث مباشره مؤشر من قوقل يبين لك ماذا تكتب الناس في محرك البحث في بلدك الآن من…,OBJ
4952,"الدكتور/ جلال أمين يكتب مقالا ً نقدياً عن رواية الأسواني ""نادي السيارت"" في المصري اليوم على هذا الرابط >> الأدمن",OBJ
4953,الى كل صحفي صمتك مؤسف امام قتل زميل واعتقال اخر واهانة ثالث ومنع رابع من الكتابة دورك قادم,NEG
4954,لاحظت المصادر تقدم واضح في أسلحة الجهاديين في سيناء واستخدام مضادات للطائرات والمدرعات استخدمت في مواجهة الجيش ومواطني المد…,POS
4955,#نبض_رابعة | #ضد_الانقلاب |#حاميها_حراميها | #اوعى_تنسى #مكملين,OBJ
4956,شاهد - آخر كلام: إضراب العاملين بمصلحة الطب الشرعي #,OBJ
4957,#اجمل #شروق #عالم #اخر #صباح_الجوري,OBJ
4958,وعلي رأي #ام_سندس يا تعيش #مصطفى_بكرى يا تموت #سيد_وزة,OBJ
4959,"حزب ""العدل"" يطالب بتأجيل الانتخابات التشريعية لحين استقرار الأوضاع الأمنية # #25 #",OBJ
4960,من تكريم الله للمرأة أن خصها بالذكر في كتابه وجعلها أول من سَعى،وأول من أسلم،وأول شهيدة وكلها أولويات رفعت من قدرها و شأنها,POS
4961,_4: #هلا_فبراير #اليسا على روتانا مصريه :) الواحد كان مخنوق و فرفش :-* ;-),POS
4962,دعبد المنعم ابو الفتوح يتحدث عن ذكرياته لواقعة المشادة الكلامية بينه وبين الرئيس السادات,NEG
4963,ما تبصش ع نص الكباية الفاضى ولا حتى تبص ع نص الكباية المليان هات شوية مية تانية واملاها #عمرو_سلامة,OBJ
4964,عن الحرية إن الحرية هي أن تحيا عبدًا لله بكلية لا حسب قوانين طغاة و تشريعات وثنية,OBJ
4965,تجار الدين يكذبون ويعتدون ويتواطئون ويزورون الاستفتاء ثم يقيمون الصلاة انفصال كامل بين العقيدة والسلوك يستدعي التأمل ويحتاج الى علاج نفسي,NEG
4966,أثار تخريب كنيسة مارجرجس وحرق بيوت الأقباط بقرية دلجا بعد اعتداء الإخوان #السادة_المحترمون …,NEG
4967,حلقة الغش ممنوع معايا اللي إتذاعت النهارده لسه واصلاني لو في حد يحب يتفرج عليها سلام عليكم,OBJ
4968,#المجد_للمبتسمين_صباحا,POS
4969,أنا سعيد إنك سألتني عن الشاحن,OBJ
4970,عصام-سلطان و الغوغائيون,OBJ
4971,#نبض_رابعة | #شبرا الخيمة تواصل انتفاضتها ضد حكم العسكر انطلقت مسيرة حاشدة بعد صلاة العشاء من أمام مسجد الهوانم,OBJ
4972,الليل طويل فلا تقصره بمنامك ، والنهار قصير فاغتنمه بأعمالك قم وشارك واصنع الحياة,OBJ
4973,اتقي ربنا فيا بزياده حس بيا لوزير #التربيه_والتعليم #ثانوية_عامة,OBJ
4974,الأغنياء ليسوا فقط هم أصحاب الأموال فهناك من هو غني بحب الناس له وهناك من هو غني بأهله و أصحابه,OBJ
4975,"سي إن إن :"" جيب بوش مقابل هيلاري كلينتون في مواجهة على الرئاسة"" عايلة بوش و كلينتون صايرين كأنهم آل سعود والرشيد :)) #ديموقراطية",OBJ
4976,#ذات_مومنت لما الكهرباء تقطع وانت لسه شاحن التابلت عادي بقي اقطع براحتك,OBJ
4977,رابط قراءة وتحميل المعصرة عدد اليوم: إذا لم تتمرد فما الفرق بينك وبين دكر البط مع فقرات قلمين ورسوم الرائع عمرو سليم,OBJ
4978,الأربعاء 14 سبتمبر : د عبد المنعم أبو الفتوح فى الميدان 10 مساء,OBJ
4979,مبارك يوم 24 يناير كان أقوى بكثير من مرسي الان الشعب اسقطه ووضعه في السجنلا تغتروا ببلطجتكم فنهايتكم اقتربتمصر اكبر بكثير من سيدكم المرشد,NEUTRAL
4980,مرسي سمع تهديد البلاك بلوك باقتحام القصر من هنا وقام معلي سور القصر بالطوب الأحمر فين فتحة الصدر يا سجين القصر,NEG
4981,بالنسبة للناس الي بتقول انها #هتحبك_لو ضحكتها وهي بتعيط حضرتك انا مش هسيبها تعيط أصلاً,NEUTRAL
4982,الأمريكان والبحث في ملفات الحكومة #غرد_بمعلومة,OBJ
4983,رؤساء التحرير | #عاجل| انفجار قنبلة بدائية الصنع بمنطقة #الطالبية في شارع #الهرم (المصدر : #الوطن),OBJ
4984,بعد قليل تبدأ ندوة دكتور علاء الأسواني والتي يقيمها في مركز شبابيك بالمقطم والدعوة عامةالادمن >التفاصيل>,OBJ
4985,يقبض انصار الاسلام السياسي أموالا مجهولة المصدر ثم يشترون بها الأصوات وعندما ينتقدهم احد يفتحون عليه صفيحة قمامة شتائم يعنى دجل وقلة أدب,NEG
4986,#محمد_طلبة_رضوان يكتب لــ #مصر_العربية | يومًا ما سنحاكم السيسي على هذه الجرائم,OBJ
4987,دليل المراسل الصحفي - وكالة رويترز,OBJ
4988,اطالب بعزل شفيق ومحاكمته ثم عمل انتخابات نظيفة او التحقيق في التزوير واستبعاد الأصوات الباطلة والإعادة بين الثاني والثالث او مقاطعة المهزلة,NEG
4989,هذا الدستور غير دستوري #المادة_لاولى,OBJ
4990,كلمة د عبد المنعم أبو الفتوح فى ندوة سمعنا صوتك,OBJ
4991,المرشح الرئاسي #عبدالفتاح_السيسي يستقبل وفدا من المستثمرين السياحيين ورجال الأعمالللتعرف على كيفية استغلال التراث الحضاري #المصري #,OBJ
4992,ضمن فعاليات حملة محو الأمية و فى جولته الثانية بمحافظات مصر يلقى الان د عمرو خالد محاضرة بقرية القطاوية بمركز,OBJ
4993,الرئيس عدلي منصور تتوافر فيه صفات القائد المناسب للفترة الحالية …,OBJ
4994,قل لا للدستور تنقذ مصر من العنصرية والدسكتاتورية والتقسيم,NEG
4995,#الزملكاوية_بيعملوا_فولو_لبعض,OBJ
4996,كل اناء ينضح بما فيه، عن حمله #السيسي و #حازم_عبد_العظيم اتحدث,NEUTRAL
4997,اعتصام طلاب معهد التكنولوجيا العالى خطوة لم يضع لها الانقلاب حسابا لن يجدوا لها علاجا الا بالعنف والقمع,OBJ
4998,#وانا_صغير_كنت دايم أسوي زي كذا ☺️,POS
4999,شاهد - يوسف الحسيني يخرج عن السياسة ويتحدث على الهواء مع ألبرت شفيق عن زميله في العمل …,OBJ
5000,ما حدث مع المعتصمين يتحمل مسؤليته المجلس العسكري أين دور رئيس الوزراء في ضوء الصلاحيات الكاملة الممنوحة له #,NEUTRAL
5001,برنامج الحياة الآن - 20-4-2014 - الجزء الثاني مع نوران سلام - #2_ #الحياة,OBJ
5002,الوطن | ليرحل سفير الأسد من القاهرة | عمرو حمزاوي,OBJ
5003,التحريض و خطاب الكراهية و المتاجرة بالدين ليست حرية رأي بل جريمة يدفع الوطن ثمنها في الشارع الآن هذه قنوات فتنة و ليست دينية,NEG
5004,"#يوسف_الحسيني بالفيديو يفضح كذب قناة الجزيرة ويكشف تمثيل الاخوان دور الموتى!! """,NEG
5005,مش كده برضه حيث كده خد دي لحد ما أشوفك على خيرصباح الفل,POS
5006,شاهد - آخر كلام: هيئة الدفاع عن حقوق شهداء ومصابي الثورة #25,OBJ
5007,#هتحبك_لو صحتها من النوم علشان تقولها بحبك ;),POS
5008,شاهد - آخر كلام: فض اعتصام التحرير بالقوة في أول أيام رمضان والاعتداء على المعتصمين وأهالي الشهداء #,OBJ
5009,#غرد_بصورة !♧,OBJ
5010,"الجزء الاول من الحلقة الاولى ""عودة الابن الضال""",OBJ
5011,اغرب ما يحدث ان تنتقد أشخاصا ينتمون الى الاسلام السياسي فيعاجلونك باتهام رهيب انك ضد الاسلام كيف ولماذا يحس انسان بانه هو الاسلام,NEG
5012,كنت أفضل أن يأتى مجلس رئاسي مدنى من جهات قضائية ولكن تم الاستفتاء ولن نعود مرة اخرى للنقطة صفر ويجب أن تتم الانتخابات وتسلم السلطة,NEUTRAL
5013,حد عارف إذا مسكوا المجرمين اللي كانوا بيضربوا المتظاهرين بالرصاص من داخل معبد إرشاد الإخوان المسلحين؟,OBJ
5014,"أبرز عناوين #الصحف ""#الإسرائيلية"" صباح يوم الاثنين",OBJ
5015,"تأجيل محاكمة 77 من رافضي الانقلاب فى ""أحداث رمسيس "" إلى 5 مايو #مرسي #مصر",OBJ
5016,رحم الله السيد منصور حسن ، غفر الله له وألهم أسرته الصبر والسلوان,POS
5017,هل ألتقت #زينة و #أحمد_عز وتمت المصالحة؟,OBJ
5018,تعقيبا على تشكيل الجمعية التأسيسية للدستور,OBJ
5019,1 7 _25 من يظن أن هناك أى شخص أو مجموعة قادر على تحريك 30 مليون مصري فهو أما ساذج أو واهم شعبنا جبار,NEUTRAL
5020,الوطن | الحوار المجتمعى حول الدستور | عمرو حمزاوي:,OBJ
5021,#السيسي جاب #كريمه_الحفناوي و اخريات اتصور معاهم #انتخبوا_ابن_الصهيونية #__,NEG
5022,محاولة موضوعية لفهم قرار الدستورية بحق تصويت الجيش والشرطة,OBJ
5023,#هل_حياة_سندي_عالمة اي واحد عنده لغه انقليزية يعرف تماما حجمها الطبيعي وحتى انها لم تنشر اي بحث بصفتها باحث رئيسي #ا…,OBJ
5024,ﻭﺍﻗﻮلك ﺍﻳﻪ ﻃﺮﻳﻖ ﺍﻟﻜﺮﻩ ﺍﺧﺮﺗﻪ ﺍﻳـﻪ ﻭﻫﻲ ﻗﻠﻮﺑﻨﺎ ﻣﺎﺗﺖ ﻟﻴﻪ ﻟﻔﻴﻦ ﻫﻨﺮﻭﺡ ﻣﺎ ﺑﻴﻨﺎ ﺷـﻴﻄﺎﻥ ﺍﻣﻠﻨﺎ ﻳﺎﻭﻃﻦ ﺧﻠﺼﺎﻥ ﻣﺤﺪﺵ ﻓﻴﻨﺎ ﻣﺶ ﺧﺴﺮﺍﻥ ﻭﻻ ﻣﺠ…,NEG
5025,عايزه اعمل مجتمع ربعاوى بعيد عن الفلول و اللى عايزهم #فلول # شعب بلا اخلاق #ستحاسبووون,NEG
5026,هاخد كورسات #كورى فالصيف ان شاءالله ^_^,OBJ
5027,بابا الازهر دعا لقتال معارضى الانقلابى وكشف جهله بالقرأن الى اقصى درجة تشعر بجهله فى حديثه عن الجزية اخر لخبطة,NEG
5028,#ناجي_البغوري يعودهذه نتائج انتخابات #نقابة_الصحفيين,OBJ
5029,انا محنيش جبيني غير لرب الخلق ، ولا بالحرق ولا بالشنق أموت والجنه عنواني الله يرحمك #جيكا,NEUTRAL
5030,"اعطينا اشارة البدء لـ30 يونيو ""واللى ايدة تتمد على سيدو تتقطع ايده "" #القاهرة_عاصمة_الثورة #صحوهم",OBJ
5031,"غالياني :"" في المقابل سيدورف لم يصرح بأي شيء خاطئ لذلك القضيه مغلقه "" #ميلان",OBJ
5032,الي متي هذا الأنقلاب هل تتوقع نهاية الأنقلاب في 30/6 1-نعم 2-لا 3-لا اعلم شارك في #الإستفتاء #عمرو_ميرو || #الفريق_الأعلامي,OBJ
5033,وأرض المعتقل لما هتفضى أكيد حتدعيلكم #محمد_محسن,OBJ
5034,48 نظرة برجماتية يمكن الليما عندوش قلب يفهم من بطنه,NEG
5035,رابطة صناع الطغاة مقال اليوم وما أشبه الأمس بالبارحة,OBJ
5036,لجنة فاروق أبوزيد مثال صارخ لنظام يقوم على وأد الحريات سنكسر حاجز الخوف #,NEG
5037,١ كل قادة الانقلاب والحكومة والداخلية والاعلام الذين اتهموا الاخوان باستخدام الدين هم أكثر الناس استخداما له،,NEG
5038,على سبيل #السعاده انا صديق مجدى,POS
5039,حرية التعبير لا تتضمن التحريض على العنف و الفتنة الطائفية بل هو خطاب كراهية,NEG
5040,الذين يتسابقون لتلبيس مرشد الاخوان الحذاء عليهم ان يدركوا انهم يهدرون كرامتهم قبل ان يتحدثوا عن الثورة ما يفعله الشاطر بكم لن يفعله بنا,NEG
5041,شاهد ملخص لمسات #محمد_صلاح امام #ليفربول,OBJ
5042,ممحمد محمود أحمد - رئيس الهيئة المركزية للمشروعات بهيئة سكك حديد مصر #السادة_المحترمون …,OBJ
5043,#فيفي_عبده : الراقصة محترمة جداً ، و أنا قدوة ليش ما أكون قدوة :) #الحكم لا تعليييق !!!,POS
5044,من داخل غرفة التحكم,OBJ
5045,أنا عايز أقول اني بحبك من زماااااااااااااااااااان جدا #محمد_محسن,OBJ
5046,شاهد - آخر كلام : جرجا في سوهاج - لندن في انجلترا - ثورة سوريا #,OBJ
5047,محلل يطالب بالقبض على السعوديين بأمريكا وقتلهم ##العراق #الدمام #الاردن #فلسطين #الاحساء المغرب #,OBJ
5048,1 عاجل القبض على الاخوانى الذى كان يطلق خرطوش على معتصمين التحرير,OBJ
5049,بعض #الأشكال_الوسخة ف #المرج لما تشوفها تحس انها هربت م الرشاح قبل ما يتردم!,NEG
5050,7 يعني الأول يجي # يخطف الرئيس وبعدين يدي راقصة #الأم_المثالية وبعدين #نكاح_الكاراتيه ودلوقت بطولة #شباب_يمص شيشة وبعدين؟,NEG
5051,اشتري و #تملك شقتك الان في #بورصه #تركيا #ريتويت #ريتويت__للمزيد #ريتويت_للجادين_فقط,OBJ
5052,"اللهم مع تساقط كل حبه من حبات المطر ارحم #يوسف واغفر واعفو عنه ي اكرم الأكرمين "" #اللهم_ارحم_اخي_يوسف_وسكنه_فسيح_جناتك",OBJ
5053,د أحمد البرعي وزير التضامن الاجتماعي ضيف #يوسف_الحسيني في #السادة_المحترمون,OBJ
5054,فى كدة كام حاجة بنقول عليها #اسلوب_حياة =,OBJ
5055,هاتفيا حمدين صباحي مؤسس التيار الشعبي #السادة_المحترمون,OBJ
5056,عرض الاسبوع 40 ألف متابع #شوارعنا #فن_تتقنه_النساء #ذلك_الشخص #شي_ودك_تجربه #بوح #درر #عجبني #حلو #مكه [2050142],OBJ
5057,"زيارة لإعتصام رابعة ، شهادة مهمة جداً ولازم تقروها كاملة "" انصح بقراءته",OBJ
5058,كوز درة مشوي مكمورة في الغيط وعبد الحليم بيغني جانا الهوى #,NEG
5059,2 الله يبارك فيك يابو حميد عقبالك يا مخرج يا جامد,OBJ
5060,#مصطفى_حسني قد ايه أنا كلامك بيأثر فيا والله :'),OBJ
5061,__ حاضر حنسكت و مش حنقربله بنقد او سخرية عشان هو الاغلبيةحاكون امعة و امشي مع الرايجة حاضر,NEG
5062,ما يصدر عني أقوله هنا مباشرة أو عن طريق رابط أمدكم به هنا غير ذلك ليس مني و لا أنا منه,OBJ
5063,مع حفظ الألقاب، منى الطحاوي وسامح موريس وخالد حنفي ومحمد العدل وبسمة ونادر السيد ومصطفى سعيد في آخر كلام 11م,OBJ
5064,#المملكة #جدة #الرياض #الدمام #الخبر #ينبع #الشرقية #مكة #المدينة_المنورة #السعودية 7 #1فاضي #تبوك,OBJ
5065,"مين جاي مؤتمر بكره؟ "": مؤتمر الدفاع عن الدستور يستعرض المؤتمر آخر مستجدات وتطورات عملية وضع الدستور وتبعاتها """,OBJ
5066,شاهد - آخر كلام: عام على مذبحة ماسبيرو أين الجناة #,OBJ
5067,"دعمرو حمزاوي غداً في برنامج"" كلام مصري "" الساعة 8 مساءً على قناة يناقش فكرة الرئيس التوافقي",OBJ
5068,البلد بتغلي والاسعار نار ودماء الشهداء لا تزال ساخنة والانقلابيون بييعملوا دستورهم ابرد خلق الله,NEG
5069,ياريت لو حد شاف الكتاب ده في أي مكتبة يبلغني وله الأجر والثواب,OBJ
5070,مصر التي تسجن ابو إسماعيل وتعلي شأن الهام شاهين {طارئة},NEG
5071,لا أكيد قفل النهارده عشان القلقبتوع الفرشات الصيني شغالين أربعة وعشرين ساعة ولو جاله كرامب هيلاقي اللي يعالجه برضه,OBJ
5072,د أبو الفتوح : مشروعي يتركز في أربعة محاور، أولها الاهتمام بالتعليم والبحث العلمي لان هذا هو الباب للتقدم ونقل,NEG
5073,الله يخربيتك يا سيسي الكهربا قطعت هوبا فلول ستايل #انتخبوا_ #مرسي_رئيسي,NEG
5074,سقوط الانقلاب وشيك لكن انصاره سقطوا فعلا فى عيون كل الاحرار,NEG
5075,رابط تحميل وقراءة المعصرة عدد اليوم: أضغاث فكرية مسامرات صيفية هلاوس بصرية كوابيس مرئية مع فقرات قلمين وسفاسف الأمور,OBJ
5076,يرفض نسب هجوم سيناء ضد خلية إرهابية إلى إسرائيل,NEG
5077,باقي اقل من الف صوت على المركز الاول,OBJ
5078,أعجبني فيديو من #توفيق_عكاشة يتوعد بهجوم الجيش,OBJ
5079,الجيل الحالي مثقف ومتفتح ويحسن فهم الناس #السادة_المحترمون,POS
5080,يمكنكم متابعة البث الحي عبر,OBJ
5081,اقبال المصريين على التصويت فى الانتخابات ضمانة لبرلمان يعبر عن الشعب ، وانتخاب ممثلين لشباب الثورة ضمانة لبرلمان يستكمل مهام ثورتنا,POS
5082,678 ماحدش يجبرك على حاجة روحي الفيلم الكويس وقاطعي الوحش,NEUTRAL
5083,دعلاء الأسواني: ما هو المنطق الذى يعطى الشعب الحق في سحب الثقة من أى رئيس منتخب ؟! >>,OBJ
5084,اﻻمنجي #عمرو_اديب و المحامي اﻻمنجي #خالد_ابو_بكر بيروجوا لغلق المحلات من 8 مساءا و رفضوا ان #هشام_قنديل يقفل المحلات 10 …,NEUTRAL
5085,الإرهاب نهايته 'مزبلة التاريخ',NEG
5086,6 لايك من السعودية و5 ديسلايك اللايك يكسب أيوة كدة يا جدعان السعودية (),OBJ
5087,دعمرو حمزاوى يستمر فى تعليق الحملة الانتخابية اليوم أيضا ويتضامن معه الناشط السياسى جورح إسحق والذى علق كذلك حملته,OBJ
5088,1540 _ خليك وانت قاعد في الكويت كده ابحث عشوائياً على تفسير يحافظ على مكسبك واستدل بأي حاجة عشان تبرر جريمة قتل,OBJ
5089,الاهلى لم ينفذ هجمه منظمه طوال المباراه ونزول #جدو بدلا من #مانجه كأس الإتحاد الأفريقي الشوط الثانى الدفاع,OBJ
5090,إياكم و المكر السيئ - معنى هام جداً نحتاجه فى هذه الأيام,NEUTRAL
5091,ملتقى الوسط الشهري- بلال فضل ضيفا 2/10 الساعة 8 فى ساقية الصاوي - قاعة الكلمة # _ _,OBJ
5092,تامر، شوف رواية 'باب الخروج' من ص ١٧٨ وطالع وقولّنا رأيك في أناركية مصر ٢٠١٣ كما يتخيلها,OBJ
5093,عدت من الاسماعلية منذ قليل بعد يوم حافل ختمته بمؤتمر جماهيري دفء مشاعر أهل الاسماعلية هون برودة الجو #,POS
5094,السيسي قال للأمريكان ان المصريين كانوا يساقون عنوه للمساجد,NEG
5095,ان ﻛﻧت ﻣﺎﭠﺑﻳﻧي لآﭠﺟﺎﻣﻟﻧي خلک قدهٱ ﻗۈل ﻣﺎﺑيک وﺎنا ﺎوعدک #ﺎرﺣل,NEUTRAL
5096,صور العقود وقد وضع رابط أدناها لتكبيرها كما يلاحظ ان هذه أصول وليست صور ضوئية بالنظر الى ختم النسر الأزرق,OBJ
5097,لا يمكن تجاهل التاريخ الدستوري والقول بإنشاء دستور من العدم / خارطة الطريق ومستقبل مصر # #,NEUTRAL
5098,الشعب ما نزلش علشان تحصل فتنة طائفية غريبة ان امريكا مش بتتكلم عن اضطهاد الأقباط في …,NEUTRAL
5099,7 تواصلوا مع صفحه الحزب للتنسيق و سنرغب بالمساعده,OBJ
5100,استقبال حافل للحاضرين في مركز شباب قويسنا,OBJ
5101,عاد إلى مصر خطاب دعائي تحريضي ينتمي إلى مرحلة الستينيات مصر تعود للوراء حتى رئيس الحكومة لا يتوقف عن تمجيد السيسي وهو مجرد …,NEG
5102,دا مش طلب دا امر #رجعوا_الجماهير,OBJ
5103,اختيارلجنة المائة يجب أن يتم وفق معايير واضحة تراعي تمثيل كافة قطاعات المجتمع من رجال نساء عمال فلاحين مسلمين مسيحين وأهلنا في سيناء والنوبة,NEUTRAL
5104,لن نسمح أن يزج بنا فى حرب أخرى وتدخلنا بـ #سوريا و #أوكرانيا من أجل الحل السلمي#أميركا #العرب,NEG
5105,إآبني آلمستقبلي ^_^ تشرب #حشيش عآإدي = تصآإحب بنآإأإأت شغآل $$ = تضرب ابوكـ ومآالو :$ = = بس تطلع #زملكاوى هولع في أبوكــــــــــ -_-,NEUTRAL
5106,صوتك للإخوان معناه الفقر يزيد لأنهم لازم يحافظوا عليه ويرعوه وكده قزازة الزيت وكيس السكر يلم أصوات الغلابة وينجحهم,NEG
5107,حان وقت الخروج الآمن آخر فرصة,OBJ
5108,حياتك اختياراتك,OBJ
5109,إنها المرجعية الاسلامية العظيمة، التى تحتاج إلى من يبحث فيها، ويستخرج كنوزها، ويعمل بمقتضاها، أما الأشخاص، فهم زائلون، والمرجعية باقية,OBJ
5110,#كتاب عن #كامب_ديفيد لازم نقرأه #عشان_نفهم #تويت_كأنك_ناشط_ايام_حرب_اكتوبر,OBJ
5111,معالم أندلسية - مسجد قرطبة تم بناء هذا الجامع خلال قرنين ونصف قرن تقريبا، و يرجع تأسيس المسجد إلى سنة (92 هـ),OBJ
5112,اللهم اشغلني بما خلقتني له ولا تشغلني بما خلقته لي,OBJ
5113,لن يهزم جنرالات #مصر قناة #الجزيرة #السيسي #حكم_العسكر #الانقلاب_العس…,OBJ
5114,#مصطفى_محمود ربنا يرحمه ويغفرله,OBJ
5115,"#أخبار_مصر #اخبار #مصر | #عاجل| #انفجار قنبلة بدائية الصنع بمنطقة #الطالبية في شارع #الهرم انفجرت قنبلة بدائية """,OBJ
5116,1968 فيما يخص الجانب الفقهي يمكنك سؤال الازهر ودار الافتاء,NEUTRAL
5117,ولي ولي العهد!! معالي وزير الوزارتين!! #عشنا_وشفنا,NEG
5118,الميديا تو داى #اقتباسات في النهاية لن نذكر كلمات أعدائنا، بل صمت أصدقائنا #مارتن_لوثر_كنج,OBJ
5119,إدارة مكتبة اسكندرية الوسخة فصلت #عمر_حاذق المعتقل في مظاهرات محاكمة قتلة #خالد_سعيد #الحرية_للجدعان,NEG
5120,لسان العرب بين الألسنة كزمن الربيع بين الأزمنة #اليوم_العالمي_للغة_العربية,POS
5121,علاء الأسواني : من يقبل بانتخابات مجلس الشعب يساعد الإخوان على تغطية جرائمهم >>,NEG
5122,ياقوة الله ياقوة الشعب,POS
5123,ساعات عينك بتجبرك انها تيجي قدام عيون ناس تانيه متعرفهاش وقتها كل واحد بيسحب عينه و بيمد و يجري عشان يداريها #احساس_غريب,NEUTRAL
5124,عن #الفرح #اللمة #الخروج #ضحك_السنين #الغني #التصوير #اللف_بالعربيه #الشارع #للصبح #الخبرة #عمر_المسخرة #الانبساط يوم فشيخ,POS
5125,لحماية اسرائيل الجيش المصري الان يتكبد خسائر في هيبته امام العالم في الحرب على ابناء شعبه في سيناء ! #مصر,OBJ
5126,#رونالدو يسعى للانفراد برقم قياسي جديد في دوري الأبطال #إمارات_سبورت,OBJ
5127,_ ومش بعيد خالص تكون الشئون المعنوية هي اللي باعتاه من الأساس وهم بغبائهم المعتاد وقعوا في المصيدة دون تردد هيموتوا بغبائهم!,NEG
5128,#الاخوان عرفوا غلطهم و هينضموا لصفوف الثوار و وحدة وطنية و توحيد مطالب و مجلس رئاسى و حكومة البرادعى,OBJ
5129,"مقتل ثلاثة وإصابة 12 في اشتباك مع الجيش بـ""القرصاية""",OBJ
5130,#أخبار_حصري | #أثيوبيا تتحدى #مصر في تصريحات شديدة اللهجة,OBJ
5131,وقد يطول بكم مدى هذا الإمتحان !! فهل أنتم مستعدون أن تكونوا من أنصار الله؟؟ 9⃣ #حسن_البنا #الإخوان_المسلمين,OBJ
5132,ﺛﻮﺍﺭ #ﻋﻴﻦ_ﺷﻤﺲ ﻓﺎﻋﻠﻴﺘﻨﺎ ﺍﻟﻘﺎﺩﻣة غدا 21ﺍﺑﺮﻳﻞ ﺑﻌﺪ ﺍﻟﻌﺼﺮ على رجالنا ﺍﻻ‌ﺳﺘﻌﺪﺍﺩ ﻭ ﺍﻟﺘﺠﻬﻴﺰ ليوم غد #ﻣﻜﻤﻠﻴﻦ  ﻭ ﻻ‌ ﻧﺨﺶ ﺇﻻ‌ ﺍﻟﻠﻪ #25_ابريل #25_يناير,OBJ
5133,قلبوا الدنيا بعد سحل حماده فى زمن مرسي وصمتوا امام قتل معتقلين بالسجون تعذيبا وبعربة ترحيل,NEG
5134,حفيد السلطان عبدالحميد مرشح للبرلمان التركي القادم ، بشعار رابعة تحية لك #مرسى_رئيسى #تركيا #كلنا_قطر,POS
5135,إيه اللي يعنينا بقى البني آدم المصري #السادة_المحترمون,OBJ
5136,لكن أنا مبسوط إنه في احتفال 6 أكتوبر اختفت الشرعية الحربية العسكرية للحكم وحل محلها رئيس مش عسكري جاي بعد معركة,OBJ
5137,يوسف الحسيني ينعي شهيد الشرطة المقدم أحمد محمود جلال مروان #يوسف_الحسيني #السادة_ال…,OBJ
5138,#يوسف_الحسيني حزب النور كل اللى بيشغل باله الكوارع وعفشة الإنسان #السادة_المحترمون …,OBJ
5139,إلى هذا #الوطن_انتمي #فلسطين,OBJ
5140,اليوم السابع | مدير #مرور #البحيرة: جارى تركيب كاميرات مراقبة بشوارع #دمنهور,OBJ
5141,#دعوة_الصائم_لاترد اللهم اني اسألك الجنه وما يقربني إليها من قولاً او فعلاً او عمل,OBJ
5142,"يستعد شباب صناع الحياة مصر لإطلاق فاعليات حملة ""لا للـدم""، الهدف منها توصيل رسالة إلى الشباب المصري المشارك في",OBJ
5143,الأسواني : ان القبول بالحوار مع مرسي قبل محاكمته على القتل و التعذيب يعــــد >> المقال كاملاً >> … …,OBJ
5144,رسالتنا للعالم رسالة #سلام كما أمرنا #الإسلام و حماية أمننا و مكتسباتنا خط #أحمر #المملكة_العربية_السعودية #السعودية,OBJ
5145,7 الاسد حازم ابو اسماعيل #حازمون,OBJ
5146,شاهد - أول ظهور لمن أطلق شرارة ثورة ٢٥ يناير عبدالرحمن منصور في آخر كلام #,OBJ
5147,أرشح صاحب هذا الحساب كأفضل مغرد لإفادتي في مجال ( لعبة 14) #تدوين,POS
5148,كيف يحشد الرئيس مرسي الجماهير لاسقاط الاعلان الدستوري فيهتفون يسقط حكم العسكر ثم يشيد الرئيس اليوم بالدور الرائع للمجلس العسكريتناقض مؤسف,NEG
5149,لا يقعد أحدكم عن طلب الرزق ويقول اللهم ارزقني وقد علم أن السماء لاتمطر ذهبا ولا فضة,OBJ
5150,جولة ميدانية - مدينة نصر - الحي العاشر,OBJ
5151,"دة هو ""بورشور الحملة""",OBJ
5152,هذه هى المناظره تماما كما أتصورها بين #حمدين و #المشير #السيسى ! #الكبير_كبير_متعملش_مناظرات_يا_مشير #سأنتخب_السيسي …,NEUTRAL
5153,#إبراهيم_محلب هايدخل التاريخ وهايحل مشكلة سد النهضة وإبقو إفتكرو إن مدرستى#دى_لاسال قدمت هدية لمصر من أحد خريجيها الناجحين,POS
5154,شباب عايزين مساعدتكم وزعوا البرشور في المنتديات والمواقع ومعاه رابط استمارة التوقيع لدعم الترشح واللي جمع توقيعات,OBJ
5155,تويتر بوظ اخلاقي انا كنت محترم _ #اعترافات_ليلية,OBJ
5156,آنسة عمري 26 من #الامارات مصليه وخايفه ربي، قبيليه مخلصه دراستي الجامعيه وموظفه اتحمل المسؤوليه #عرسان #زواج,OBJ
5157,أسماء #عمرو_سلامة 3,OBJ
5158,جووووووووول #زمااااااااالك #دومينيك,POS
5159,"#اسرائيل تعلن تجميد مشاريع البناء الفلسطينية في المنطقة ""ج"" بالضفة الغربية ردا على اتفاق المصالحة بين الحكومة وحركة #حماس #العرب #فلسطين",OBJ
5160,"بجد كدة اوفر اوفر "" انت قررت تنتخب السيسى!! مع ان حمدين صحبك وكنت معاه!! وكأن افكار السيسى غير افكار حمدين!! #محمود سعد #متآ…",NEG
5161,معقوول انا أشووف حياتي بتبتدي بعد نهايتها : !! #عمرو_دياب,OBJ
5162,#خالد_حسين مصور #اليوم_السابع : #الداخلية هى اللى ضربتنى أنا و #عمرو_سيد وقتلت الطالب #محمد_عادل,OBJ
5163,"إذا تتوقع فوز الاهلي على الاتحاد اليوم في ذهاب نصف نهائي كأس الملك "" ريتويت"" #الاهلي_الاتحاد #ديربي_جدة …",OBJ
5164,أهي صهيونية وتدعم #حماس وتُعمّر #غزة بذات الوقت؟ أتريد تدمير الأمة فتقف ضد الانقلاب على من احتفلت #اسرائيل بعزله؟ أكل تلك التناقضات #قطر ؟,NEUTRAL
5165,93 ابوه معلق صورة عبد الناصر فهو بيعاند أبوهلكن في النهاية الأب بينحاز ضد الزعماء كلهم وبيعلق صور الشهداء بدلهم,OBJ
5166,شاهد - آخر كلام: مسحت الكلام؟ طب مسحت الدم؟ جبت حق اللي مات؟ #,NEG
5167,أنا عمري ما ساندت ولا هساند الإخوان ده أنا قاطعت كل الإنتخابات عشان كانت متظبتالهم وما زلت ثابت على رأيي الإنتخابات اللي جاية لن أقاطع,NEG
5168,ده مش جيل 54 زى ما هيكل كان فاكر ده جيل 25 يناير ورابعة جيل العزة والكرامة والصمود صورة للأسود في الزنزانة …,POS
5169,#ممحونة #نيك #بكارة #رومنسي #رتويت_انحراف # العراق #أبوظبي # قطر #سوهاج,OBJ
5170,شاهدوا لقطات من جنازة محمد وليد الجفالى - قصه لحسن الخاتمه على هذا الرابط :,OBJ
5171,شبكة العملاق | رصد| #عاجل| نقلا عن الأناضول : الحكم بالإعدام على 37 من رافضي #25 #11 #,OBJ
5172,شبكة العملاق | رصد| نظم أهالى #المطرية الجمعة مسيرة مناهضة للانقلاب العسكري ، #25 #11 #,OBJ
5173,ربي إني استودعتك حياتي فلا تجعل مرها يسقيني و لا حلوها يلهيني,NEUTRAL
5174,"#عمرو ياتكتب تويتة محترمة يا متكتبش و تريح نفسك""",OBJ
5175,ورغم ان الكلام اصلا بينقص حاجة كل ما زاد ورغم انى جدع وتقيل وعمرى ما اقولها بالساهل #من_زمان_جدا #محمد_محسن,NEUTRAL
5176,اعظم نادى فى الكون #الاهلى,NEG
5177,أسعد الله ظهيرتكم يا أحبه السحابه القويه مساء الأمس وصل سيلها الى قرية أبيار الماشي جنوب #المدينة_المنورة صباح اليوم …,OBJ
5178,#خيرت_الشاطر قال أن من أخطاء #الحرية_والعدالة أنه لم يضم أعضاء #الحزب_الوطنى إليه #…,OBJ
5179,بسمة أمل - خواطر من داخل حلبة مصارعة الثيران,OBJ
5180,بداية المباراة بين #المصري و #المنيا المصري 0 - المنيا 0,OBJ
5181,اكتب اسم بلدك وأرسل رسالة لأحرار سوريا #سوريا_فى_القلب,OBJ
5182,و هما يقولوا خليهم يتسلوا,OBJ
5183,ربي بلغنا رمضان من غير أن نرى دمعة حبيب ولا فراق غالي ولا استمرار مرض لقريب،اللهم بلغنا رمضان لا فاقدين ولا مفقودين~ #اللهم _امين,OBJ
5184,ا*ا يا سلام روح أم #النائب_العام :),NEG
5185,_ #برهامي ومن على شاكلته مصممين يخلوا الناس تقلب #ملحدين بجد ؛ وعلى رأي #هيكل بعد فشل تجربة حكمهم : الآن البلد مهيئة لحكم شيوعي,OBJ
5186,#هننضف_لو بطلنا نحكم على الناس من شكلهم و لبسهم و تمن خروجاتهم و انهم بيعرفوا انجلش ولا ﻷ !,NEG
5187,#التحرير | فيلم جديد عن الحرب الباردة يجمع بين توم هانكس وستيفن سبيلبرج يقوم النجم توم هانكس,OBJ
5188,#هلا_فبراير #محمد_عبده #تصميم # ولو غيرت وجهي مسافات السنين,OBJ
5189,عمرو حمزاوي في حوار مفتوح مع بعض أسر مصر الجديدة: اتفقت مع بعض المرشحين على المقاعد الفردية على ميثاق شرف بعدم الإساءة للمرشحين الآخرين,OBJ
5190,دعبد المنعم أبو الفتوح ( التعدديه اثراء وتنوع واكثر فائده للمجتمعالتعدديه مطلوبةوهى ليست انقسام وفرقة),NEUTRAL
5191, نفاق العـــوام أشـد خطــرا من نفــاق السلطـــان  رحم الله شيخنا محمد الغزالى,OBJ
5192,شقط و إحضار :),OBJ
5193,3 فكرتني بمقالة كنت كتبتها زمان في تحليل غنوة أشياؤه الصغرى تعذبها هابقى أعيد نشرها في المعصرة عشان الأجيال الجديدةتصبح على خير,NEUTRAL
5194,الفلسطينيون يناورون بالانضمام للمنظمات الدولية #حماس #غزة #فلسطين #سياسة #اخبار_سياسية #عباس,OBJ
5195,3 يوليو انجبت 3 توائم طغمة الانقلاب العسكرى قناة العربية الصهيونية اعلام العار فى مصر,OBJ
5196,سيصبح 6 أكتوبر يوما للعار وليس لذكري الإنتصار #كلام_و_كلام #يوسف_الحسيني #السادة_المحترمون …,NEG
5197,احنا كدة مش بنتشطر غير علي بعضينا #المصريين,NEG
5198,لما تقول حرب، و حياة او موت و مافيش كلام للانسانيات، يبقى ده معناه ايه؟ قتل او سجن و اخضاع,OBJ
5199,سيتم إفتتاح مستشفى الحروق قريباًدجابرجاد نصار يشكر #يوسف_الحسيني و #السادة_المحترمون و # …,OBJ
5200,#حلم_نفسي_يتحقق اعيش مرتاحة,OBJ
5201,اللى عايز يساعد غزة محتاجين جراحين مخ وأعصاب،أوعية دموية،عظام السفر بمعرفة اتحاد الأطباءالعرب التواصل مع دهشام,OBJ
5202,الله من نزع ملكم لغدركم وليس السيسي الله من أذهب حكمكم لعدم إخلاصكم الله من إستبدلكم لأنكم خنتم الأمانة ووليتم من لا…,NEUTRAL
5203,"هههههه ""207: هههههههههههه #كمل_جميلك #السيسي_هايصالح #باسم_يوسف """,OBJ
5204,#جنين وأبطالها أكدوا أن لا خنوع لهذا المحتل، كان القتال قتال الرجال وكان…,OBJ
5205,عندما يتهم الجهاز المركزى للمحاسبات رسميا وزيرا بالفساد يبقي عليه العوض فى العدل سيبك احلى من الشرف مفيش,NEG
5206,هشاشة العظام وطرق العلاج والوقاية منها,OBJ
5207,لأصحاب حديث الاستقواء، المبدئية والوطنية هي في التواصل مع المنظمات الدولية والبرلمانات لضغط ايجابي وليس لتدخل في الشأن المصري,OBJ
5208,لدي رغبة عارمة في الانتقام لو جاءتني الفرصة سأكون اكثر شراسة منهم #اعترافات_ليلية,NEG
5209,بلغوا عن الحساب ده بيرسل فيروس,OBJ
5210,مش هنتضرب تاني يامنى هنتقتل على طول,OBJ
5211,#أوغاريت || #سوريا #حماة :: #التقرير_اليومي_الكامل | الأحد 27 نيسان 2014 : -----,OBJ
5212,ماذا لو حصلوا على السلاح النووي؟ #المغرب #الجزيرة # #الخبر #ليبيا # #الأردن # #دمشق #الخليج #الإمارات,OBJ
5213,استمعوا لبسمة أمل جديدة - قصة رائعة لكل إنسان محبط - قصة نجاح دكتور محمد الجزار,OBJ
5214,د علاء الأسواني يكتب مقاله الاسبوعي بعنوان: ملاحظات صريحة على مسار الثورة,OBJ
5215,حبيبتي لست أعرف كيف يمكن مقاومة دوامة الرمال الناعمة اذا وجد الانسان نفسه داخلها فجأة,OBJ
5216,"#نبض_الاخوان ا #بني_سويف 25-4 انتفضت قرية شريف باشا بمركز بنى سويف تضامنا مع أحرار #الميمون خرج أهالى قرية ""شريف",OBJ
5217,محمد على بشر جلس قبل ايام مع ممثل للقوات المسلحة وهيكل للخروج من الازمة واليوم منعوه من السفر لعله استوعب الدرس,OBJ
5218,فجاة حبيت السياسة و مجلس الشعب,POS
5219,رئيس وزراء المغرب يرفع شعار الحرية والصمود #رابعة في احد المؤتمرات #مصر,OBJ
5220,"الفيس بوك و""واتس آب"" تدرسان إدخال خدمة تحويل الأموال عبر #صحيفة_الخليج #واتس_آب #الفيس_…",OBJ
5221,بالفيديو عاكشة: والله هيفاء وهبى ست مش طرية واللى يتجوزها يبقى خد خازوق #مصر #توفيق_عكاشة,NEG
5222,على نفس الأساس دولة البطش وحقارة المواطن دولة اللعنة على الحقوق,NEG
5223,الدائرة غير متجانسة و لايمكن السيطرة عليها من عصبية او اقلية او من اتجاة سياسي,NEUTRAL
5224,حقيقة اشتباكات الحرس الجمهورى صفوت حجازى حرض على الاقتحام ضباط الجيش حاولوا إقناع مؤيدى مرسى السماح بدخول …,OBJ
5225,لبنان.. التيار الوطني الحر يلوح بالاستقالة من الحكومة,OBJ
5226,2009936 129 جميع أرقام #الأهلى #مصر في #دوري_أبطال_أفريقيا من البداية وحتى 2059,OBJ
5227,"كلّ وحدة تصويرية في ""الشتا للي فات"" (قسم ""أوريزونتي"") يسكنها الأمل والرغبة في التغيير",OBJ
5228,ماعنديش مشكلة نقبل او نرفض القرض على اسس اقتصادية،لكن انك تلوي الدين عشان تحلل و تحرم هو ده اللي ينرفز,NEG
5229,د عبدالمنعم سعيد: إسرائيل تطالب العالم بالاعتراف بفاشيتها وعنصريتها قانون قسم الولاء ليهودية إسرائيل فاشية,NEG
5230,بطاقة دعوة #زواج حلوه لـ #الواتس_اب من تصميمنا رتويت ي حبايبي :$,POS
5231,ربنا سبحانه وتعالى استخدم لفظ العقيم مثلا لوصف سيدة في آية وقالت عجوز عقيمقد يؤذي اللفظ سيدة عقيما لكنه ليس لفظا معيب الاستخدام,OBJ
5232,"_:  #التأسيسية "" على وشك الانفجار بعد عودة التهديد بالانسحاب """,OBJ
5233,حد يعرف حد مهم في فودافون أحسن الموضوع بقى محتاج حد حكيم,OBJ
5234,بسمة أمل - العون من الله علي قدر النية قصة من التاريخ الإسلامي بطلها خالد بن الوليد حدثت عندما كان,OBJ
5235,بسمة أمل - هدية لعودة الحب لحياتنا,POS
5236,#مش_ساكتة,OBJ
5237,هو لو حد من الثوار قال في أي قناة كده عن المخابرات العامة وإتذاع الكلام على الهواء، الحكاية هتعدي في صمتمجرد سؤال,OBJ
5238,#أخبار_مصر #اخبار #مصر | استئناف #محاكمة_مرسي فى قضية التخابر أهم الأخبار المتوقعة اليوم لـمزيد من التفاصيل :,OBJ
5239,__ مفهومه يا عمونــا بس احنــا متربيييييييين :) :) #عادل امام استايل :),OBJ
5240,غضب ربنا هينزل علي ابراج السعودين قريب #اسيوط ومحدش يسالني ليه الحق امشي انا بقي,NEUTRAL
5241,تعرف على تواضع #النبي صلى الله عليه وسلم #كلام_جميييل #تدوين,POS
5242,شاهد - من شهداء الثورة الأحياء في آخر كلام #,OBJ
5243,مجلس عسكري و حكومة غير قادرين علي حماية مرشح رئاسي بارز، ناهيك عن توفير الأمن في البلاد، هما المشكلة و ليس الحل,NEG
5244,لا تنتصر لنفسك و لكن انتصر للحق و تعلم من الإمام الشافعى حين قال : ما ناظرت أحداً قط إلا تمنيت أن يجرى الله الحق على لسانه,POS
5245,مرسى الذى فى خاطرى و فى دمى أحبه من كل روحى و دمى!!,POS
5246,تزايد الطلب على مساكن العمال بمجمع دبي للاستثمار - #الإمارات #بالعربي,OBJ
5247,شارك في الاستفتاء عبى صفحة كلنا خالد سعيد,OBJ
5248,سرقة السيارات بالإكراه طالت المسئولين من محافظ كفرالشيخ ومحافظ البنك المركزى إلى أحد المستشارين بمكتب النائب العام فأصيب,OBJ
5249,قوات الأمن تعتدي على احدى المتظاهرين بالضرب المبرح بجوار عمر مكرم,OBJ
5250,#السعودية #فيديو #غرد_بفيديو #نصيحة #الرياض 31 11:12:02,OBJ
5251,#سما_المصري زيطه وبالونه فاضحه للتغطيه علي امور اخري الالهاء,NEG
5252,القانون الجنائي المصري فيه من النصوص ما يكفي لمواجهة جرائم القت,OBJ
5253,موكلتي لم تقابل #أحمد_عز منذ بداية القضية,OBJ
5254,#لو_ده_جنان_اتجنن انزل الشارع اقف قدام عربية واعمل انك بتربط الكوتش وطلع الموبايل وبص فيه واعمل انك بتدور على عنوان وابقى قابلنى لو حد سابك,NEUTRAL
5255,ندوة الدكتور علاء الاسوانى غدآ بالاسكندرية للتفاصيل على هذا الرابط,OBJ
5256,واحد صاحبي من حزب الكنبة سألته نازل يوم30 ؟ قاللى : طبعا أنا و الكنبة كمان !!,OBJ
5257,"السيناتور چون ماكين يلعب ""الپوكر"" على هاتفه أثناء جلسة الاستماع! #السادة_المحترمون …",OBJ
5258,مباراة الدفاع الحسني الجديدي والأهلي #الاهلي_الافريقي #الكونفدراليه_يا_اهلي # #…,OBJ
5259,اذا كان خلاف د ابو الفتوح مع الاخوان شخصيا فهو قابل للحل اذا نجحت محاولات الصلح وهو قد يتصالح معهم وهو رئيس في اى لحظة ويعود لصف الاخوان,OBJ
5260,من قال محصنه أو منيعه فقط من يحق له الطعن وليس كل من هب ودب لاعهدمبارك لامرسي ح يعود أبدا #الاخوان_جماعة_ارهابية,OBJ
5261,ولمآ #ضحكة بنت تعلى أعرف أن ألوجع جوآهآ بيكبر !!!,OBJ
5262,عقول زباله تسئ لرجل كبر اجدادهم فعلا العرب تربيتهم صفر #بالعربي,NEG
5263,الشباب فى غرفة عمليات لمتابعة وصول المشاركين لحضور منتدى #الاسكندرية للاعلام #2014,OBJ
5264,وقد أحرز يسري فودة هدفين من ضربتي جزاء اصطنعهما بنفسه,OBJ
5265,سبب الإنقلاب في #مصر والإطاحة بالرئيس #مرسي من وجهة نظر #إسرائيل الشعوب واعية #إنصاف_الإخوان,OBJ
5266,تحية لجميع النساء في #يوم_المرأة_العالمي نحتفي بالمرأة كل يوم أماً وبنتاً وأختاً ورفيقة درب وحياة وصانعة أمم,POS
5267,عندما يحكم الخروفالحالة العصبية البائسة لبعض أنصار مرسي جعلتهم يحتجون على المقال قبل أن يكملوا قراءته للآخر,NEG
5268,الحمد لله الحمد لله الحمد لله 3 3 3 #مصطفى_حسني,OBJ
5269,القائمة الأولى للخونة الذين خدعوني بتعريف كلمة مبقوق :),NEG
5270,رونالدو هو أعظم لاعب في تاريخ #ريال_مدريد #رياضة,POS
5271,__ #خلق_جميل احترام اي انسان فقط لأنه انسان مهما كانت ديانته,POS
5272,القرآن يرفع الناس ويجعلهم في الدنيا والآخرة في أعلى مقام,POS
5273,#في_عالم_موازي اني مخلص كل حاجة ليلة الامتحان و براجع او احل #ثانوية_عامة,OBJ
5274,دورالمرأة المصرية ضدالإنقلاب كان تاريخيا ومذهلا في الإعتصامات والمسيرات فمنهن الشهيدات والمصابات والمعتقلات المرأة مصنع ال…,OBJ
5275,البنات اللى بيقولو ألفاظ خارجه دول خصاره فيهم يتسموا بنات اصلاً!!,NEG
5276,من أهم وأكثر المقالات حيادية عن مواد الدستور الملغمة، لا تخن ربك وبلدك وأهلك ونفسك، وإعرف صوتك هيودينا كلمنا فين,NEUTRAL
5277,أبرز نشاط للانقلاب تطهير مصر من العلماء والاحرار والشرفاء والموهوبين والمتفوقين فى الجامعات والمدارس,NEG
5278,شاهد - آخر كلام: مشاريع قوانين وزارة الداخلية #,OBJ
5279,الوطن | الدستور تقييم ختامى لباب الحقوق والحريات (17) | عمرو حمزاوي:,OBJ
5280,#وزير_التموين : ضبط 97 طن منتجات غير صالحة للاستهلاك,OBJ
5281,شاهد - آخر كلام: د عزمي بشارة - ربيع الثورات العربية # #25,OBJ
5282,الدولة البوليسية لن تعود,NEUTRAL
5283,#جنين #فلسطين ️,OBJ
5284,بفضل من الله وبحمده وبمجهودات شباب وفتيات، أتمننا اليوم 9 سنوات في صناع الحياة من العمل والجهد والبذل والعطاء,OBJ
5285,ترحيل المصريين الذين اجتمعوا في الكويت بطريقة سلمية هو أمر جائر أدعو إلى عودتهم من منطلق إنساني,NEG
5286,مصر ماعندهاش منظومة تأمين صحي ولازم المواطن يكون غني علشان يقدر يتعالج #السادة_المحترمون …,OBJ
5287,د أبو الفتوح : هناك محاولات للالتفاف على الثورة وافراغها من مضمونها د عبد المنعم أبو الفتوح في الساحة الرضوانية بالاقصر,OBJ
5288,دقائق معدودة بأجر غير محسوب سبحان الله وبحمده سبحان الله العظيم,OBJ
5289,كلمة دعبد المنعم أبو الفتوح بعد عودته من رحلة لندن,OBJ
5290,مع اشراقة كل شمس نبدأ عملنا بروح نشيطة وهمة عالية ويد واحدة ونية متجددة أحلى صباح لأجمل متطوعين فى اعظم حملة,POS
5291,قصة كفاح حقيقية لشاب مصري من محافظة الفيوم، رغم إعاقته تحدي كل الظروف محمد الكيلاني محمود حميدة، أثناء طفولته,POS
5292,الشاات بااايظ ليه يا #مارك -_-,NEG
5293,مصر تقدر المواقف المخلصة لدول العالم ولكنها تؤكد تماماً على سيادتها التامة #السادة_المحترمون,OBJ
5294,البرادعي قال علي رموز مصر اللي كان يقف معهم زباليين والسيسي قال لعامه الشعب انتو نور عنيناعلشان كده #سأنتخب_السيسي #تحيا_…,POS
5295,لا يستطيع أحد إجبار مرشح على مواجهة مرشح آخر ولكل مرشح حق إعلان التحدي أمام الرأي العام الذي يمكنه استنتاج مايستنتجه,OBJ
5296,#ذات_مومنت اما يجي #حبيبيك ويقولك ما #تيجي نرجع زي #زمان __ امك #قرعه واسمها #حنان 3:) #شقية,OBJ
5297,أكياس الدم المطلوبة للحالة دى مش فى إستطاعتهم يشتروا دم اللى يقدر يساعدهم يبقى جزاه الله خيرا,OBJ
5298,د علاء الأسواني: ما الفرق بين الانسان البدائي والانسان المتحضر ؟,OBJ
5299,هو بس سؤال رفيع للإخوان: بالنسبة لرجال الأعمال اللي كان رئيسكم بيكلمهم بكل حنية ودلال مش دول برضه الفلول اللي صدعتونا إنهم بيتآمروا عليه؟,NEG
5300,الساده المحترمون مع يوسف الحسينى,OBJ
5301,#نفسك_فى_أية_فى_الجنة_؟ اشوف الرسول علية الصلاة والسلام وكل الناس الى بحبة تبقى معايا,OBJ
5302,فابيوس يحذر من إنزلاق عواقبه غير محسوبة في #أوكرانيا - #البديل للتفاصيل:,OBJ
5303,"اليوم السابع | ""حمزاوى"": الأزهر يلعب دورا كبيرا لاستعادة روح الثورة",OBJ
5304,#أوقفوا_الفحم :),NEG
5305,دعونا لا نقبل بصمت تجاوزات الأجهزة الأمنية ونصر على تحقيقات مستقلة وعلنية فى انتهاكات حقوق الإنسان # #,OBJ
5306,احرق دم الاخوان و ادبح بدل الخروف اثنين و انصر الغلبان,NEG
5307,#إنتحاري #العراق #تفجير,OBJ
5308,لهواة تقديم بلاغات العمل مع جهات أجنبية الوهمية، بعد محاضرة كارنيجي بالأمس أنا الآن في مؤتمر مركز الدراسات الإستراتيجية الأمريكي عن مصر,OBJ
5309,#فور_نيوز|#شاهد : مقطع من مسابقة المواهب التي تقام في المسجد الأقصى اليوم,OBJ
5310,إذا قلت لا لهذا الدستور فلن يكون من موضع الرفض او القبول لنصوصه وإنما الإزدراء له ولروحه التى يحملها,OBJ
5311,اعلام العار ينكر الشمس وانقلاب العار يطفئ الشمس وشباب مصر الحر سيضيئ الشمس,NEUTRAL
5312,و هعيش و اموت و افضل عشانة و هو فوق دايما مكانة #الاهلى,OBJ
5313,يريدون اخماد المظاهرات المطالبة بعودة #الشرعية,OBJ
5314,تعلم التوازن فى الحياة أربع دقائق,OBJ
5315,العيسى: لا دخل للدول الكبرى والصغرى في مناهجنا,OBJ
5316,"منع ""#سما_المصري"" من الغناء بمصر لتحريضها على الفجور #السعودية #الرياض #الدمام #القصيم #تبوك #جدة #القطيف #العوامية",NEG
5317,#اعتراف انا مبخفش من اى حاجة تتخيلها #حقيقة #اه_والله,NEUTRAL
5318,#انتخبوا_ المفوضية الأفريقية تقبل دعوى ترفض أحكام إعدام بمصر #مصر,NEG
5319,أولنا فين و ليه ؟ عمرو حمزاوى - دائرة مصر الجديدة :: #,OBJ
5320,و​ﺑﻌﺾ #ﺍﻟﺒﻨﺎﺕ يكتبون أﻧﺎ ﻣﺰﺍﺟﻴہ ﻭﻣﻐﺮﻭﺭﻩ ﻭﻋﻨﻴﺪﻩ ﻭﻣﺎ أحب إﻻ‌ نفسي ‹☺› ! انزين ﻟﻴﺶ ﻣﺎ ﺗﺨﺘﺼﺮﻳﻬﺎ ﺑﺠﻤﻠہ : أﻧﺎ ﻣﺮﻳﻀہ نفسيآ ﺍﺩﻋﻮﻟﻲ ‹☺›,NEUTRAL
5321,"بإذن الله سأشارك مع عدد من الدعاة في مؤتمر ""إحياء روح الإسلام "" الذي يقام سنويا في كندا بحضور آلاف من مسلمي الغرب",OBJ
5322,شاهد - آخر كلام - الريس كابوريا وفرقة الطنبورة : غني يا سمسمية,OBJ
5323,"#اكتب_رساله_لشخص_دون_ذكر_اسمه كنت شيئا يسعدني لا أعلم كيف تحولت ل شيئا يألمني جدا """,OBJ
5324,"أذكركم بمقالة ""الاخوان المسلمون المعتدلون"" التي صدرت في فورين أفايرز-لسان حال الدولة العميقة في أمريكا-في فبراير 201",OBJ
5325,المرأة هي سر توازن الحياة وسر جمال الكون ومصدر المحبة والرحمة في هذا العالم كل عام وأنتن أقوى وأجمل وأفضل #يوم_المرأة…,POS
5326,كان شباب حزب الحريه والتنميه قد بادر مسبقا بالتواصل مع شباب حزب الوسط قامت أمانه الشباب بالحزب ببدء الاتصال بهم ظهر اليوم لدعمهم,OBJ
5327,"#أوباما يدعو لموقف موحد ضد #روسيا بسبب ""زعزعة استقرار"" #أوكرانيا",OBJ
5328,#ولاد_البلد #المنصورة #مصراوي #ملعب_طلخا بلقاس يتقدم بثلاثية على غزل شبين ، وطرد لاعبين من صفوف غزل شبين، في,OBJ
5329,مرسي محبوس وخاين ومش هيرجع والتصالح مرفوض #السادة_المحترمون …,NEG
5330,#برنامجي_المفضل #3 #أوسكار,POS
5331,انهيار اقتصادى شنيع وانهيارات امنية وسياسية واعلامية غير مسبوقة مصر لن تجد طعاما وشرابا لشعبها خلال شهور اذا استمر الانقلاب,OBJ
5332,#ماذا_فعلت_فى_الدنيا_ليدخلك_الله_الجنة_ قد تكون اعمالي قليلة بس اللي ربنا بيقدرني عليه بعمله الحمد لله لأدخلها ربنا ي,OBJ
5333,شن قادة الانقلاب حملة مستمرة على كل أصحاب الرأي الآخر، حتى من يختلف معهم من حلفائهم، حتى لا يبقى هناك رأي آخر، …,NEG
5334,حصول حزب الحرية والعدالة على ما يقرب من 40% من أصوات الناخبين في المرحلة الأولى لا يشكل مفاجأة،,OBJ
5335,17 سنة سجن في جنحة؟ يعني إيه؟,OBJ
5336,#جدو الله يرحمه,OBJ
5337,شهداء أسيوط فى جنة الخلد لن يضيع حقكم و لن نرهب من القتلة و الإرهابيينو يوم الحساب لقريب,NEUTRAL
5338,أحيانا بيشتكي أولادي الذكور من تفضيلي للبنات أحيانا في المعاملة وبيكون ردي حديث الرسول : لا يكرمهن الا كريم و لا,NEUTRAL
5339,لمن لا يعرف الأستاذ فهمي هويدي سبق تكفيره منذ أكثر من 30 سنة حين أصدر كتابه القرآن والسلطانمقال مهم جدا,OBJ
5340,انشاء مراكز أهلية وخاصة لتأهيل وتدريب المعلمين مع رفع مستوى الدخل للمعلمين حتى يتسنى لهم القيام بواجبهم,OBJ
5341,كيف يمكن الغاء الاعلان الدستوري مع الإبقاء على مضمونه وعلى الاثار المترتبة عليه والإبقاء على الاستفتاء في موعده لماذا لايحترم مرسي ذكاءنا,NEG
5342,القائمة الموحدة هي الوسيلة الانتخابية الوحيدة لإبعاد شبح البرلمان المفتت عن مصر واحتواء خطر إعادة إنتاج النظام القديم,NEUTRAL
5343,الأن #السادة_المحترمون مع #يوسف_الحسيني على # ضيف الحلقة محمود بدر …,OBJ
5344,الدولة الديمقراطية يجب ان تتسع للإخوان والسلفيين وكل الاتجاهات ولكن من يحمل السلاح ويحرض على العنف مهما يكن انتماؤه مكانه الطبيعي هو السجن,OBJ
5345,نحترم البرادعي لكن سنقف ضد اخطاءة بالمرصاد ،فحن لسنا اتباع مرسي المتواطئين بالصمت على الاخطاء لتتحول الى جرائمعادل عبدالحميد…,NEUTRAL
5346,شاركونا الأن بأسئلتكم في بث مباشر تفاعلي مع الحلقة الثانية من برنامج (دردشة تيوب)، موضوع نقاش الحلقة: خليك,OBJ
5347,تقرير بالمر بشأن الاعتداء الإسرائيلي على أسطول,OBJ
5348,مصر الحقيقية ترد على عز,OBJ
5349,عمرو حمزاوي ينفي تأييد أيا من مرشحي الرئاسة ويؤكد إبطال صوته,OBJ
5350,"مقالة ""مش"" قصيرة أرجو أن تقرأوها كاملة عن: الدستور والشريعة الإسلامية",OBJ
5351,الا قولي با باشمهندس فاضل هو عادي ان الواحد يحج كده؟,OBJ
5352,"إذاغيب الموت ""نعناع الجناين""فإن حكاء مصرالأصيل سيظل حاضرافى الوجدان المصرى بأعماله التى جسدت أحلام المهمشين،رحم الله""صياد اللولى""خيرى شلبى",NEUTRAL
5353,مصر لسا فيها خير كتييير نعم لباسم #ثورة_25_يناير #باسم_رئيسا_لمصر #انتخبوا_,NEUTRAL
5354,#تحيا_مصر #مصر_جميلة #مصر_المحروسة #السيسي_هايصالح #السيسي_رئيسي_2014,POS
5355,بسهولة تحكم على حضارة دولة من مستوى خبزها و أنواعه تركيا ماشاالله,OBJ
5356,معظم #الاخواآن مشاركوش ف الهشتاآج المسئ للسيسي وبكده يبقى #الاخوان باعونا مرتين مره ف #محمد_محمود ومره ف #هشتاج_هشتوج …,NEG
5357,فلسطين قضيتنا الأولى ، شعار كاذب فحقد البعض على حماس جعله يقذف بالقضية بعرض الحائط ! #غزة_تحت_القصف,NEUTRAL
5358,دعلاء الأسواني يكتب حكاية لن تقرأها في مكان آخر لأنها ممنوعة من النشر ! على هذا الرابط >> …,OBJ
5359,3 انا قلت الكلامده فينانا بقولهم نقرا ونتناقشوانا مش باصادر على رأي حد انت حروانت حر,OBJ
5360,عاجل| انفجار قنبلة بدائية الصنع بمنطقة #الطالبية في شارع #الهرم من #الوطن …,OBJ
5361,لبيب: لا نية لدى #الحكومة لزيادة #الأسعار,OBJ
5362,لايمكن لانسان ان يقبل وضعه مع الانقلاب لأن الانقلاب يتعامل مع معارضيه كحشرات يضربهم بالرصاص والغاز والمياه تماما مثل الحشرات,NEG
5363,ما يتحدث عنه المجلس العسكري من تفعيل لحالة الطوارئ مرفوض شكلا وموضوعا,NEG
5364,المصري بيقول حزام ناسف و الشروق بيقول سيارة مستفخخة و الأهرام بيقول شنطة مدارس قوم اوقف ونتا بتكلمني,NEG
5365,صحيفة الوطن السعودية/ #تحذير #عاجل #الدفاع_المدني في #حائل يحذر من سيول منقولة ا - عبر تطبيق نبض,OBJ
5366,"#غرد_بالخير #غرد_بصورة #شبكة_المجد """,OBJ
5367,"#التحرير | تطبيق يكشف السرطان عن طريق النفخ كشفت صحيفة ""ديلي ميل"" البريطانية عن",OBJ
5368,"اليوم السابع | غدا ندوة لـ"" #مصر_القوية"" و"" #الاشتراكيين_الثوريين"" لمناقشة حقوق #العمال وانتوا كنتم فين قبل كده",OBJ
5369,نقلا عن منى سيف: القرار في جلسة تجديد معتقلين ذكرى الثورة محضر عابدين سيصدر يوم الثلاثاء #رجعوا_المعتقلين,OBJ
5370,اتمني يكون صباحك كله تفكير وعمل من اجل نادينا العظيم #الزمالك_الافريقي,POS
5371,وقد قالها المتنبي العبقري فينا من زمان:أغاية الدين أن تحفوا شواربكم ياأمة ضحكت من جهلها الأمموقد أضفنا لحف الشارب التشطر بحرق حتت القماش,OBJ
5372,شبكه اخبار #المحله | حمله حمدين تنظم سلسه بشريه لدعم و تأييد حمدين صباحي في المحلة بجوار مجمع المحاكم,OBJ
5373,د احمد بهجت رجل الاعمال ومالك قنوات دريم الفضائية ضيف #يوسف_الحسيني الان في #السادة_المحترمون,OBJ
5374,حلقة الليلة الجزء الثاني: على هامش الرئاسة,OBJ
5375,عرض الاسبوع 44 ألف متابع #أذكار_المساء #بصراحه_مليت_من #خد_موقف_من #علمتني_الحياة #الحياة_تحتاج_إلى_شيئين [939184],OBJ
5376,صحيفة برتغالية: بعد ضمان التأهل لدوري الأبطال #شيكابالا سيظهر للمرة الأولى مع #سبورتنج_لشبونة لمزيد من,OBJ
5377,اجدد الدعوة #احمد_شفيق للترشح للانتخابات الرئاسية و هي دي الديموقراطية خاصة و ان حمدين موش حيكمل بكرة افكركوا,OBJ
5378,"10 خدع لا تعرفها عن تطبيق ""#واتس_آب"" # #واتساب #الواتساب",OBJ
5379,#خليك_مصدق إن فيه ثورة فى العالم قام بيها وزير دفاع ووزير داخلية !!!!!! #هبل_وهطل_شعب!!,NEG
5380,أقضي اليوم مع أهلى بمرسى مطروح وأعود فجر الغد لأشارككم في مهرجان مصر القوية بمركز شباب الجزيرة الساعة 6 مساء,OBJ
5381,لكي لا ندور في حلقة مفرغة يجب فورا دعوة كافة الأطراف المعنية لتقييم الوضع الأمني واتخاذ الخطوات المطلوبة لتستعيد مصر سيطرتها علي سيناء,OBJ
5382,الذين يقتلون ويذبحون ويلقون الشباب من الأدوارالعلياويعذبون ويبترون الأطراف ويرهبون سكان رابعة ويستخدمون الأطفال…,OBJ
5383,#أنغام في كواليس #عيد_تحرير_سيناء,OBJ
5384,#أشاهد_الآن #أوتار_القلوب على شاهدنت عبر,NEG
5385,#اعترافات_الطفولة كنت احط حنا حق الباربي مالتي من كثر ما كانت امي تحطلي حنا,OBJ
5386,"ألقيت اليوم في احتفالية "" السينما من أجل السلام "" بمهرجان برلين كلمة تناولت الربيع العربي أكدت فيها أن ثقافة الخوف قد ذهبت بلا عودة",OBJ
5387,القضاء الطبيعى -من خلال تخصيص دوائر إضافية- يستطيع إنفاذ العدالة دون حاجة لمحاكم استثنائية، عسكرية أو أمن دولة طوارئ # #,NEUTRAL
5388,ماجدة خير الله تكتب في آخر ساعة عن الشتا اللي فات: الأفلام المستقلة الإنقاذ الوحيد لصناعة السينما,OBJ
5389,"اليوم السابع تقول : أبو العلا ماضى : ""صباحى والكتاتنى اجتمعا سريا بوساطة عربية "" هذا المانشيت كذب كذب كذب",NEG
5390,زمان كونا هنضربهولكوا علقة نعرفلكوا منه كل حاجة، دلوقتى لو جينا جنبه هتقولوا حقوق الانسان !! مش انتو اللى,OBJ
5391,#شنطة_مايكل_كورس_٢٠١٤ #مايكل_كورس #شامواه السعر٢٠٠﷼ #هاي_كوالتي عرض خاص لمدة أسبوع #تخفيضات #الواتس_اب 0506968396 …,OBJ
5392,شكرًا يا دكتوره هبه,POS
5393,عمرو حمزاوى يقوم الآن بجولة فى بعض المقار الانتخابية بمصر الجديدة للاطمئنان على سير العملية الانتخابية ويؤكد,OBJ
5394,لمن يتحدثون عن ضرورة المشاركة في الحوار مع الرئيس وأن التعاطف الشعبي مع المعارضة سيتراجع إن لم تشارك في الحوار وأن التاريخ لن يرحمها,OBJ
5395,تحفة علاء الأسواني الجديدة مقال يكتبه الأستاذ الدكتور/ جلال أمين || بجريدة الشروق >> على هذا الرابط >> …الأدمن,OBJ
5396,باسم يوسف يسال العقيد عمرعفيفي: امتي الزمالك هياخد الدوري,OBJ
5397,أنظر إلي خريطة أفريقيا ستجدها مثلث له ٣ رؤوس هي مصر - المغرب و جنوب أفريقيا هذه هي البوابات الثلاثة لأفريقيا,OBJ
5398,_ اتفضل,OBJ
5399,اتصلنا ب صابر ابو الفتوح قال مدير الامن رافض يتعاون !!!!!!! وبدا حرق موتوسيكلات وسيارات العاملين وبدا اقتحام,OBJ
5400,تحرك المسيرة الان في اتجاها لقصر الاتحادية #شير #احشد #شارك,OBJ
5401,تذكرنا النبيل مصطفى نبيل كاتبنا الكبير وهو حي يرزق ونتمنى أن يتذكره باحثو الإعلام بعد موتهرحمه الله,POS
5402,لل كان بيسأل عن استهداف الاقباط ادي عينة,OBJ
5403,اليوم السابع | #الببلاوى ووزير الأوقاف ومستشار المشيخة يصلون #الكاتدرائية للتهنئة #أخبار #مصر #اليوم_السابع #,POS
5404,#جمال #خيال #حقيقه #جميل #درر #حكم #أعجبني #حكمه #بقلمي #شوق #بوح #شعر #قصيد #رتويت خمس الاف متابع بـ 200 ريال /3769,OBJ
5405,اسرائيل تحتل فلسطين من عام 1948 فى 65 عاما لم تعتقل اسرائيل من بنات فلسطين ما اعتقله الانقلاب من بنات مصر فى 4 شهور انحطاط,NEG
5406,فصل 16طالبا إخوانيا بجامعة #أسيوط لاقتحام الإدارة وبحوزتهم #مولوتوف …,OBJ
5407,شاهد - آخر كلام: أسماء محفوظ بعد مثولها أمام النيابة العسكرية # #,OBJ
5408,شاهدوا الحلقة ٢٢ من برنامج عمر - صانع حضارة - العدل,OBJ
5409,المتحدث باسم الإخوان: ساويرس والعلمانيون عادوا للظلام لان الشعب لفظهم,OBJ
5410,#كلمه_بتتقال_في_البيت_كل_يوم ليش ما تقرأ رسايلي اللي بالواتس اب المتحدث / الوالد,OBJ
5411,1 3 قتلى وأكثر من 450 مصاب في محافظات مختلفة، هذه مقدمات كارثية لاقتتال أهلي حذرت منه دوما وينبغي رفضه ومواجهته، كل الدم ا…,NEG
5412,هدى عبد الناصر تدعو الى انتخاب احمد شفيق في مقال بالأهرام يا دكتورة هدى الا ترين الدماء على يد مرشحك ما ابعدك عن مباديء أبيك يا خسارة,NEG
5413,#فولورز_عفركوش_بيعملو_فولو_لبعض #هاشتاق #غرد_بصورة,OBJ
5414,بس يا نخبه,OBJ
5415,#الشروق | #النيابة_الإدارية توقف رئيس مدينة العياط و معاونيه عن العمل لتبوير أراضي زراعية #,OBJ
5416,عدم وجود مصدر محايد للمعلومة بقى شيء مقرف جداً بصراحة,NEG
5417,#البوابة_نيوز: توريد 5281 طنا من محصول #القمح بقنا:,OBJ
5418,المضحك إن الصفحات الإسلامية جريت ورا كلام الأستاذة إن مافيش أصلا كتاب من تأليف إسماعيل الامين إسمه العرب لم يغزوا الأندلسشكلكو وحش كالعادة,NEG
5419,#سؤال_برئ كل الناس يوم الجمعه تنزل صور وتكتب #جمعه_مباركه وكده هيا باقى الايام #نجسه يعني ولا ايه؟,NEUTRAL
5420,"#السيسي يلوم ""الخطاب الديني غير المرتبط بالعصر"" على ما لحق من ضرر بقطاع السياحة في #مصر #مرسي #الاخوان #السعودية #الامارا…",NEG
5421,لا يدخل الجنة من لا يأمن جاره بوائِقَهُ (شروره) #نشر_سيرته #,OBJ
5422,اللغة العربية يتحدثها 350 مليون شخص حول العالم (وفقًا لآخر الأرقام في 2013)؟ #اليوم_العالمي_للغة_العربية #بالعربي,OBJ
5423,شوية والكهربا راح تقطع :( #غزة_تحت_القصف #بكفي_حصار,OBJ
5424,وهذا ماقلته اليوم مع محمود سعد لمن أراد أن يدرك حقيقة أكذوبة الإستقرار الذي يروجون لهتصبحوا على خير,NEG
5425,راجعت الردود فوجدت المتزمتين دينيا هم الاكثر استعدادا للتطاول بالبذاءات انهم يخافون من النقاش حتى لا تهتز محفوظاتهم التى لم يفكروا فيها,NEG
5426,م اظن فيه انسان مسلم يرتضي سفك الدما ! #خليجيون_ضد_الدماء #مجزرة_رابعة_العدوية,NEG
5427,يسرا الهواري # #الاسكندرية,OBJ
5428,الحلقة الثامنة عشر - الجزء الثالث - فرقة صابرين,POS
5429,#فولورز_اسلاموفيتش_بيعملوا_لبعض_فولو #فولورز_عفركوش_بيعملو_فولو_لبعض ايه ده,OBJ
5430,اننى ارجو منك ان تتكرم بدعوة السادة اعضاء مجلس الشعب لانعقاد جلسة باكر الاحد3/6/2012 بميدان التحرير وسط شعب مصر صاحب القرار والسلطة والحكم,OBJ
5431,المناخ.. معاناة تتواصل رغم المحاولات ,NEG
5432,#فك_الله_أسر_مصر خديجه الشاطر وكعادتي ألتقي بأبي الحبيب #خيرت_الشاطر مرة كل بضع شهور أذهب و الهم والأسي يعتصر,OBJ
5433,البعض في ميادين التحرير يطالب بنقل فوري للسلطة في ٢٥ يناير ٢٠١٢,OBJ
5434,شاهد - آخر كلام: الفعل ورد الفعل بعد مليونية إنقاذ الثورة د علاء الأسواني - الشاعر تميم البرغوثي #22,OBJ
5435,خبر { مدريدي } : - سواريز انتقل لريال مدريد بقيمة 80 مليون - هازارد قريب جدا من التوقيع للريال المصدر : غاياردو { وكيل #الفيفا },OBJ
5436,حل الجماعة,OBJ
5437,#يومك_نت | #رصد | #محمود_سعد ينتقد المرشحين للرئاسةويقول : الشعب يحب الرقاصات أكد الإعلامي,OBJ
5438,سي بي سي:سيولة مرورية ب #ميدان_النهضة والشوارع المحيطة ب #جامعة_القاهرةو #الشرطة تكثف تواجدها بالميدان #,OBJ
5439,1 الطرطور: صبرنا على تركيا قارب على النفاذ المسلمانى: اردوغان جاهل الاعلام: اردوغان حيوان بكل لغات العالم,OBJ
5440,الأب الصديق - بسمة أمل أبى : من كان لديك أهم منى ؟؟ لماذا لم تحاول أن تعرفنى ؟ ولماذا لم أحاول أن,OBJ
5441,#اتجنن و اكتب في اي صفحه ( #اجابه_السؤال_في_الخلف ),OBJ
5442,14 مليار #شيكل ديون #السلطة للكهرباء #الإسرائيلية,OBJ
5443,__لقد تخلص حسنى مبارك من عمرو موسى لمعارضته فى كثير من السياسات و شعبيته,OBJ
5444,"#الوطن | عميد اللغة العربية بـ""أزهر"" أسيوط: لابد من تواجد قوات الأمن داخل الجامعة #مصر #اخبار #الجامعات #طلاب",OBJ
5445,_ ده مش مؤتمر شعبي ده جولة ميدانيه,NEUTRAL
5446,بعد أن تلقت الوعود بـ: إعادة الظرف الفارغ، عدم بيعها، ومنع سرقتها #أمريكا تدعم حركة #حزم بقذائف تاو الموجهة #سوريا,OBJ
5447,_ مصر خسرت أرواح أبنائها التي لا تعوض بمال السعودية أوالامارات,NEG
5448,"بدء مؤتمر صحفي للصحة للإعلان عن إجراءات مواجهة ""الكورونا"" #مصر #ميدان_التحرير",OBJ
5449,"#شبكةالقدســــالاخباريه :: #أمريكا تدرس اعتماد السيادة ""#الإسرائيلية"" على #القدس في أوراقها الرسمية",OBJ
5450,بين التفجير ومستشفي الشرطة ساعة لنقل المصابين لو المرور كويس الاصابات بسيطة خضة صداع زعل طرقعة صباع وزغللة,OBJ
5451,الاهرام رجع زى أيام هيكل البلد زى الفل بس تعبانة شوية وقواتنا تقترب من تل ابيب بس اسرائيل ضربت كل مطارتنا,POS
5452,لا يمكن طمأنه المجلس الآن و المواد ال9 و ال10 فى الوثيقة كانت لصناعة دولة فوق الدولة,OBJ
5453,تعليقات أخرى على مقال أحمد عز,OBJ
5454,أسباب دخول أحمد عز الجنة: 1- جعلنا نكتشف لأول مرة كم كان كمال الشاذلي داهية كبيرة,OBJ
5455,الوطن | عن قانونيى السلطان | عمرو حمزاوي:,OBJ
5456,#نبض_رابعة | #البحيرة|مسيرة حاشدة لأهالي #دمنهور تلبية لدعوة تحالف دعم الشرعية احتشد أهالي مدينة دمنهور، مساء,OBJ
5457,شكرا لدعمك,POS
5458,بعد عزل الرئيس السابق #محمد_مرسي، تولت سلطة جديدة في #مصر، فهل تداركت الأخطاء التي وقع فيها جماعة,OBJ
5459,#عاجل | باعتراف المتحدث العسكري الجيش يعتقل ٢٠ من أبناء #سيناء اليوم بالاضافة إلى تفجير منزلين وحرق ٣٢ عشة ومصادرة ١٥ سي…,OBJ
5460,"بينج بونج :من أسبوعين قال عنى أحد كبار القتلة أننى "" أمن دولة "" فضحك عليه الجميع إلا واحد فقط وافقه على ذلك بعد دقائق من قوله، 1",OBJ
5461,#صباح الـ #ضباب في #بوسطن على الواجهة البحرية ' …,OBJ
5462,محبين البرنامج بيزيدوا :),POS
5463,الأخوان او #مصر صراع وجود ومعركة بقاء يحاول الأخوان انتاج المشهدالسوري عن طريق توسيع بؤرالإرهاب بين رابعة،النهضة،الألف مسكن ومدينة الانتاج,NEG
5464,الأقباط شركاء الوطن عبد المنعم أبو الفتوح,OBJ
5465,فيلم الجزيرة #الصندوق_الأسود لأحداث #الإتحادية فضح الكثير انتظروا فيلم #المندس اللي هيفضح حاجات كمان وكمان #انتخبوا_,NEG
5466,تكوين لجنة الخمسين جامل بشكل كبير القوى السياسية على حساب الشباب والأقباط #السادة_المحترمون,NEG
5467,الشاعر عبدالله حسن اغنية #25_يناير ادي جااامد عشان جااامد مخدش لكل كلاب مجيده,NEUTRAL
5468,بيان حزب مصر القوية عن مجزرة رابعة 27-07-2013,OBJ
5469,يدعو إلى نصرة مسلمي #الروهنجيا في جامعة أمريكية #بورما #أراكان #ميانمار,OBJ
5470,التعديلات تشمل تغيير مواد دستور 2012 عدداً ومضموناً / خارطة الطريق ومستقبل مصر # #,OBJ
5471,ياعمي #تفجير #الاهلي_الاتحاد,OBJ
5472,بمناسبة ان #الامتحانات قربت ~ #لو_ده_جنان_اتجنن !!~ _ #اتجنن ولما تلاقي فى الامتحان سؤال مش عارف اجابته اكتب (#انا_سعيد_إنك_سألتنى_السؤال_ده,OBJ
5473,#الميدان|#جامعة_المنيا |#انتهاكات|الحبس 11 سنة و غرامة 130 ألف جنيه لطالب ثانوي بعد إطلاق الرصاص عليه وإصابته …,OBJ
5474,٨ نساء في ليلة واحدة والله المستعان آخر كلام ١١م على أون تي في,OBJ
5475,هو مرسي ما غيرش النائب العام ليه؟ هي دي النهضة؟,NEG
5476,رضا عبدالسلام: كلام دعبدالمنعم أبوالفتوح الاقرب إلى الناس وهو علامة من علامات مصر هو شخصية مصرية مضحية حتى النخاع,POS
5477,#اخر تطورات دمشق وريفها #مليحة استمرت قوات الجيش العربي السوري بعملياتها ضد المجموعات المسلحة والتي تحاول امداد,OBJ
5478,حمدي الكنيسي وعقاب صقر وهشام قاسم ومريم البسام وياسر رزق وبيير أبي صعب ضيوفي مساء الجمعة حول مشاكل الإعلام المستقل في مصر ولبنان أي خدمة؟,OBJ
5479,#عاجل #الرياض #مكة #خواطر #غرد_بصورة #غرد_بصوره #دبي #غرد_بذكر_الله [31475501],OBJ
5480,حركة تمرد طالبت بإنتخابات رئاسية مبكرة ولا بد من استغلال فرصة الحشد الثوري ضد الإخوان لإيصال مرشح ثوري مثل البرادعي إلى الرئاسة,NEUTRAL
5481,: يضاف اليهم البرادعى ضمير الثورة طبعا,POS
5482,مجلس الشعب 22 فبراير 6: الحرية وحقوق الإنسان لا مساومة عليهما وهما نبت مصري ليس بغريب عنا واتساقي مع ذاتي هو أغلى ما لدي في الخاص والعام,OBJ
5483,ماشاء الله، لا قوّة إلا بالله مؤشر بورصة #قطر يسجل أعلى مستوى في تاريخه #سحب_السفراء_من_قطر,OBJ
5484,صحف العالم تتحدث بدهشة عن صمود وعظمة وبسالة المصري فى مواجهة دموية الانقلاب هل هتاك شعب يحب بلده مثل المصريين؟ نصرنا قادم ان شاء الله,POS
5485,منهج الانقلاب قتل وقمع وسجن اى معارض اعلام فاسد وقضاء مسيس ارتفاع للاسعار واقتصاد ينهار عزلة دولية وشحاتة خليجية,NEG
5486,سعد نبيهة,OBJ
5487,#الطريقة #الشرعية في #تحصين #المنازل #الشيخ #عبدالعزيز_الفوزان,OBJ
5488,ما ترتيب التراس #وايت_نايتس من بين أفضل الالتراس في العرب ؟,OBJ
5489,لكل الذين يحاولون إيجادمبررات لحركة المحافظين،لأوضاع الأمنية مسؤولية مديرين الامن لا المحافظين، أما المحافظات الحدودية فلها وضعية خاصة #مصر,OBJ
5490,أَسْتَغْفِر اللَّهَ الْعَظِيم الَّذِي لَا إِلَهَ إِلَّا هُوَ الْحَيَّ الْقَيُّومَ وَأَتُوب إِلَيْهِ #استغفار #اذكار…,OBJ
5491,اقتراحاتكم للمادة الاولى على الهاش تاج دهعادة مادة مالهاش لازمة تعالوا نفتكس فيها #المادة_لاولى,NEUTRAL
5492,رواية الدكتور الاسوانى ( نادى السيارات ) فى حقيقة الامر عبقرية بمعنى الكلمة,OBJ
5493,#كلمه_بتتقال_في_البيت_كل_يوم امحق وجهك مو وجه مذاكره خلي الجامعه بس اذا ماذاكرت بتفلحين يعني اذا ذاكرت والله ماعرفت لكم 😰😥😩,OBJ
5494,أهي صهيونية وتدعم #حماس وتُعمّر #غزة بذات الوقت؟ أتريد تدمير الأمة فتقف ضد الانقلاب على من احتفلت #اسرائيل بعزله؟ أكل ت…,NEG
5495,ميغركيش العدد والله انا اكتر انا اللي مش #اخوان وانا اللي مش #عسكر #المكالمه,NEUTRAL
5496,"أنا فى الحج هذا العام بصحبة الدكتور ""محمد راتب النابلسى"" عالم سوريا العظيم المجاهد سندعوا كثيراً يوم عرفة",OBJ
5497,الاهلي سجل 3 اهداف في شوط واحد #ليه الاتحاد ما يسويه,OBJ
5498,شكرا لكل من شارك في البرنامج انتم شركاء في هذه الفرحة احسن فريق اعداد و اخراج و انتاج و كتابة فخور بشغلي معاكم,POS
5499,الآن على الهواء: حلقة خاصة من آخر كلام على 12398,OBJ
5500,موعد صلاة المغرب-#بوسطن(وأقيموا الصلاة وآتوا الزكاة وأطيعوا الرسول لعلكم ترحمون),OBJ
5501,قري ومدافن النوبة تغرق بمياه الصرف الصحي والمحافظ يشكل لجنة لحصر الخسائر #يوسف_الحسيني #السادة_ال…,OBJ
5502,الفرق بين الداعية الديوث والشرشوحة خالتي فرنسا أن خالتي فرنسا تابت ولم يكن لها الحظ بالعمل في تقديم البرامج الدينية,NEG
5503,رئيس جهاز المركزي للمحاسبات:وزير العدل أخد مكافآت ب٥٩ مليون جنيه حتي يونيو ٢٠١٣ حد يصحى الطرطور او بلاوى او الاعلام,OBJ
5504,فريد أحمد حسن : عملية تفجير المقشع مدبرة ٪100: #نوري_المالكي #ضاحي_خلفان #محمد_البرادعي #عمرو_موسى #أبلة_فاهيتا #رفح,OBJ
5505,#سحب_السفراء_من_قطر,OBJ
5506,"شاهد - آخر كلام: ""تأشيرة براني"" نصابون برخصة حكومية #",NEG
5507,#مباشر_مصر | #القاهرة #السلام #عزبة_النخل بث مباشر من فاعلية الأن بمدينة السلام إنطلقت من مسجد الشهداء بالجراش,OBJ
5508,هذا ما عندي والله أعلم وبعد كلام زوجة الشهيد طارق الأقطش ليس هناك كلام لمن أراد الحل الدائم والجذريسلام عليكم,NEUTRAL
5509,لم يبقى على #رمضان الكثير - لاتنسى صيام القضاء - حتى لا يأتي رمضان هذا العام ورمضانك الماضي غير مكتمل ! - ذكر غيرك ~,OBJ
5510,#حلاوتك_وانت عامل نفسك دكر و راجل قدام امك و بتبقى مرمطون و شخشخية ف ايد البنت بتاعتك #استرجل,NEG
5511,الإخوان يطلقون طفايات الحريق للإيحاء بإلقاء القنابل المسيلة داخل مسجد #الفتح,OBJ
5512,سحل متظاهرين بالقصر العيني - ليعلنها #مرسي بصراحة-هل انت فاقد السيطرة على الداخلية؟ أم انت المسؤول؟,NEUTRAL
5513,مشاعر #شيرين,OBJ
5514,على فكرة الخطاب ماكانش طائفيو هو بيتكلم عن الاخوان كجماعة سياسية تستخدم الدين على حد قوله في لاغراضها،الطائفية لما يهاجم دين,NEUTRAL
5515,#محمد_نجيب : الاندفاع الهجومي لـ #الدفاع_المغربي مفتاحنا لتعزيز الهدف المهم دفاعنا إحنا ميبقاش هو الهدف يا كابتن,OBJ
5516,بدء لقاء دعمرو خالد مع 1200 من شباب صناع الحياة ومتطوعي مبادرة العلم قوة في اليوم الأول من معكسر أبو قير بالإسكندرية,OBJ
5517,😡😡 بغيض نبي نطلع ومسكها على البطاطس #صور #تصوير #تصويري #عدستي #انستقرام #تويتر #فيديو #دبي #رحله #سفر…,OBJ
5518,عمال مصر هم عماد الوطن، تكرار الإعتداء على العمال يؤكد ان دولة مبارك لم تسقط وان تغيرت الوجوه,NEG
5519,لو الانتخابات لم تزور لكان شفيق خسر حتما وأتوقع منك الا تشارك في هذه المسرحية التى لديها من المخالفات ما يبطل عشر انتخابات,NEG
5520,بسم الله وبعون من الله، نبدأ حملة (أوعى) للتوعية بأخطار المخدرات التفاصيل لاحقاً إن شاء الله,OBJ
5521,قناة / سي بي سي:محمد وهب الله أمين اتحاد العمال:#إبراهيم_محلب رئيس الوزراء قر - عبر تطبيق نبض,OBJ
5522,إيه فكرة حملة مرور ومفيش حد في الشارع؟,OBJ
5523,خمسة من مستشاري عبد الله غول ينتمون لجماعة فتح الله كولن #السعودية,OBJ
5524,#بايرن_ميونخ #ريال_مدريد #ذا_شامبيووونز,OBJ
5525,أوراسكوم تشتري مصنع سماد في أيوا بأمريكا بمبلغ 14 مليار دولار,OBJ
5526,"#إنت_حر | #كارمن_سليمان ووالدتها تغنيان ""حبيبتي من ضفايرها"" ألحان الراحل #عمار_الشريعي في مع #…",OBJ
5527,دعبد المنعم أبو الفتوح لـ : فضلت خوض الانتخابات كمرشح مستقل لأمثل كافة طوائف الشعب المصرى,NEG
5528,_2000 انت تعلم جيداً من أعطى قلادات وأوسمة لرموز الفلول,OBJ
5529,سأتجه الآن إلى الملتزم (بين الحجر الأسود و باب الكعبة) هناك يستجاب الدعاء و هناك لصق النبي جسده بالكعبة و دعا الله كثيراً سأدعو لكم كثيراً,POS
5530,انا و العيال #اوسكار2014 في #جدة لو يدي اطول شوي كان طلعت احلا من صورة ايلين و برادلي كوبر 😕,OBJ
5531,"في جلسة التحقيق : سلطان لقاضي التحقيق ""أقرر أنني أتهم السيد ا?ستاذ المحقق أحمد حنفي رياض وا?ستاذ أسامة مرزوق",OBJ
5532,#في_عالم_موازي اني مخلص كل حاجة ليلة الامتحان و براجع او احل,OBJ
5533,بشرى ـ في #السادة_المحترمون,OBJ
5534,#حاجات_بتفرح_في_مصر انى اسيب مصر,NEUTRAL
5535,من ذكريات صفحتنا || 26 يوليو 2011,OBJ
5536,بسمة أمل مع اسم الله العزيز,OBJ
5537,يا جماعة البرادعي جاب سيرتي في تويتة لولولولولولولولي شكرا للنائب العام اللي اتاح لنا الفرصة دي,OBJ
5538,إن ذكر الرحمن يُذهب الأحزان #أحبك_ربي,POS
5539,انتخاب مرسي بالقطع ليس سبة ولدى اصدقاء لا اشك في ثوريتهم انتخبوه لكني ببساطة لم انتخبه وقاطعت وان كان هو الان الرئيس الشرعي,NEUTRAL
5540,#خليك_متحضر #معا_نحو_التحضر,POS
5541,#زمكان - #مصر |#أخبار_مراسلينا | ابراهيم #حماد يمنع استخدام عربيات ربع النقل فى نقل الركاب فى #اسيوط اسيوط -,POS
5542,ونعلم ان بعض أبائكم قد مات حسرة وهو يشاهد ابتسامة القاتل، نقولها لكم، لن نقبل الا بثورة تعيد لنا كرامتنا وحقكم ويعيش فيها وطننا رافعا للراس,OBJ
5543,دلوقتي معادكم مع برنامج نقطة لقاء مع يوسف الحسينيتابعونا #,OBJ
5544,أسَألك #اللهم فِي كُلّ يوم جَديد زَدتَهُ فِي حَياتنَا أن تَزيدَنا مَعَهُ إيماناً و رِزْقاً وَ سَعادَة وَ تَوفِيقاً صبحكم الله بالرضا والقبول,OBJ
5545,انتظروني الليلة مع الإعلامية جميلة اسماعيل في برنامج إعادة نظر علي قناة النهار الساعة 11 م,OBJ
5546,محو دلجا من على الخريطة بعد القتل والاعتقال والتعذيب لاهلها وتدمير المنازل امتد الامر لحرمان الحقول من الماء,OBJ
5547,عبد الرحيم علي: #وائل_غنيم و #وائل_عباس اتفقا على ضروة القضاء على #أمن_الدولة اقرأ التفاصيل على الرابط,OBJ
5548,اعلام العار خيرى وباسم ولميس ركزوا سخريتهم ان مرسي نحس انهارده الاتقلاب ما بيفوتش وكل يوم مصيبة اكبر من الى قبله,NEG
5549,طيب إرسوا لكو على بر هو المواطن قلع نفسه ولا المتظاهرين قلعوه ولا قطاع الأمن المركزي عراه وقطاع حقوق الإنسان لبسهعايزين وساخة ليها منطق,OBJ
5550,أنا فيروس الفيروس :),OBJ
5551,مصر بعد ٣ يوليو ٢٠١٣ السياسة بين افتتاحية الريحاني واقتباس دانتي المزعوم، الشروق المصرية,OBJ
5552,"#المصري_اليوم أنصار مرسي من قنوات ""الجزيرة"" إلى ""الشرق ورابعة"" (تقرير): منذ أحداث 30 يونيو و3 يوليو أت #مصر",OBJ
5553,"الان علي قناة دريم 2 ضيف برنامج"" بتوقيت القاهرة"" مع حافظ الميرازي",OBJ
5554,#متصدر_لاتكلمني #النصر #الهلال #الاهلي #الاتحاد #الفتح #الشباب #السعودية الدرعيه #الرياض خمس الاف 3,OBJ
5555,وبحبك يا #زمالك,POS
5556,لو ضربت طفلا ضرباً خفيفاً و أنت توبخه لبكي و لو ضربته ضربة أقوي وأنت تمازحه لضحك فالألم النفسي أقوي بكثير من البدني،فرفقاً بكلماتكم الجارحة,OBJ
5557,مقتطفات من أقوال الزعيم التركي رجب طيب أردوغان لله درك يا #أردوغان #تركيا #إنجاز #نجاح #قيادة,OBJ
5558,"نذكركم أنه تم تأجيل لقاء ""على خطى الحبيب"" الأسبوعي الذي يعقد كل خميس بمسجد المجمع الإسلامى لمدة ثلاث أسابيع",OBJ
5559,د عبد المنعم أبو الفتوح على قناة الحرة: مواجهة الفتنة الطائفية تحدث بتحقيق العدل و تعميق حرية الاعتقاد,OBJ
5560,#مباشر_مصر|#دمياط|سلسلة بشرية لاحرار البصارطه بدمياط نظم أحرار قرية البصارطة بدمياط سلسلة بشرية صباح اليوم السبت,OBJ
5561,لو حسيت في يوم من الايام ان في حد اتدخل في شغلك  #قدم_استقالتك,OBJ
5562,#بيع_متابعين #زيادة_المتابعين #تابعني_اتابعك #السعودية #الهلال #النصر #الاتحاد #الأهلي #الأتفاق #الشباب [90985],OBJ
5563,سعيد جداً بزيارة الجزائر بلد جميلة فعلاً!,POS
5564,__ 1 _ يعني انت مش متابع بس بتشتمني احتياطي؟,NEG
5565,سوف تقوم الحملة بتوزيع مطبوعات تحمل شرح مبسط لطريقة الانتخاب وأشكال الاستمارات في الدائرة لتجنب إفساد الأصوات,OBJ
5566,"مقال #عمرو_حمزاوي ""يوميات الإرهاب والقمع"" مسموعاً من موقع #اقرأ_لي",OBJ
5567,المبدعون السوريون علي فرزات وسميح شقير وإبراهيم الجبين وموسى إلياس والمفكر الفلسطيني سلامة كيلة في آخر كلام، أون تي في، ١١م,OBJ
5568,"#رصد|#عاجل| نائب رئيس الوزراء التركي ""بولنت أرينتش"" معلقاً على أحكام الإعدام في #مصر قبل قليل : ""نأمل أن لا يصل",OBJ
5569,"#التحرير | #صباح_الخير "" ربِّ أسألك في هذا الصباح أن ترزق كل منّا ما يتمناه """,OBJ
5570,_ مؤتمر جماهيري حاشد بشبين الكوم لعصام سلطان الاربعاء القادم 7 مساء بميدان شرف بصحبه مرش,OBJ
5571,علم ابنك القرآن وسوف يعلمه القرآن كل شي #علموا_أولادكم #علم,POS
5572,انتهى الان لقاء د أبو الفتوح مع الاعلامي ابراهيم حجازي على قناة النهار,OBJ
5573,برغم مايظنونه إنتصارا يبدو الإخوان وحلفاؤهم عصبيين جدا يتحدثون عن نخبة معزولة ومع ذلك ينهالون فيها شتما وتخوينا وكل مايشغلهم الآن قمع الخصوم,NEG
5574,إن شاء الله خلال أسبوعين هتنزل كل مواد المعصرة مش بس بي دي إف وإنما كنصوص منفصلة ليسهل قراءتها وبصحبتها الرسوم وهننزل الأعداد القديمة كمان,OBJ
5575,برومو حلقة (بائع الليمون) - ثاني حلقات الأنيميشن من برنامج بسمة أمل انتظروا الحلقة الساعة 7 مساء الخميس,NEG
5576,) ! ما تحظر صلاة الجمعة ب…,OBJ
5577,ليس هناك إلى أساس قانونى لهذه المطالبة لنا أو لغيرنًا إنما أردت أن أدلل أنهم خصونا بعناية خاصة :)))))))),OBJ
5578,الخطاب الحقيقى للريس,OBJ
5579,لقاء دعمرو حمزاوي مع المتطوعيين مركز شباب منشية البكري 26ديسمبر2011,OBJ
5580,أساس انتشار الظلم هو عدم الإعتراض عليه,OBJ
5581,تواصلت مع نعومي تشومسكي بخصوص ما نسب اليه من كلام بخصوص عداء دبي لمصر بسب قناة السويس وهذا رده,OBJ
5582,خمس الاف متابع بـ 200 ريال #سلمان_العودة #تغريدة #اقتباس #طارق #السويدان #طارق_السويدان #أعجبني #العريفي # 363,OBJ
5583,#الشام_اليوم - #دائرة_الضوء - مستقبل #المصالحة السيناريوهات المتوقعة #فلسطين #اسرائيل #المفاوضات #حماس #فتح,OBJ
5584,اذا وصل #حمدين_صباحى للحكم سيسقط قانون التظاهر و القانون لم يواجه من يمارس العنف …,OBJ
5585,احنا اسكندرانية ونعجبوك,POS
5586,مصر الانقلاب تطالب بمقعد دائم للدول العربية فى مجلس الامن بينما مصر والعرب فى أضعف حال مثل مريض يطالب اتحاد,NEG
5587,و انت بألف خير شوفي البرنامج علشان نسمع رأيك :),OBJ
5588,من فاعلية حركة #نساء_ضد_الانقلاب بـ #دمنهور صباح 30 4 2014 #مكملين #انتفاضة_السجون # …,OBJ
5589,نودع اليوم فقيد الصحافة المصرية صاحب الكلمة الحرة الأستاذ سلامة أحمد سلامة إلى مثواه الأخير وهذا أقل ما يمكن أن نقدمه لقلمه المحترم,POS
5590,ماقدروش على اللي أمه أمريكية اتشطروا على اللي أمه مصرية عاش مرسي مطهر الداخلية,NEUTRAL
5591,كلما كرر حزب النور افعاله الوضيعة كلما تذكرت الفعلة الحقيرة لممثلهم البرلمانى البلكيمى,NEG
5592,#دعوة_الصائم_لاترد يا رب عنا علي انفسنا يا رب و اغفر لنا يا رب فانت اهل الرحمه و المغفره يا رب,POS
5593,طب سؤال بجد: اللي قتلوا الشيعة صاموا نص شعبان وكده؟,OBJ
5594,اذاعت قناة الجزيرة الرئيسية ان شهداء الاتحادية ينتمون الى الاخوان شهداؤنا كلهم واحد ولكن هل الحسيني ابوضيف او كرم جرجيوس من الاخوان عيب,NEG
5595,# | محكمة جنوب القاهرة ترفض استشكال مؤسس #البلاك_بلوك على حبسه 9 أشهر فى تحطيم نصب التحرير #مصر #,OBJ
5596,#اخبار_الزمالك : #ميدو: خلع #عمر_جابر لقميصه وفاءً #_ #اخبار_الرياضة_المصرية_والعالمية_اليوم #اخب,OBJ
5597,مقتل 32 شخصا في هجمات إرهابية انفصالية على عدد من القرى شمال شرق #الهند #الارهاب,OBJ
5598,لقاءات حصرية توضح عدد من الجنسيات المختلفة المسلحين بعد القبض عليهم برمسيس وغمرة …,OBJ
5599,الوفاء الشهامة العفو قصة من روائع الحضارة الإسلامية - استمع لحلقة جديدة من حلقات بسمة أمل,POS
5600,ليس سيئاً تماماً أن نري الشفيق هارباًصحيح القصاص حلولكن العار برضه حلو,OBJ
5601,إسرائيل توافق على نشر المزيد من القوات في سيناء,OBJ
5602,#الشروق آلاف العراقيين في الخارج يقترعون ضمن الانتخابات التشريعية لبلادهم: بدأ آلاف العراقيين المقيمين #مصر,OBJ
5603,الله أكبر الله أكبرالله أكبر لا إله إلا الله تكبيرات العيد تبعث فى الوجدان طاقة إيمانية عظيمة كل عام وأنتم بخير,POS
5604,يلا يا رجالة نشيررررررررررر,OBJ
5605,#حركة_كايدينهم #تحيا_مصر #السيسي_رئيسي_2014 #باسم_طلع_حرامي #سأنتخب_السيسي انصار الارهابيه يشتبكون مع الاهالي بالزرقا,OBJ
5606,لا تستهينوا بتأثير اليوتيوب على المواطن العاديأما الذين اختاروا السمع والطاعة فقد رضوا معها بالنطاعة فلن يجدي معهم سوى شعار:عيشوا بعاركم,OBJ
5607,#الاهلي #اسلوب_حياة,POS
5608,تصويبا لما نشر على لسان أبو العلا ماضي من محرر النيويورك تايمز لم أقل أبدا أن الإسلام ليس هو الحل,OBJ
5609,فيديو مقتل اثنين برصاص الشرطة والجيش في مسيرة حركة أحرار من ميدان سفنكس 30 8 2013,OBJ
5610,الأدمن: اتفرج على لقاء #باسم_يوسف في 3 عن ازاي طريق لاكتشاف #المواهب في العالم العربي,OBJ
5611,في مصر توافق الناصريون والسعودية في موقفهما ضد الاخوانوفي سوريا الأول يدعم حليفه بشار والثاني يسعى لإطاحتهنفاق سياسي فج …,NEUTRAL
5612,7 هو المثل بيتقال في إسكندرية بطريقة تانية بس بتخالف شرع الله فمش هينفع أقولها,OBJ
5613,مدن (#فلسطينية) #رام_الله #القدس #نابلس #اريحا #قلقيلة #الخيليل #طولكرم #بيت_لحم #طوباس #جنين #بيتونيا #بيرزيت #جباليا #البيرة #سلفيت 317,OBJ
5614,فيديو مفبرك والسيدة المذكورة لا علاقة لها بالحملة,OBJ
5615,الذين انتخبوا شفيق ليسوا بالضرورة فلول الفلول ببساطة هم كل من اشترك واستفاد من فساد مبارك لا يمكن للثورة ان تتحالف معهم لانها قامت ضدهم,NEG
5616,"بنت بتقلد مايكل جاكسون عل الطريقه المصرية "" مسخررره "" #حط_نيزك_في_فيلم #النيزك #3 #أعترا…",OBJ
5617,#الرياض #جدة #الدمام #القصيم #الأحساء #حفر الباطن #الجوف #عرعر #أبها #عسير #الخرج خمس الاف بـ 200 ريال 17,OBJ
5618,أفضل ممثل لثورتنا#30_يونيو هو قائدهاسيادةالمشير علشان كده #السيسي_رئيسي_2014 #سأنتخب_السيسى_و_مش_هنزل_لمستواك,POS
5619,"جوله واحده في أرجاء المستشفي تجعلك تقول ""الحمد لله""",OBJ
5620,#عباس يتوقع وضعا #ماليا_وسياسيا صعبا التفاصيل:,OBJ
5621,للمشاركة في برنامج آخر كلام يمكنكم الاتصال بالأرقام الآتية من داخل مصر 38555812 02 - 38555811 02 من خارج مصر 38555812 00202,OBJ
5622,"#السارية 2 أنشودة ""حاشاك يا رسول الله"" #النشاما #شبكة_المجد #قناة_ماسة 1",OBJ
5623,#أوباما : #ميانمار لن تنجح إذا قُمِع المسلمون,OBJ
5624,يوم 7/7 هيكون #يوم_من_اجل_مصر لفريق العلم قوه هدفنا ندخل 100000 أمي الفصول لمحو اميتهم شاركونا,OBJ
5625,عادي هي مش شغلاني بس موضوع لطيف وخفيف وظريف ومليان كالوريز,OBJ
5626,ازمات مصر الحقيقية لن تحل بالمتاجرة بالدين ولا بالحديث عن تطبيق الحدود والسياحة الشرعية، بل ببرامج تشريعية وتنفيذية محددة,NEUTRAL
5627,ما وصل إلينا من فساد تم تحويله إلى النيابة العامة #السادة_المحترمون,OBJ
5628,"سحر النوم والراحة مع #مصطفى_حسني ،، جميلة =)""",POS
5629,مقال دعمرو حمزاوي -جريدة الوطن -مبادرة للخروج من الأزمة,OBJ
5630,غريبة، مفيش تصريحات النهاردة للدكتور مصطفى الفقي عن مباراة مصر و قطر #,OBJ
5631,شارك معنا في برنامج بسمة أمل,OBJ
5632,كل ما كان يرفضه الاخوان من خطايا الحزب الوطني البرلمانية و إجرامه التشريعي أصبحوا يتبنونه الانمسخرة,NEG
5633,هواجس العام الجديد ــ أولنا بعيدًا عن السياسة - عمرو حمزاوي - بوابة الشروق,OBJ
5634,من يفهم في القانون اكثر من الفقيه الدستوري الدكتور ثروت بدوي والدكتور عاطف البنا والاستاذ جمال عيد كلهم أيدوا قرار الرئيس بعودة البرلمان,POS
5635,شاهد - آخر كلام: أروح لمين مصر والإضرابات #,OBJ
5636,الصفحة الرسمية لصناع الحياة مصر تهنئكم بقدوم عيد الفطر المبارك كل عام وانتم بخير,POS
5637,رأيتك في المناشف رأيتك حين تزرع وردةً خلف العواصفْ (ووجهك لا عواطف) رأيتك ياضميري رأيتك كالتذاذ الجرح في لمس المشارط,OBJ
5638,كما تدين تدان !! #اطمن :) ^-^,OBJ
5639,| افتتاح معهد إعداد المعلمين في جبل الزاوية بادلب #سوريا #أورينت,OBJ
5640,هامش للديمقراطية المتواطئون الإقليميون - عمرو حمزاوي - بوابة الشروق,OBJ
5641,لو اصبح كل الناس ثوريين، ولكن لم يوجد اي تحرك اجتماعي، تأكدوا لن يتغير شيء من يريد التغيير، يجب ان يتحرك على ارض الواقع #ا…,OBJ
5642,الانقلاب يريد قمع 50 مليون مصرى لو حاولت امريكا بجبروتها قمعهم ما نجحت شعب مصر العظيم سينتصر ويدفع العالم لاحترامه,POS
5643,"#خريجات_جامعيات_قديمات_عاطلات #رتويت #دعم #ظلم #قهر """,OBJ
5644,ازاي واحد من المفترض انه محترف سياسة يتحدث عن المصالحة، تقدر لو رجعت الناس الي اتقتلت لأهاليها، غير كدة متعن…,NEG
5645,نفق العروبة واقف تماماً من الاتجاهين بسبب شباب بيغني و يرقص و اللي في العربيات مش متضايقين,NEUTRAL
5646,شكراً :),POS
5647,لا خلافات مع #معوض وأصبروا على #جدو,OBJ
5648,مع انى مليش صوت انتخابى بس بردة سندعم قائدنا#سأنتخب_السيسي #تحيا_مصر,OBJ
5649,المقال الأسبوعي لـ علاء الأسواني ينشر صباح غد بجريدة المصري اليوم,OBJ
5650,قرار كويس وهايل و مستنيينه من زمانلكن #السادة_المحترمون,POS
5651,قطب العربي عضو جماعة الإخوان يصعد المنصة وهتافات من الصحفيين ضده,OBJ
5652,يا غنوة مبتكملش يا دمع يا محبوس ليه كل ما أحلم حلم بقى يتقلبلى كابوس #محمد_محسن,NEG
5653,"بوابة الشروق تنشر خطابات متبادلة بين ""#محلب"" و""محافظ #القاهرة"" و""الآثار"" عن التجاوزات في مدينة ""الفسطاط""",OBJ
5654,مرة واحد مراته عقدها اللي بتحبه اتقطع فسهر طول الليل يلم في حباته عشان متزعلش (: #سيدنا_النبي #السيدة_عائشة #الحب,POS
5655,شاهد: لقاء دعمرو خالد ودأحمد جمال الدين مع لميس الحديدي وحديث مفصل حول إنشاء حزب مصر في برنامج: هنا العاصمة,OBJ
5656,# #نافذة_مصر | #الجيزة : فى اسبوع ثورى جديد خرج أحرار البراجيل فى مسيرتهم الاسب #2011,OBJ
5657,استغرب من المحللين الذين يضخمون من الاعتداء على سفارة إسرائيل بدعوى أنه مخالف للقانون الدولي فهي جنحة مقابل جرائم إسرائي,NEG
5658,د عبدالمنعم أبوالفتوح: عدد المعاقين في مصر وصل إلى عشرة مليون ينعكس على ملايين حولهم فلماذا لا نتعاون كلنا لدمج,OBJ
5659,ما بين المعصية و الطاعة صبر النفس علي هواها لحظات !,OBJ
5660,"الحلقة الاولى الجزء الثاني: ""النهضة لا تزال في""",OBJ
5661,#لما تحس ان اللى قدامك #مش_عايز_يكمل_معاك #ابعد ابعد ابعد ابعد وماتجيش على #كرامتك اكتر من #كده,OBJ
5662,الحقيقة وراء التحوّل المريب الذي أصاب الإعلامي #إبراهيم_عيسى مؤخرا # :,OBJ
5663,المهندس نجيب ساويرس مؤسس حزب المصريين الاحرار، ضيف برنامج على قناة غدا الخميس في الاوقات التالية ٦٣٠,OBJ
5664,قالك :- الإخوان بيزايدوا علي بتوع #الإتحادية طب و جملة مش هننزل نتظاهر مع الإخوان دي إيه ؟ رز بلبن ؟,NEG
5665,حكم البقر على البشر بشريعة القرنين,OBJ
5666,شاهد - آخر كلام: ج3 - أين أموالنا ؟ هل يمكن استعادتها؟ كيف؟ # #,OBJ
5667,سأصوت بلا على تعديلات دستور سقط علشان نعم ستدخلنا في متاهة سياسية ودستورية، وهي انتكاس للديمقراطية,NEG
5668,بيان بخصوص وثيقة د على السلمي والدعوة لجمعة 18 نوفمبر #18,OBJ
5669,انا اهو و انتوا اهو الغضب الشعبي حيمهد ان الاخوان يلبسوا المصايب كلها في السنتين اللي فاتوا حتى خروجنا من تصفيات كاس الامم,OBJ
5670,الرسالة الاسبوعية لدكتور عمرو حمزاي 27 ابريل 2012,OBJ
5671,ماكنتش متخيل إن إعادة نشر تعريفات الجاموس المحيط على تويتر بيخليها تنتشر كده مع إني كاتبها من 2005 ومابعدهكل يوم هانزل شوية كده بإذن الله,NEG
5672,أتواصل مع أصدقائي في حزب الدستور واساعدهم بالافكار لكنى مؤمن بان الكاتب لا يجب ان ينتمى لاى حزب وانما يظل مستقلا حتى يحتفظ بوضوح الرؤية,OBJ
5673,هو مستفز لي مع اني رحت الحرم تلات مرات الحمد لله و ليس فقط لمن لم يذهب يا استاذي العزيز,NEUTRAL
5674,الأداء المخزي لبعض الشخصيات التي كنا نسميها مستقلة يثبت أن كل ما في الأمر أنها لم تأخذ فرصتها في النفاق لمبارك لأن كل الكراسي كانت محجوزة,NEG
5675,أنا راجع من الساحل وسأسعى للحضورًباذن الله الف مبروك,NEG
5676,تعليقًا علي أسعار الغاز مصر القوية : الحكومة غير منتخبة ولا تمثل جموع الشعب #مصر #ميدان_التحرير,OBJ
5677,#حركة_كايدينهم هوا ليه صباع رجلى موش زى صباع ايدى حد يقولىىىىىىىىىىىىىىىىىىىىىىىىىىىىىىىىىىىىىىىىىىىىىىىىىى …,OBJ
5678,دأبو الفتوح للشباب والرياضة: كل أصحاب الاحتجاجات الفئوية لهم حق، لكن ادعوهم الى الصبر شهور قليلة حتى يقوم نظام حكم منتخب,OBJ
5679,المصري اليوم| السفير حسام القاويش، المتحدث باسم #مجلس_الوزراء، للإعلامية #جيهان_منصور في برنامج #صباح_التحرير:,POS
5680,الأول: نشر ما ذكرته له في جريدة (المصري اليوم )التي انتمي اليها والثاني: التنبيه علي الثوار في ميدان التحرير من خلال الاذاعات المختلفة 13,OBJ
5681,#أمامه | #عباس: الشهور القادمة ستشهد صعوبات سياسية ومالية على #السلطة,OBJ
5682,#ولاد_البلد #المنصورة #مصراوي أهالي #المطرية يتضررون من غرق #شارع #مدرسة النصر ورعاية الأمومة بمياه #الصرف_الصحي,NEUTRAL
5683,#ذا_شامبيووونز اوعي فرحة بفوز الريال تنسيك جون مجدي عبد الغني,OBJ
5684,من إنجازات الثورة العظيمة هو مشاركة الشعب في المعادلة السياسية ليؤكد أنه أهم لاعب,NEG
5685,تأملت كثيرا فيما أعلن أمس عن رغبة المستشار أحمد مكى فى إعفائه من منصبه,OBJ
5686,+ ثورة توحدنا #انتخبوا_ #ريتويت,NEUTRAL
5687,وزير التموين: الطماطم بـ3.5جنيه والخيار بـ225قرشا بالمجمعات الاستهلاكية,OBJ
5688,دعلاء الأسواني : ماذا تفعل اذا اكتشفت أن محاميك فاشل او بلا ضمير؟! >> …,OBJ
5689,أون تى في تعيش سكرات الموت وهى تتحرك خلف الشرطة والجيش لتصور علي الهواء تمثيليات القبض علي الإرهاب,NEG
5690,النيابة تحقق مع البلتاجي في قضايا الاتحادية والحرس الجمهوري ( اللي كل القتلي فيهم اخوان ماعدا الصحفي الحسيني ابو ضيف) #مصر,OBJ
5691,الى الثوريين المقاطعين لانتخابات الرئاسة المقاطعة ان لم تكن عامة وشاملة ومؤثرة ستصب في صالح الفلول كما ان غيابكم يعنى فتح الباب للتزوير أ,NEUTRAL
5692,فيه هجوم على دار القضاء؟,OBJ
5693,#المصري_اليوم #علاء_عبدالفتاح: #مصر لم تشهد حكمًا مدنيًّا حتى في عهد #الإخوان,NEG
5694,هل يحضر الرئيس المخلوع جلسة المحاكمة اليوم؟ شاركنا برأيك الليلة في آخر كلام عبر صفحتنا #,OBJ
5695,بعد التأكد من تعاقد الانقلاب مع شركة اسرائيلية لتحسين صورته فى اميركا واعادة الدعم الانقلاب يجوع شعبه ويدعم اسرائيل,OBJ
5696,_ يا عم هو كان جوز امي ما ترحمني بقى,OBJ
5697,الدواعى الأمنية سبب تقديم موعد #الامتحانات,OBJ
5698,كن شريفاً امينا ً لا لأن الناس يستحقون الشرف والأمانة بل لأنك انت لا تستحق الضعة والخيانة #عباس العقاد,NEUTRAL
5699,اللى بنى بنى مصر كان فى الأصل فتااااااااااااى #الماده الأولى,OBJ
5700,#ديانا_حداد تفتتح معرضاً للعباءات الخليجية في #قطر ,OBJ
5701,رابط قراءة وتحميل المعصرة اليوم: فقرات قلمين وسفاسف الأمور والجاموس المحيط وقصة نحيلة وتلك الأمثال وإنهم يكتبونني,OBJ
5702,وهو الإسراع في نقل السلطة من المجلس العسكري للهيئات المدنية المنتخبة,OBJ
5703,شاهد - د محمد فؤاد جاد الله: هناك مشاركة في صنع القرار من التيارات القريبة من الرئيس #,OBJ
5704,#السعاده ؟ ان تجد روحآ تشبهك بكل شي,POS
5705,عزيزى حامل عصا المقشا ومرتدى الخوذة البلاستيك فى اشارة رابعةانت الأمل فى التغطية على هروب بهوات الجماعةليكن شعارك هروب …,NEUTRAL
5706,لابد من استمرار الانتخابات في موعدها وترك المعتصمين والتشاور عن طريق القوى السياسية والشباب، الحل الآخر الذي أرفضه هو تشكيل حكومة إنقاذ وطنى,OBJ
5707,"رسائل إلى ثائر حائر ""2""",OBJ
5708,وقتك الذي تلهو فيه غيرك يبني مجده فيه,OBJ
5709,#تفه_واحده_مش_كفايه لمجتمع متحرش !!,NEG
5710,خمس الاف متابع بـ 200 ريال #سلمان_العودة #تغريدة #اقتباس #طارق #السويدان #طارق_السويدان #أعجبني #العريفي # 239,OBJ
5711,#صباح_الخير #بعد_منتصف_الليل #غرد_بذكر_الله #صور_كنك_بنت #لو_كنت_المتحكم_بالتويتر #رتويت افضل الاسعار 8,OBJ
5712,اللهّم بلغنا #رمضان معَ إخِواننا بـ #الدولة_الإسلامية_في_العراق_والشام,OBJ
5713,#لو_ده_جنان_اتجنن !!~ _ #اتجنن ولما تلاقي فى الامتحان سؤال مش عارف اجابته اكتب (#انا_سعيد_إنك_سألتنى_السؤال_ده ),OBJ
5714,"نرجوا عدم متابعة وحظر حسابات: المباحث ""تابعني واتابعك"" زيادة المتابعين الاخبار المحلية #الشعب_يقول_كلمته #جماعة_انصار_بيت_طنيطر #الرياض #جدة",OBJ
5715,قبل ما نسميه الشتا إللي فات من الكواليس,OBJ
5716,ونقول فاتنكم أمطار #الشرقية وحبات البرد خلوا مسكد تنفعكم 😂 😂,OBJ
5717,ولو خيرت في وطن لقلت هواك أوطاني ولو أنساك يا عمري حنايا القلب تنساني إذا ما ضعت في درب ففي عينيك عنواني #فاروق جويدة,OBJ
5718,إجراء الانتخابات قبل تفعيل حكم محكمة القضاء الإدارى بحق المصريين فى الخارج فى التصويت سيفقدها الشرعية,OBJ
5719,#اصعب احساس # #لما يوحشك حد# #مات# #سو#,NEG
5720,شاهد - آخر كلام: تاريخ وقفات ومظاهرات حركة كفاية #,OBJ
5721,لما يكون الحل انك تتمشى ومش قادر بس هتتمشى #يحدث_الان حتى المتعه بقت #لازم !!,OBJ
5722,المتحدث العسكري يعترف بقيام الجيش بمداهمة وإغلاق مسجد النصر في مدينة #رفح بحجة وجود أنفاق تحت المسجد,OBJ
5723,والبلد هتشيل لك الجميل,OBJ
5724,مفيش نور يتقطع و محدش يقولي ده كلام احنا في دوله ماينفعش متقدرش توفر كهربتها #لو_بقيت_رئيس_جمهوريه,OBJ
5725,الكاتب والسيناريست بشير الديك ضيف #يوسف_الحسيني في #السادة_المحترمون,OBJ
5726,يارب مثل مافرحت ل #الأرجوان في #المقابيس ول #الفرسان في #مضامير يااارب تكتمل فرحتي ب #النشاما واه يانشمي ياقلبي ♡ #السارية #السارية2,OBJ
5727,نقطة أخيرة قانون التظاهر الذي يحتاج إلي إعادة النظر في عقوباته كما يقول #الببلاوي أصدره هو في عهده وبنفسه أرائيتم كيف وصل العبث بعقولنا؟!,NEG
5728,#تخيل _لو _يتابعك في تويتر _شخص مشهور,OBJ
5729,#يومك_نت | #المصري_اليوم | إحالة مدرسين للنيابة بتهمة تخزين مواد حارقة ومنشورات بجمعية في #المنيا ﺃﺣﺎﻟﺖ ﺃﺟﻬﺰﺓ,OBJ
5730,"فريق عمل مسلسل""الخطيئة""يستعد لتصوير المشاهد الخارجية ب #أكتوبر و #المقطمالعمل على غرار المسلسلات التركية وبطولة #شريف_سلامة و الكاتبه والستايلست #انجى_علاء والفنانه #شيري_عادل",OBJ
5731,الإرهابيين ضربوا آلى وجرينوف على الناس في العريش أثناء صلاة الجمعة!,OBJ
5732,في ناس من أنصار أبو إسماعيل زعلانين ونازلين شتيمة واضح إنهم محبطين عشان مش هيبقى في إعتصام ودبح عجول وكدهمعلهش اطلعوا مدينة الإنتاج تاني,NEG
5733,امريكا تدفع لمصر مساعدات عسكرية بالمليارات ليقتل الانقلاب شعبه ولا عزاء للديمقراطية وحقوق الانسان,NEG
5734,إحنا #الزمالك إحنا ايييه ايييه جايين علشان نضحك ايييه ايييه نضحك عليكووووا #الزمالك_الافريقي,OBJ
5735,"لماذا استدعى مرسي ضابط الحراسة ؟! دعلاء الأسواني يكتب مقاله بعنوان : "" كيف للرئيس أن ينام ؟! "" على هذا الرابط >>",OBJ
5736,خطط #خالد_بن_الوليد الحربية,OBJ
5737,المصريون يتطلعون وهم يحتفلون مع قواتهم المسلحة اليوم بذكرى نصر أكتوبر إلى مستقبلٍ يليق بهم وبتضحياتهم وبشهداءهم الشعب يري,OBJ
5738,شاهد- آخر كلام: انتفاضة طلاب جامعات مصر,OBJ
5739,فيديو : د عبد المنعم أبو الفتوح فى برنامج لا مع عمرو الليثى,OBJ
5740,#الوفد - فيديو #عبدالحليم_قنديل يسخر من قاضى إعدام #المنيا,OBJ
5741,ومرسااااااه جابت نتيجة، وامرسااااه جابت نتيجة حكمتك يا رب,NEUTRAL
5742,من المتوقع أن تقوم الجماعة التى حاولت اغتيال وزيرالداخلية بعمليات إرهابية أخرى …,OBJ
5743,_ لا ده بيقوللك وسوري كمان وأعلى حاجة أن بيقوللك عبد البيادة وفي نفس الجملة بيهين الجيش,NEG
5744,لا ولن أوظف أبدا عمل الخير للانتخابات أو السياسة دعوت للتبرع للخير قبل رمضان واستخدمت تويتر وفيسبوك كوسيلة للتواصل وليس لمغازلة مصر الجديدة,NEUTRAL
5745,دسيف الدين عبد الفتاح: مناسبة القانون الذي أصدره #عدلي_منصور الخاص بمنع الطعن على العقود المبرمة بين الحكومة,OBJ
5746,الفيديو بتاع وجدي غنيم ريحته #فسسسس,NEG
5747,غيّرت موقفي من حزب #النور بسبب مواقفه المخزية مع الرّئيس #محمد_مرسي ووقوفه مع …,OBJ
5748,"استفدت كتيير اوي من حلقة انهردة معلومات اول مرة اسمعها بارك الله فيك ^^ #مصطفى_حسني على طريق الله "" روح العبادة """,POS
5749,ملخص الحلقة #قصة_الأندلس تحكي الحلقة الثالثة من برنامج (قصة الأندلس) كيفية دخول الإسلام بلاد الشمال الإفريقي قبل,OBJ
5750,الوطن | العزل والرئاسة | عمرو حمزاوي:,NEG
5751,أقنعونا أن كذبة إبريل أول يوم من الشهر وإكتشفنا إنها يوم 25 إبريل #عيد_تحرير_سيناء,OBJ
5752,الإخوان ذهبوا مهرولين ليكونوا راعي المشروع الأمريكي الفاشل في المنطقة هم فاشلين ومشروع الأمريكان فاشل الطيور على أشكالها تقع,NEG
5753,عليك نور !,POS
5754,يا دكتور انت بالريتويتات ال بتعملها دي بتكشف العنصرية المتأصلة داخل الشعب المصري,OBJ
5755,"ألتقيكم غداً الخميس فى تمام التاسعه والربع مساء على قناة المحور و حلقة خاصة بعنوان ""كيف نستقبل رمضان"" مع عمرو الليثى",OBJ
5756,"-ي رب ان گتبت لي فرح فاقسمه بيني وبينه""♡ #محمود",OBJ
5757,#الاهلي_الافريقي مش زي فرحه الصفاقسي ^-^,OBJ
5758,ربنا يعدي اسبوعين اﻻمتحانات علي خير قولو آمين #محمود,OBJ
5759,1 هي إنسانة رائعة :),POS
5760,81 متدين بطبعه #المصري,OBJ
5761,رفع الشعارات السياسية في الحج حرام شرعاً وخيانة وطنية …,NEG
5762,"#الوطن | المتحدث باسم ""#بوتين"": الهجوم في شرق #أوكرانيا يوجه الضربة القاضية لاتفاق ""جنيف"" #اخبار",OBJ
5763,لسه بتسمعوا برنامج نقطة لقاء مع يوسف الحسيني و ضيف النهاردة الكاتب الصحفي الأستاذ نبيل زكي تابعونا,OBJ
5764,نهنئ الشعب المصري والأمة العربية بشهر رمضان وليكن هذا الشهر فرصة للمصالحة ولتوحيد الصف وحقن الدماء,POS
5765,قبل كده وبعدما قفلوا النت في البترول كنا نرسل اللنك لسيرفرات برة وهم الله يجزاهم خير يرسلوا الصفحة، ونستمر على كده #تخيل,NEG
5766,#كلمة_شكر ل عآدل عبدالله ع البلنتي و الطرد اللي حصله ، اصلاً الطرد احلى 😳😳,POS
5767,الشعب #المصري اجمل حاجه فيه ان في وسط #الهموم بيقدر يخلق #الضحكه,POS
5768,ابوالفتوح:ادهوا كل المصريين ان نترك الخلافات على مسائل سياسية ونتفرغ جميعا لبناء مصر,OBJ
5769,الوطن | تحديات الرئيس | عمرو حمزاوي:,OBJ
5770,ندوة دكتور علاء الأسواني يقيمها الليلة الخميس الساعة 9م في مركز شبابيك بالمقطم والدعوة عامةالادمن >التفاصيل>,OBJ
5771,تشكيلة الفريقين المتوقعة وغيابات الفريقين,OBJ
5772,إصرار الشعب التونسي على الوصول إلى الكيلومتر الأخير ثورة أخرى في حد ذاته وأهم درس من بين دروس كثيرة # #,POS
5773,شكل اختتتتى وانا أقوولهاا الخبر ههههههههههههههههههههههههههههههههههههههههههههههہَ #توقف_الواتساب,OBJ
5774,78 الدكتور عنده ندوة في الاسكندرية الاسبوع القادم وكان لديه جولة ميدانية في الجيزة الاسبوع السابق,NEG
5775,ههههههه الله يرحمك ي|#عمنا ♡~`° |#جﻻل_عامر,POS
5776,"لتحميل جميع حلقات بسمة أمل للدكتور ""عمرو خالد"" ادخل على الرابط التالى : لمشاهدة الحلقات على",OBJ
5777,_ ترى الدلائل وتكذبها لا تعليق,OBJ
5778,قامت الجمعية التأسيسية بإقرار مادة الازهر التي تؤسس نظام ولاية الفقيه في مصر,OBJ
5779,سبحان الله؛ صار أقوى سلاح في يد أبومازن يهدد به الإسرائيليين هو رحيله ومن معه من مقالي في المصري اليوم غداً,NEUTRAL
5780,#اللهم اسعدني في أبسط تفاصيل حَياتي و اكتب لي الخير حيث كان ,OBJ
5781,اللهـــــم بلغنــــــا رمضـــــان,OBJ
5782,نو كحك تيل بروكلين روكرز ويل ريلات,OBJ
5783,الدكتور عبد المنعم أبو الفتوح فى برنامج رموز مصرية مع الدكتور حلمى الجزار - قناة الشباب الأربعاء 13 أبريل 2011,OBJ
5784,الثائر الحر #عصام_سلطان معتقل في سجون الانقلاب عصام سلطان مش رقم #انا_مش_رقم,NEUTRAL
5785,#الببلاوى: اعتبار #الإخوان #جماعة_إرهابية قرار سياسى وليس قانونيا (لن تنقذ رقبتك مهما حاولت أيها المجرم فدماء الآلاف في رقبتك وشركائك),NEG
5786,#انت_مهما_كبرت صغير #عمرو دياب ستايل,OBJ
5787,#خطة #حمدين_صباحى لــ #رئاسة_الجمهورية #حمدين_جابه_لنفسه,OBJ
5788,#الماده_الاولى مكونة من 3 صفحات و مدتها ساعتين,OBJ
5789,من الذاكره : في مثل هذا اليوم ٢٨ ابريل وقبل ١٨ سنه (عام ١٩٩٦) حقق #ميلان لقب الاسكوديتو رقم ١٥ له في تاريخه بعد فوزه على فيورنتينا ٣-١,OBJ
5790,مداخلة د عبد المنعم أبو الفتوح في برنامج أخر كلام,OBJ
5791,#الكويت #السعادة #الحب#الامل#جدد#حياتك #عطر #فرنسي #درر #كويتيات #خليجيات #بحرينيات #قطر 16:…,OBJ
5792,النصاب يعلم تماما جريمته ويكملها معتمدا على غباء من ينصب عليهم هذا هو اعلام العار فى مصر يمارس جريمته معتمدا على غباء جمهوره,NEG
5793,لكل محبي #اوسكار تابعوني ووعد مني راح اتابعكم,OBJ
5794,ملخص الحلقة السابعة من برنامج #قصة_الأندلس لمشاهدة الحلقة اضغط على الرابط التالي: لو,OBJ
5795,آخر خبر #أوباما وميركل يهددان بعقوبات إضافية ضد #روسيا إذا لم تساعد باستقرار #أوكرانيا #اوكرانيا #بوتين,OBJ
5796,انزلوا في مجطات المترو والشوارع في المانيا و امريكا و فرنسا ناس ملتحين بيوزعوا مصاحف،وناس بتدعوا للاسلام في الشارع ماحدش بيكلمهم,POS
5797,الرمز الانتخابى لل #السيسي #السيسي_رئيسي_2014,POS
5798,36 ألف شخص سيشاركون في ماراثون #بوسطن هذا العام,OBJ
5799,رُبّ قوم زهبوا آلى قوم فلما القوم الاولانيين لما راحوا للقوم التانيين مَ لأهومشي ، خدوا تكسي و راحوا #الفيفا,OBJ
5800,موقع الشرطة المصرية يطلب من #يوسف_الحسيني ان ينعى احد ضباطها الذي سبق وقابله بالصدفة #السادة_المحترمون …,OBJ
5801,"التراكوة ""أكلونا"" في كل حاجة، من أيام حسن أرابيسك اللي زخرف الأستانة لحد مهند اللي لحس مخ البنات",OBJ
5802,التخلص من ديكتاتور شيء و التخلص من نظام شيء آخر الاختبار الحقيقي لتونس و للعرب يحدث في هذه اللحظات,OBJ
5803,ببساطة هذا الدستور بُني على باطل ولذلك فهو حتما سيقود إلى باطل مرسي كذب على المصريين من أجل تمرير هذا الدستور ولا يمكن أن يفلح من يكذب أبدا,NEG
5804,#اللى_رافضين_السيسى_رئيس_بيعملوا_فولوا_لبعض #مرسي_رئيسي #انتخبوا_ #سيناء_خارج_التغطية #سأنتخب_السيسى,NEUTRAL
5805,3 مرشحين لـ''النقيب'' و21 لـ''العضوية'' في انتخابات ''الصحفيين'' #الاردن #نقابة_الصحفيين,OBJ
5806,#هلا #مدريد #كرستيانو #رونالدو #7 _7,OBJ
5807,"ﻷنك انت كل حياتي مهما بالدنيا يصير ♡ #كلمة_حلوة""",POS
5808,#غزة_تحت_القصف دبابات الاحتلال تفتح نيران اسلحتها الرشاشة تجاه منازل المواطنين شرق #خانيونس #فلسطين,OBJ
5809,العالم لا يملك ترف إهمال مصر أو التدخل بفجاجة في الشأن المصري #السادة_المحترمون,NEUTRAL
5810,للتخلص من مرسي غاندي هو الحل,OBJ
5811,صورة تجمع الساخر العظيم محمود السعدني و الاخ الأصغر الفنان صلاح السعدني,POS
5812,انتهى عهد البي دي إفيمكن الآن أن تقرأ جميع أبواب مجلة المعصرة وتشاهد رسومها وتقوم بتحميلهاعدد اليوم في هذا الرابط,OBJ
5813,كلما ظهر مسئول إخواني على الشاشات استخدم آية قرآنية لتبرير أفعاله، لن أستغرب إذا أصبح شعار مصلحة الضرائب في عهد الإخوان (إدفع بالتي هي أحسن),OBJ
5814,تابعوني الليلة علي قناة الجزيرة مباشر مصر الساعة 11 مساءً,OBJ
5815,1 إلى رئيس الجمهورية وجماعته ومبرري الاستبداد، مصر لن تحتكر لفصيل واحد ولن تبنى بها ديكتاتورية جديدة ولن يصبح الدستور وثيقة لإلغاء الحريات,OBJ
5816,حلقة الليلة الجزء الاول,OBJ
5817,ئا رب كمل مشوارنا,OBJ
5818,و هتفضل على طول لعبتها #وسط_البلد,OBJ
5819,أنا ضد أنا يكون نائبي إمراة أو مسيحي من أجل دعاية انتخابية ولكن سيتم إختيار الاكفأ في كل مجال سواء # #,NEG
5820,مصر تحيي الذكرى 43 على رحيل الزعيم جمال عبدالناصر # #,OBJ
5821,حزنى عميق على الجيل القادم لا قدوة فى سياسة اقتصاد ادب فن اعلام قضاء اغلب رموز الانقلاب سيئة,NEUTRAL
5822,من غرائب الانقلاب كل ضيوف مصر من سياسيين واعلاميين اوروبيين وامريكيين يهود او اعداء للاسلام,NEG
5823,#شيرين من حفل زفاف ببيروت,OBJ
5824,#بالفيديو نبيل العربي يبكي على الهواء بسبب #حسني_مبارك #مصر,OBJ
5825,أهرامات #الجيزة #جامعة_القاهرة #القاهرة #مصر,OBJ
5826,مواطنة !!! #عشنا_وشفنا,OBJ
5827,تأجيل جلسة تجديد معتقلين جامعة القاهرة أسبوع لعدم وجود قاضي #رجعوا_المعتقلين,OBJ
5828,دراما رمضان المصرية.. الكباريه الكبير ,NEG
5829,القبض على منفذ عملية السيارة المفخخة التى استهدفت الهواء الطلق بعد تبادل لاطلاق النار,OBJ
5830,#القمة_الحكومية #منظر_لن_نراه_إلا_في_الإمارات عائلة واحدة في بيت واحد,OBJ
5831,"إقامة 280 بازارا سياحيا خلف ""الأهرامات"" بتكلفة 75 مليون جنيه #مصر #اخبار",OBJ
5832,مصر التي قزمها الاخوان ، يعيدها شعب مصر لمكانتها ، مصر رافعة الديمقراطية في العالم العربي ، ولن تكون بؤرة وهابية,OBJ
5833,المدن -روجيه عوطة-نينا هاغن وعجينة الفم المتهكِّم #غناء_الصراخ #غناء #فن #ثقافة,NEUTRAL
5834,"الراقيل ما بيقريش ورا السِت الي بيطولها #فيفي_عبده الي تقول""",OBJ
5835,منذ عامين وحتى الآن كل ما قدمه أنصار تيارات الشعارات الإسلامية لمصر مجرد مشاريع خناقات مع العالم والكون وأبناء الوطن,NEG
5836,حكم القضاء الاداري بمنع اعضاء الحزب الوطنى من الترشح حكم نهائي واجب النفاذ في كل انحاء مصر ننتظر من المجلس العسكري ان يسارع بتنفيذ الحكم,OBJ
5837,لأول مره في الحياة احس بأن ركبتي تنمل!!! #احساس_غريب,OBJ
5838,#مظهر_شاهين: ماشوفناش وش واحد من مشايخ #السلفيين في #ثورة_يناير لأنهم مايقدروش يقفوا على المنصة,NEG
5839,ذبحتونا: 2013 العام الاكثر دموية في #الجامعات على مر التاريخ#,OBJ
5840,بتضحكني فكرة إن إخواني أو سلفي يقولك أنتم أتفه من أن نهتم بكم مع إنه بايت تقريبا طول اليوم على تويتر يبعت منشنات شتيمة وتكفيرمن التافه إذن؟,NEUTRAL
5841,الرسالة رقم 32 من الجزء الاول لكتاب رسائل سجين سياسى الى حبيبته,OBJ
5842,#تخفيضات #الأحساء #ريتويت #الرياض #واحد_فاضي #الهلال #السعودية #النصر #النصر_الهلال #غرد_بصوره #الرياض [1615445],OBJ
5843,مرة أخرى: إلي دعاة العنف الشعب أكبر من أي فصيل الوطن أكبر من أي فرد الإسلام أكبر و أعظم من أي فكر عقيمتحيا مصر و لن ترهبونا !,OBJ
5844,#جمال #خيال #حقيقه #جميل #درر #حكم #أعجبني #حكمه #بقلمي #شوق #بوح #شعر #قصيد #رتويت خمس الاف متابع بـ 200 ريال 185,OBJ
5845,#بيع_متابعين #زيادة_المتابعين #تابعني_اتابعك #السعودية #الهلال #النصر #الاتحاد #الأهلي #الأتفاق #الشباب [90989],OBJ
5846,من الأمور الهامة لتنمية #الحب بين الزوجين التفاعل مع أزمات شريك #الحياة فلذلك أثر كبير في بناء المودة بين الزوجين وجعلهما أكثر قربًا ومحبة,POS
5847,الواضح ان التاثير الايجابي لمشهد مبارك في القفص سيتم استعماله من اجل اغلاق ميدان التحرير امام اى تعبير عن الراى الميدان للمصريين جميعا,OBJ
5848,علي من يرغب في المشاركه عن طريق العمل الميداني او الاعلامي او القانوني او التصميم التواصل معناشكرًا,OBJ
5849,#علموا_أولادكم كما تدين تدان,OBJ
5850,_ عايزيين دعم للهاشتاج ده # مخصص لقضية الطفلة سارة اسحاق 14 سنة مختطفة من اكتر من شهر ياريت #ريتويت شكرا,OBJ
5851,الرد على قانون قتل الحرية: إدانة محلية ودولية، تأييد شعبي واسع للتغيير - بدأنا المشوار,OBJ
5852,#هلا_مدريد #ريال_مدريد وصول الفريق لميونخ,OBJ
5853,الجراد هذا اليوم في قرية ابوعجرم غرب #دومة #الجندل قبل قدوم الغبار,OBJ
5854,انا حاسس ان التناكه شويه تانى هتوصل بالناس هنا وتقولك راعى فرق الفولورز اللى بينى وبينك لو سمحت !!,NEG
5855,شفيق رداً على بروز الإخوان,OBJ
5856,لا يجب على #الصين أن تقلق من الاتفاقية الأمنية المبرمة بيننا وبين الولايات المتحدة #أمريكا # …,OBJ
5857,ندعو الشباب المؤمن بمبادئ الوسط والراغب في المشاركه الفعاله للتواصل معنا واستكمال الاستمارة المرفقه,NEUTRAL
5858,الكاتب الصحفي أنور الهواري ضيف #يوسف_الحسيني في #السادة_المحترمون,OBJ
5859,"دراسه عن التاريخ السرى لجماعه الاخوان المسلمين تحت عنوان""الاغتيال منهج حياه""من دراسه الكاتب #يوسف_الحسينى اكتر من رائع…",NEG
5860,حزب النور ( الغاية تبرر الرزيلة ) #مرار_طافح,OBJ
5861,‎#‏ ‎# ‏ مؤتمر ناجح لحزب الوسط بالسويس وكلمة عصام سلطان التي قاطعها الحضور بالتصفيق عدة مرات,POS
5862,مش متخيل أن ف حد ممكن يدعي ع ابوه او امه مهما كانوا خنقيين او عصبيين بس لﻷسف في #بر_الوالدين ياوﻻد الجزمه,NEG
5863,الرسالة رقم 31 من الجزء الاول لكتاب رسائل سجين سياسى الى حبيبته,OBJ
5864,كلامي ليس له علاقة بمصالحةو لا نيلة اعلي دولة القانون و ناخد حقنا منهم بالقانون بس المكارثية اللي شغالة دي مصيبة,OBJ
5865,فيسبوك لا يسمح بأكثر من ٥٠٠٠ صديق للحساب الشخصي لكن صفحة المعجبين مفتوحة,OBJ
5866,"انفجارات #جامعة_القاهرة ""تضر بثورتنا السلمية"" …",OBJ
5867,دورية إسرائيلية تخترق خط الانسحاب الحدودي مع #لبنان,OBJ
5868,"اخواننا المحامين القدامي مصرين علي الظهور الاعلامي و ما يظنونه ""مزاحمه"" في هذا الصدد دفعني لان افوض سامح عاشور يتبع",OBJ
5869,#اول_مره_ادخل_تويتر اتقفلت منو و فضلت سنة مفتحوش و كنت مقتنع انه غبى !!,OBJ
5870,#اوعى_تنسى ( ) 1900 920007606 ▼▼▼▼,OBJ
5871,"#صورة - طفل سوري يحمل لافتة مُعبّرة كتبَ فيها ""أصدق ما قيل عن بشّار الأسد"" | #سوريا | عبر - …",OBJ
5872,البيان ذكر بالنص: · اثق في اخلاق الاخوان برفض هذة التصرفات من بعض افرادهم,POS
5873,صحيفة الشرق القطرية/ #أوباما: #ميانمار لن تنجح إذا قمع #المسلمون #أخبار - عبر تطبيق نبض,OBJ
5874,انتظروا رابط البث المباشر للقاء الاسبوعى على خطى الحبيب بعنوان (التجربة العمرية للنهضة) وذلك فى الساعة 6:30 مساء,OBJ
5875,أدعوكم لحضور الندوة الثقافية الأربعاء مركز اعداد القادة التفاصيل,OBJ
5876,انت الملك والمملكه والقبيله #الملك عبدالله شقيق شعبه,OBJ
5877,عدد المدنيين الذين أحيلوا للقضاء العسكري يقترب من 12 الف مصري في ستة اشهر الرسالة هنا ان التظاهر السلمي قد يكلفك سنوات في السجن الحربي,NEG
5878,هل ستتغير الأشياء في السعودية؟ ,OBJ
5879,حد #بيحبك + حاسس #بيك + بيسمعك من غير ما #يفهمك غلط + #فاهمك حتى لو ما عرفتش #تعبر كويس عن اللى #جواك = #ربنا :),OBJ
5880,#الطابور_الخامس وتجهيز اشباه #علاء_عبد_الفتاح و #وائل_غنيم,OBJ
5881,تدوينة: شياطين النظام السابق وملائكة النظام الجديد,OBJ
5882,أوراق الانقلاب 1 الوقت ويأس الثوار 2 دعم الخليج 3 اسرائيل 4 القتل 5 الاعتقال 6 كذب الاعلام 7 فقهاء الشيطان,NEG
5883,"#ولاد_البلد #المنصورة ""جنايات القاهرة"" تبدأ جلسة محاكمة #مبارك وتستمع لدفاع أحمد رمزي",OBJ
5884,#طيب_نفسي أعيش صح واشتغل صح واكافح صح وانجح صح و #افرح صح بقاااا #بلد_أصعب_مافيها_الطموح,NEUTRAL
5885,ندوة الدكتور عمرو حمزاوي بالهيئة العامة لدِار الكتب والوثائق القومية 14-مارس-2012,OBJ
5886,بيان بيقول إيه ؟,OBJ
5887,بسمة أمل من سوريا اللهم أعد البسمة على وجوه أهلنا فى سوريا,OBJ
5888,الإخوان يطلقون طفايات الحريق للإيحاء بإلقاء القنابل المسيلة داخل مسجد #الفتح,OBJ
5889,شاهد - سفير تركيا في القاهرة حسين عوني بوطصالي في حوار شامل مع يسري فوده في آخر كلام,OBJ
5890,بصرف النظر عن الموضوع ده تحديدا مش مهم رأي النخبة المهم كلنا نسمع الشارع كويس #مصر,NEUTRAL
5891,انا بلا فخر ضد #الفلول و ضد المتطرفين من #السلفيين و ضد #الإخوان و ضد تمييز اي فئة من الشعب على بقية الشعب انا مع #الثورة,NEUTRAL
5892,اقسم بالله هاصلي علي النبي اللهم صلي علي سيدنا محمد #باسم,OBJ
5893,هناك حيوانات متحرشة و في المقابل جهود متطوعين لمقاومتهم و ناس نازلة و مش خايفة و ملايين ضد النظامتركيز الاخوان بس على التحرش قصر ديل,NEUTRAL
5894,هذا يتنافى/يختلف مع كل القواعد التى تعلمناهاجملة تكرس الجمود وعدم التطور فلولا هذا ا ختلاف والتنافي لمكثنا في عصورالظلام #مصر #تونس,NEUTRAL
5895,أصداء الثورة التونسية قبل أن يحرق العرب أنفسهم في آخر كلام الليلة في العاشرة مساء بتوقيت القاهرة الثامنة مساء,NEG
5896,ماحدش من معارضي مرسي متصور إنه هيفرض على الشعب رئيس غيره بعضهم انتخبوه بس شافوه كذب وأسال دم ولازم يعتذر ويلتزم بوعوده أو يرحل ويحقن الدماء,NEG
5897,خلق إسلامي جميل نحتاجه بشدة في هذه الأيام لبلادنا هو خلق الرفق أي (اللطف واللين في القول والفعل)، الذي نحتاجه في,POS
5898,رَبَّنَا إِنَّنَا آمَنَّا فَاغْفِرْ لَنَا ذُنُوبَنَا وَقِنَا عَذَابَ النَّارِ ♡ #دعاء #دعائي #غرد_بذكر_الله #أدعية #يارب,OBJ
5899,عرض الاسبوع 40 ألف متابع #شوارعنا #فن_تتقنه_النساء #ذلك_الشخص #شي_ودك_تجربه #بوح #درر #عجبني #حلو #مكه [2042544],OBJ
5900,مركز شباب منشية البكري,OBJ
5901,دسعدالدين الهلالي أستاذ الفقه المقارن بجامعة الأزهر ضيف #يوسف_الحسيني الآن في #السادة_المحترمون,OBJ
5902,امس:احمد ماهر يؤكد خروج ٦ابريل لاستعادة الثورة اليوم:التحقيق مع احمد بتهمة التخابر غداً:٦ابريل لن تشارك في٣٠اغسطس وشك بيوجعك آوى يا احمد,OBJ
5903,ابتسم فلتلك البسمة الصغيرة أثر كبير في إسعاد قلوب اﻵخرين,POS
5904,لا ارى حل سوى حكومة انقاذ وطنى ذات صلاحيات مطلقة,NEUTRAL
5905,"#الوطن تي في | أخطاء #جيرارد أمام #تشيلسي غلطة الشاطر بـ""لقب""",OBJ
5906,في أمريكا دلوقتي المحطات النووية شغالة وبرامج الفضاء شغالة والأبحاث العلمية والاستديوهات والمصانع والأحزاب وحركات الرفضإنت بقى شغال في إيه؟,NEG
5907,#إيران: أول اختبار لـ #روحاني بعد رفع سعر #البنزين,NEG
5908,#شعر #النصر #الهلال #متصدر_لا_تكلمني #الامارات #عمان #سوريا #غرد_بالخير #رتويت #دعاء [2968729],OBJ
5909,_3: #عصام_سلطان هم يطلبون منا الاعتراف بالانقلاب فقط وسنخرج من كل هذه القضايا نحن لن نقدم أى تنازل ولن نعترف م,OBJ
5910,مين تزويره أكثر: صناديق إستفاء 2012 ولا صناديق إنتخابات مجلس الشعب 2010؟,OBJ
5911,"#السعاده ان يكون من نحب بخير وعافيه فنحن نشعر بهم ونهتم لامرهم حتى لو لم نراهم 3""",POS
5912,- تعتذر عن السب و القذف 2-هل يترك الثوار أماكنهم و يهربون ام يواجهون 3- عينة ثائر الناشف مرفوضة 4- ما تمسحش تويتة السب و القذف,OBJ
5913,خبر عاجل الأن اشتباكات بالأسلحة النارية بين المؤيدين والمعارضين في حلوان تابعونا,OBJ
5914,زيارة د عبد المنعم أبو الفتوح لكنيسة السيدة العذراء من أرشيف الصور,OBJ
5915,"أبوالفتوح و""البكش"" السياسى- كريم عبد السلام",OBJ
5916,إذا رأيت الرجل يدافع عن الحق فيشتم ويسب ويغضب فاعلم أنه معلول النية لأن الحق لا يحتاج إلى هذا - الامام مالك,OBJ
5917,الانتخابات ألأخيره كانت بين اختياريين كلاهما مر !,NEG
5918,عربستان كيف اختفت كدولة ؟ الرياض #السعودية #الكويت #الامارات #العراق #مصر #السودان,OBJ
5919,"تقرير #الجزيرة يبين أوضاع القضاء ""الشامخ"" الذي يحدثكم عنه عدلي منصور الذي عينه #السيسي #مصر #حكم_العسكر …",OBJ
5920,القرداتي لو كان إخوان والقرد بتاعه مات الجماعة بتجيب له قرد إستبن (من المعصرة عدد اليوم),NEG
5921,مذاق قهوة وانا صاحي على صوت ناس بتصوت بسببك انت ومسلسل ابواب الخوف,OBJ
5922,لم تغلق قناة الفراعين لانها الاكثر كذبا او فجورا ولكن لانها الاقل احترافية فى الكذب والفجور,NEG
5923,السفير التركي طلع ديني أقوله الساعة كام يقولي الجو حلو، أقوله أخبار الجو إيه يقولي بحب البدنجان، أقوله بدنجان يقولي عسل والله,OBJ
5924,رسالة نارية من والد الشهيد مينا اسكندر لمرسي,OBJ
5925,#هناك_مكان_اسفل_الجحيم للعيال اللي بيعملو #هاشتاج عشان يجيبو فولورز ويتصلو بصحابهم يتويت للهشتاج عيال سرس فوووووو عليهم,OBJ
5926,النفاق أصبح أحد أركان المجتمع ! #اه_والله,NEG
5927,يوم عظيم على شعب عظيم باذن الله حشود المصريين وهتافاتهم وسلميتهم تحرك الصخر النصر قادم وما النصر الا من عند الله,POS
5928,حد يسأل سيسي لما قال بكره تشوفوا مصر يمكن قصده ان احنا هنبقي شحاتين وهنبقي فرجة والدنيا تضحك علينا,NEG
5929,#مصطفى_حسني #الطريق_الى_الله ناو :),POS
5930,من فاعلية حركة #نساء_ضد_الانقلاب بـ #دمنهور صباح 30 4 2014 #انتفاضة_السجون #,OBJ
5931,اشاعة زي غيرها، ما هو موسم شكرا على السؤال عمرو,POS
5932,علاء الأسواني: كيف يتخذ الرئيس يتخذ الرئيس مرسي قراراته ؟! >> أقرأ المقال كامل >> …,OBJ
5933,اذا تم العفو عن مبارك ونظامه فهذه رسالة من الشعب الى الرئيس القادم تعالى اسرقنا واستبد بنا وذلنا كما كان مبارك,NEG
5934,تكثيف الهجوم على مائة من شباب الثورة وهم فى طريقهم للقاء متفق عليه مع مدير أمن القاهرة لوقف أعمال العنف شىء مريب يحدث,OBJ
5935,اشتعال الأطراف وتطرفها وضح أهمية التيار الوسطي ككل,OBJ
5936,يارب يا احمد يا ابن سمير يجيلك زهايمر انت و صلاح سليمان و هانى سعيد علشان تنسو نادى الزمالك ده يين و منشوفش وش اللى جبوكو تانى #زملكاوى,NEG
5937,اصبر علی مصابك يستحق ذلك النعيم ألمك عمرك مؤقت ثق بذلك #الجنة #الامارات,OBJ
5938,يسقط إعلان مرسي الديكتاتوري,NEG
5939,لا عودة إلى المحاصصة والمحسوبية، في مناصب ووظائف فى الدولة، على حساب أبناء الطبقات الكادحة #الرئيس #عيد_العمال,OBJ
5940,لما تلاقى واحد داخل الهشتاج تقوله خش بالشاعر اعملك فولوا لأ مش ده بس لازم الباك ايوه هو ده #وسط_البلد,OBJ
5941,نرفض تقييد حق الاعتصام وإعطاء سلطات مطلقة للأمن في منع التظاهر والمبالغة في العقوبات وتوسيع حرم منع التظاهر لا للقانون بصيغته الراهنة,NEG
5942,البوابة نيوز: اليوم جنايات #المنصورة تستكمل محاكمة 17 إخوانيًّا بتهمة إثارة العنف: # #مصر #إخوان #إرهاب,OBJ
5943,بعد الغدر والخيانة اللى شفناها ومن الاخر اللى هنشوفه لابس بدلة #شرطة هيرجع لامه ملفوف في بدلته #ثورة_اسلامية,NEG
5944,#قطر #الدوحة # #حمد #تميم #الرياض #دبي #الامارات # #ابوظبي خمس الاف متابع بـ 200 ريال 209,OBJ
5945,تمرير دستور كارثي تحت التهديد بحرب أهلية كأننا بنمضي عقد أو شهادة زور تحت تهديد السلاح شغل يليق بالعصابات,NEG
5946,اللهم ارزقنا عمرة قريبة قولوا آمين,OBJ
5947,عادة لا اعلن عن مواقفي السياسيةلكن كله الا الدستور في كلمة واحدة:مهزلةو لو وصلنا لمهزلة الاستفتاء حقول لا,NEG
5948,دعمرو حمزاوي بداية جديدة لمصر جديدة,OBJ
5949,شاهد - ما قام بة الإخوان من عنف بالإسكندرية يؤكد أن النية كانت مبيتة # #,OBJ
5950,"منع الأضحية هذا العام ""مفسدة"" #السادة_المحترمون",OBJ
5951,السفير الفنزويلي عبر لي عن تفهمه الكامل لما يحدث بمصر الآن #السادة_المحترمون,OBJ
5952,وهو مين ممكن يسمحلك انك تقابله ف اليوم 5 مرات غير #ربنا :),OBJ
5953,"#ذكريات_مدرسية #جيل_الثمانينات لن يفهما غير العباقرة "" كنت عامل بيه غسالة",NEUTRAL
5954,في إسطنبول منذ الخميس الماضي للمشاركة في مؤتمر حول بناء الديمقراطية ودولة القانون والتوزيع العادل للموارد في المجتمعات العربية والأوروبية,OBJ
5955,تقرير بسيوني مثله مثل صورة سلمان شهر فبراير، صور للإعلام والعلاقات العامة والحقد والكراهية هي هي لا يغيرها شيْ #سجن_جو #البحرين #اعتقال,OBJ
5956,_70007 الحمارة امك #فطيم_النعاشة وانت ولدها و اذا فكرت تصير ولد حلال اطلب من #فيفي_عبده_الام_المثالية تتبناك هههههههه 😆😂,NEG
5957,الدول المتقدمة تبنى مستشفيات ومدارس ومصانع واندية ومصر تبنى سجونا بكره تشوفو مصر,NEUTRAL
5958,"#مباشر_مصر #جامعة_المنصورة خرج طلاب جامعة المنصورة اليوم في تظاهرة تحت شعار ""مفيش عساكر هيحكمونا"" جابت أنحاء",OBJ
5959,لا تنتظر أن يكون الغد أفضل من اليوم كن أنت التغيير الذي تريد أن تراه,OBJ
5960,رئيس الدستورية المحكمة عازمة على الانعقاد 2 ديسمبر لنظر قضيتي الشوري وبطلان التأسيسية تضارب,OBJ
5961,يعني مصر كانت كافرة أيام الفاطميين؟,NEUTRAL
5962,سارة عثمان دخلت على موقع جامعة كولومبيا التي زعم الخبر أن المحاضرة ألقيت بها فلم تجد شيئاوهكذا انفضحت الفبركة الإخوانية البلهاء شر فضيحة,NEG
5963,فلوور قليل يمنع بلاوى كتير,OBJ
5964,حيطق عرق لعمرو أديب وهو يحاول ان يلمح ان ما يحصل في واشنطن شبيه بما يحصل في مصر,OBJ
5965,#توقف_الواتساب,NEG
5966,منظومة صحية،حد أدنى للأجور،منظومةالتعليم،سكن،طرق،كباري،صرف صحي،ده اللي احنا عاوزينه #يوسف_الحسينى #ا…,OBJ
5967,#فجأة هتلقى الفرحة جت من غير #اسباب #ربنا لما بيدى مبيديش #بحساب,OBJ
5968,#الشروق: غاوك يزور تركيا وعينه على اللاجئين السوريين ودولة القانون: يقوم الرئيس الألماني يوآخيم غاوك بزيارة لت,OBJ
5969,التطبيع احدي المحرمات الوطنية التي اتفقت عليها كل القوي الوطنية و لا يجوز لأي حزب أو جماعة إجازته تحت أي مبررات أو ذرائع,NEG
5970,الشيخ حازم ابو اسماعيل يرد على فتوى برهامي الأخيرة !! فك الله اسرك يا بطل منك نتعلم منهج الدين الحق …,POS
5971,#محلب : معدل الفقر زاد مع ازدياد الدعم والحالة الأمنية مستقرة والشرطة تبذل جهودا لتحسينها #مصر,OBJ
5972,سنحقق أهداف الثورة عندما نسترجع قيم أكتوبر: رؤية مستنيرة، خطة عقلانية مدروسة، عمل جماعي منضبط، إنكار للذات شعب واحد وطن واحد,OBJ
5973,الأمن مستقر بـ #جنوب سيناءوتأمين كامل للقناة,OBJ
5974,أبو الفتوح|مصر بتتغير|تأخير قيام نظامنا السياسي تعتبر مشكلة أمن قومي,OBJ
5975,التيار السياسي المتأسلم هو إسمه كده مفيش ضرائب على الخمرة في الإسلام ولا ربا بنوك ولا تجارة مبادئ فبالتأكيد هو متأسلم وليس إسلامي,OBJ
5976,الحمد لله تملأ الميزان,POS
5977,لا يمكن أن نتخل…,OBJ
5978,من اتهموا الاخوان بالفاشية الإسلامية استقدموا علماء الدين لإقناع الجنود بقتل إخوانهم المصريين من المتظاهرين,NEUTRAL
5979,كلام وكلام حملة لا أضحية هذا العام تؤكد حب الإخوان للخرفان #السادة_المحترمون …,NEG
5980,#عاجل #الرياض #مكة #خواطر #غرد_بصورة #غرد_بصوره #دبي #غرد_بذكر_الله [31475935],OBJ
5981,روحي تحبك ♡ #عبدالمجيد,POS
5982,أعتذر عن كتابة المقال هذا الأسبوع لسفري إيطاليا وسأوافي حضراتكم تفاصيل الجولة في أقرب وقت شكراً جزيلاً,OBJ
5983,عا أمن الوطن ساهر بنحيي العميد #ماهر انا وياك,POS
5984,#زينة: بشكر ربي على كل إشي صار معي وبشكر أهلي على كل لحظة وقفوها معي وشجعوني وكانو دايما يعطوني دافع للحياة,OBJ
5985,"صلوا على الحبيب فى بداية لقاء جديد من لقاءات ""على خطى الحبيب"" نتحدث فيه عن بناء إنسان النهضة وعن الوضع في سوريا",OBJ
5986,أحلى شي عندي تعب نفسي #لحس #كاش #جاد_كاش #جاد #فحل #سري #خال #خرق #طيزي,OBJ
5987,يعني إيه كلمة وطن !؟ يعني ناس ملهاش سكن #دينا_الوديدي,OBJ
5988,لا تشاركوا في حملات: تعالوا نشتم رسولنا,OBJ
5989,انا عايز اعرف هو ايه الجنيه ده #مصر_الليلة,OBJ
5990,ياللا نحضر عيش و حلاوة؟ :),NEG
5991,شاهد الآن دكتور عمرو خالد علي قناة,OBJ
5992,الوفد - شاهد - استمرار هدم العمارات المخالفة خلف #المحكمة_الدستورية ب #المعادى,OBJ
5993,متضامن مع الإخوة في غزة فلسطين والفرصة امام مرسي اليوم لإثبات أنه ليس بمبارك الذي هو الآخر إستمات فقط في الشجب والإدانة,NEUTRAL
5994,اللهجة التونسية فعلا من احلى اللهجات في العالم العربي ومش صعبة,POS
5995,شكرا لكل من جاوبنى,POS
5996,بخصوص قناة السويس كمان وكمان:,OBJ
5997,يتم الأن غسل الكعبة المشرفة اللهم ارزقنا عمرة قريبة آمين,OBJ
5998,كتر خيرهم فعلا بيصلحوا غلطة مش بتاعتهم,POS
5999,الكلاب أوفياء رجاء عدم إهانتهم,POS
6000,قصة من بـــريد بسمة أمل -- تمهل فى حكمك على الناس,OBJ
6001,ومازال الأستاذ جمال عيد حتي الأن ولأكثر من ‏14‏ ساعة مابين قسم عابدين ونيابة عابدين دون اي سبب واضح إلا التكدير والإرهاب فقط,NEG
6002,كانت شروطنا،ان ننتج البرنامج بصورة مستقلة في مسرح مستقل و مكتب اعداد مستقل عن اي مبنى اواستديو او ملحق لاي قناةو ان لا يتم التدخل في ٢,OBJ
6003,تجاوز الحل السياسى واللجوء للحل الأمنى هو فشل للسلطة، واستهتار بالدماء على السلطة منع إراقة دم أى مصرى سواء كان معتصماً أو رجل أمن,NEG
6004,حبيبتي من ضفايرها طل القمر - هدي - عمار الشريعي - علي الحجار -,OBJ
6005,تمشايه بشارع الإستقلال مع قليل من الشوبينج 😂 #تركيا #اسطنبول,OBJ
6006,12 أرجو أن ترسل لي دليلا على ذلك؛ فإن كان عاقلا فهو إضافة و إن كان مجرم حرب كما تقول فاستضافته أهم,OBJ
6007,1 123 و تقولي شركة برمجيات في حد بيفهم يثق في ?!!!! و مواقع مجهولة الهوية أخص,OBJ
6008,#ذكرى — ذكرى يطعني عنها,OBJ
6009,وفاة مصطفى عبد الجليل رئيس الإنتقالي الليبي السابق في أحد مستشفيات ألمانيا # #,OBJ
6010,#اوعى_تنسى طوابير السيسي و اخونه المقابر و زرع فى مل عائله جرح عميق لسه فاكر و انت نسيت؟؟,NEG
6011,لا أحد فوق القانون د عبد المنعم أبو الفتوح,OBJ
6012,مقاتلان يستعدون لإطلاق قذيفة باللاذقية السورية #رويترز,OBJ
6013,#السيسي ليس لديه مشكلة مع #الإسلام الذي ينتج فتاوى ترك الزوجة تغتصب دفعا للفتنة أما الإسلام الذي يدفع الناس,OBJ
6014,#أشاهد_الآن أكشن يا دوري على حمل تطبيق # :,OBJ
6015,شبكه اخبار #المحله | كام عربيه اتحرقت فى المحلة وحده اثنين بتعرف تعد لحد كااام,OBJ
6016,وهذا لمن يشكك بوجود صحوات ، وبأنها تُدعم لقتال المجاهدين من #الدولة_الإسلامية_في_العراق_والشام #هام,OBJ
6017," هات مقشتك معاك """"",OBJ
6018,طالب المجلس العسكرى على وجه السرعة بتوضيح الحقائق و أولها أسباب و ملابسات إستخدام العنف و إتخاذ الإجراءات الضرورية لإنهائه,OBJ
6019,قلب الوطن مجروح لا يحتمل دين ام #عسكر #منير,NEG
6020,القسم قال هاتولهم بلطجية يعني دة عادي في الاسكندرية ويا عيني عليكي يا مصر,OBJ
6021,شاهد - آخر كلام: لماذا مليونية الجمعة 8 يوليو # والد أحد شهداء,POS
6022,السلام عليكم ورحمة الله وبركاته,OBJ
6023,ههههههاااي هاتوا له شاحن,OBJ
6024,د عبد المنعم أبو الفتوح يفتتح مقر جديداً لحملته الانتخابية بالجيزة,OBJ
6025,"غدا في الثامنة والنصف صباحا وكل ثلاثاء، ألتقي مستمعي إذاعة الشباب والرياضة بمصر مع الإعلامي أحمد درويش في برنامج ""هانبني بكرة""",OBJ
6026,نحن موتى لم يعلن عن وفاتهم بعد #المصريين,OBJ
6027,انزل الشارع,OBJ
6028,تحميل رواية عداء الطائرة الورقية لخالد الحسيني,OBJ
6029,ان ينزل لواء من مكتبه ليقاتل العصابات الارهابية وسط جنوده فيستشهد دليل على شجاعته وتفانيه في حماية بلده رحم الله الشهيد اللواء نبيل فراج,POS
6030,متخصص في شئون المياه: #أثيوبيا ستضطر للجلوس مع #مصر قريبا للتفاوض بعد وقف تمويل #سدالنهضة,OBJ
6031,أم أن الهدف هو توجيه منظومة الإعلام الرسمية من خلال قيادة إخوانية؟ أين الرغبة في الإصلاح وضمان استقلالية منظومة هي ملك للمجتمع وليس لحزب؟,OBJ
6032,لابد من حملة إنتخابية على الارض تتواصل مع الناخبين والناخبات ولا تعتمد فقط على الصحافة والتليفزيون,NEUTRAL
6033,"#الحقيقة_مباشر_مصر|#انقلاب_3يوليو ارتفاع بأسعار الذهب و عيار ""٢١"" يسجل 2696 جنيها واصلت أسعارالذهب في السوق",OBJ
6034,برطمان حنية مليان زيادة وماشي بيدلدق #الأسد,POS
6035,حوارمع رواد الندوة حول الأحوال السياسية الراهنة ولماذا نتظاهر غداً في إحياء الذكري الثانية لثورة 25 يناير؟! التفاصيل>>,OBJ
6036,قناه الوسط الرسميه عاليوتيوب,OBJ
6037,نشبه لـ اي اتنين يحبوا و ميقلوش #محمد_محسن,OBJ
6038,أما بعد الإعلان فلن يرتب الانسحاب الأثر المراد ونكون مع شفيق بمفرده في الإعادة مجددا، لم يكن اقتراحي خيالا بالمعنى القانوني والجدل قائم,NEUTRAL
6039,الارقام الرسمية لحملة #تمرد بجميع المحافظات,OBJ
6040,هو ممكن ت #نزل_صلاح :( #ليلة_الابطال,NEG
6041,الشعب هو البطل، هو صاحب الإرادة، هو الذي نظم استفتاء حقيقي في الميادين على إنهاء رئاسة الدكتور مرسي، والنتيجة هي الإنهاء الفوري وبها سأتمسك!,OBJ
6042,لم تر مصر على مدار 7000 عام تظاهرات مليونية مثلما شهدت فى 30 اغسطس 2013 اربعون مليون على الاقل فى كل القرى والمدن ارحل ياسيسي,OBJ
6043,"اعتذرت قناة الجزيرة عن قطع الإرسال أثناء عرض البرنامج الأسبوعي للأسواني وقد أذيع الاعتذار عدة مرات خلال نشرة الأخبار وبرنامج ""على مسئوليتي""",OBJ
6044,#الأعلى_للجامعات يقرر السماح لقوات الأمن بالتواجد داخل #الجامعات لتأمين الامتحانات,OBJ
6045,: #سيسي_رئيسي #سأنتخب_السيسى_و_مش_هنزل_لمستواك #مؤيدين_السيسى_بيعملوا_فولو_لبعض #مصر #سأنتخب_السيسي ,OBJ
6046,#نبض_الاخوان | #زواج_امريكا_من_مصر_باطل حشود هائلة ل ثوار #المطرية وشبرا الخيمة الجمعه 2/5,NEG
6047,وطبعا محدش سمع من مصاب فقد عينه الإثنين أو حصله عجز من يوم 28 يناير 2011 #جمعة_الغضب أن الناس بتقوله خربتوا البلد وهو كل اللي قاله #حرية !!,NEUTRAL
6048,_ التقرير الشهري للمشافي #السوريه التي تسلمت دعم من مكتب الدعم الدوائي(مدد) في شهر #مارس 2014 #قطر #السعوديه …,OBJ
6049,من خطة الوزارة ان تكون جميع مكاتب الصحة مميكنة #السادة_المحترمون,OBJ
6050,لازم نفهم إننا يا هنعيش سوا يا هنموت سوا ما فيش حاجة من غير سوا دي,OBJ
6051,الفرق بين دم الحجامة والدم العادي #غرد_بمعلومة,OBJ
6052,مظاهرات المهندسين تتجاوز ربع المليون بين شارعى شهاب ووادى النيل ما شاء الله على شعب مصر العظيم سيسقط الانقلاب باذن الله,OBJ
6053,وكم من #أب سيحصل على #حزام بعد #الامتحانات 3:) =,OBJ
6054,ألا يعلم الوزير المتدين أن الكذب حرام، وأن الله لن يقبل صلاته إذا كان كاذبا,NEG
6055,"متحدث ""#الحرية_والعدالة"" بالجيزة للنيابة: ""انتمائى لـ #الإخوان مصلحة وأكل عيش ولما وقعوا خلعت""",OBJ
6056,إلا أنني تابعت تناقله على مواقع وصفحات أخرى ولذلك سيتقدم محامي ببلاغ بالغد لدى النائب العام ضد مصدر الخبر ليس عندي ما أخفيه ولا أقبل إساءة,OBJ
6057,مجلس الشعب 21 فبراير 2: كما أضفنا مطالبة الحكومة بتقديم الدعم القانوني ومد الإقامات للسوريين المتواجدين بمصر والدعم المالي للطلبة السوريين,OBJ
6058,ميرسي يا يو…,POS
6059,عندما يغلق باب كنا نبتغي فيه السعادة يفتح لله باباً آخر أكثر خيراً مما كنا نبتغيه ولكننا ننشغل بالبكاء علي ما,OBJ
6060,"انا اذا #عرفت الجواب #ارفع يدي،، إذا #ماقومتني_الأبله اقول الجواب بصوت،، #عالي اي كيفي،، والله #لاحللتشغيل_مخي "" : | :",OBJ
6061,اللى هيكون العقل والعقيده لأى انسان داخل مسجد يجب ان يكون على قدر من العلم والثقافه ورخصه تتيح له ان يتحدث فى ذلك الموضوع #ي…,OBJ
6062,ماتش الفرصة الأخيرة #المصري️,OBJ
6063,ياباشمهندس لو الرقم اللي هم بينشروه عشان يبعتولك عليه تهديدات ده رقمك بجد، من حقك تبلغ الأمن الوطني يتتبع أتصالا…,NEUTRAL
6064,"بعض الناس يتميزوا بالثبات على مبدا ""عدم الثبات على مبدأ""",NEUTRAL
6065,ألتقيكم الأن على المنتدى لنتناقش سوياً حول حلقة اليوم من عُمَر صانع حضارة,OBJ
6066,"أخر ما كتبه شهيد اليوم بإذن الله ""عبد الرحمن احمد "" هذه هى نوعية الشباب الذين يقتلهم السيسي حسبنا الله و نعم الوكيل …",NEG
6067,البوابة نيوز: عبد الرحيم علي: #البرادعي و#صباحي و6 أبريل سلموا مصر #للإخوان,OBJ
6068,صفوت حجازي يهاجم شيوخ السلفيين اللي قاعدين في بيوتهم آمال فين مقولة لحوم العلماء مسمومة اللي قرفونا بيها,NEG
6069,"أي شيء يحدث سيقول العربي ""لماذا بهذا التوقيت تحديداً"" لما لا تضعوا لنا بالتقويم الأوقات المناسبة بنظركم متى نقاوم ومتى نتكلم #غز…",NEG
6070,الي مش هيتفرج #علي الفديو #ده هيفوتو #نص #عمرو :],OBJ
6071,شاهد - آخر كلام: دم على أسفلت الاتحادية #,OBJ
6072,من الصور القليله اللى جمعتنا سوا ربنا يفك اسرك يامصطفى انت وعرفات وعبدرب النبى #الحريه_لطلاب_صيدله_المنصوره,OBJ
6073,تنعقد الليلة الخميس الساعة السابعة مساءً ندوة دعلاء الأسواني في مركز إعداد القادة بالعجوزة,OBJ
6074,قانون منع التظاهروالاعتصام المزمع إصداره يحسم اﻷمرأمام كل متردد بأننا نواجه سلطة قمعية ليس لها مشروعية تستهين بحريات وكرامة وحقوق المصريين,NEG
6075,حازم #الببلاوى: #المشير_السيسى بدأ 30 يونيو ويريد استكمال المشوار,OBJ
6076,المشرف على لجنة بالفيوم ليس القاضي المعلن عنه,OBJ
6077,ريبورت سبام #جماعة_انصار_بيت_طنيطر #تحالف_عمليات_السبام #جيش_عمر #جيش_السلف #جيش_الفاروق #جيش_عائشة #جيش_الحسبة,OBJ
6078,ارتفاع عدد ضحايا حادث #الفيوم إلى 10 قتلى و14 مصابًا #أخبار #مصر,OBJ
6079,استَغفِرُ اللّه #تصميم #تصاميم #تصميمي #ديلقينيوم_ديزاين #رمزية #رمزيات #رمزيه #مصممه #ريتويت #رتويت #غرد_بالخير …,OBJ
6080,اهلا يا اسماءبلغتني رسالتك ويمكنك الاتصال في اي وقت,OBJ
6081,مسحوا جرافيتى محمد محمود مسحوا حكاية ابطال ثورة يناير للاسف منهم اغبياء وجهلاء ايدوا 30يونيو,NEG
6082,كان الأولى أن يكتبوا على جميع حوائط المدينة: حافظوا على نظافة نفسيتكم,NEUTRAL
6083,الآن د عبد المنعم في لقاء مفتوح مع متطوعي الحملة,OBJ
6084,عرض الاسبوع 44 ألف متابع #أذكار_المساء #بصراحه_مليت_من #خد_موقف_من #علمتني_الحياة #الحياة_تحتاج_إلى_شيئين [935531],OBJ
6085,كلمتين من الأخر #أمير_عيد (),OBJ
6086,الدكتور مصطفى الفقي مثال اخر على تخبط النظام الآمل يكبر #,OBJ
6087,ضياء رشوان نقيب الصحفيين ضيف #يوسف_الحسيني الآن في #السادة_المحترمون على #,OBJ
6088,شاهد - الحالة النفسية للشعب المصري - الكاتب بشير الديك في السادة المحترمون # #,OBJ
6089,ربنا اغْفِرْ لَنَا ذنوبنا وإسرافنا فِي أمرنا وَثَبِّتْ أقدامنا وانصرنا عَلَى القوم الكافرين (آل عمران / 147) #قرآن #جمعة_مبا…,OBJ
6090,النواب عصام سلطان والبلتاجى وحاتم عزام يصلون العصر قبل الصعود للمنصة,OBJ
6091,#اسكندرية : محطة الرمل زمان أو دلوقت دايما جميلة :),POS
6092,يا ديين النبى لو كان #البرادعى اللى قال هنعمل مصالحة !! تشتغل اسطوانة يا خاين يا عميل يا ارهابى يا اخوانى عايز تطلعهم عشان ترضى امريكا !!,NEG
6093,الدعاة والأمن في خندق واحد,OBJ
6094,#ولاد_البلد #المنصورة #جوانا_خير تنظم يوماً للأيتام بحديقة الطفل #بالمنصورة تصوير: محمد مدين مونتاج: خالد لطفي,OBJ
6095,هو توفيق عكاشة مش راح للعرص ليه ؟؟؟؟ #انتخبوا_,NEG
6096,رسالة الليل وآخره نياشين الثورة وميلودي مؤامرات,OBJ
6097,ﻫِﺠﺮﺓٌ ﺇﻟﻰ ﺍﻟﻠِﻪ -ﻋﺰ ﻭﺟﻞ- ﺑـ #اﻟﺘﻮﺣﻴﺪ ﻭ #ﺍﻹﺧﻼﺹ ﻭ #ﺍﻹﻧﺎﺑﺔ ﻭ #ﺍﻟﺘﻮﻛﻞ ﻭ #ﺍﻟﺨﻮﻑ ﻭ #ﺍﻟﺮﺟﺎﺀ ﻭ #ﺍﻟﻤﺤﺒﺔ ﻭ #ﺍﻟﺘﻮﺑﺔ,POS
6098,_ #اتجنن ولما تلاقي فى الامتحان سؤال مش عارف اجابته اكتب ( #انا_سعيد_إنك_سألتنى_السؤال_ده ) ~,OBJ
6099,بعد قليل ننشر لكم فيديو من ندوة دعلاء الأسواني من ساقية الصاوي بتاريخ 14-6-2012 ويوضح موقف دالأسواني من انتخابات الإعادة الأدمن,NEG
6100,114 _ الآن,OBJ
6101,رسالة من جنود #الدولة_الإسلامية في #سوريا إلى عدو الله #السيسي وجنوده المجرمين #مصر #سين…,OBJ
6102,و بعدين بقى امن الدولة تتعاطف معاه الناس و يكسب الانتخابات ويسيطر على التأسيسية وينزل التحريروصفوت حجازي يبوس ايده هناك,OBJ
6103,احمه ،، محمه ،، محموه :) :) #مصريين بينادوا علي بعض : :) 7,OBJ
6104,#الساعة_السابعة:#الخارجية:خلافات عائلية وراء اختطاف فتاة مصرية ب #ليبيا #,OBJ
6105,ايه الجديد ما كلنا بنقول كده من اول يوم مفيش فرسان طبعا,OBJ
6106,للعلم للكدابين ؛ رئيس المحكمة الدستورية ينفي إدلائه بتصريحات تتعلق بقرارعودة مجلس الشعب,OBJ
6107,تفاصيل الحادث المروّع و ذكريات الغرفة 2133,OBJ
6108,2011الغاز المسيل للدموع يصل حتى الكعكة الحجرية,OBJ
6109,الادمن: اتفرج على #امريكا_بالعربي حلقة 14 كيف نشأ موقع,OBJ
6110,شاهد - آخر كلام: البرلمان و تسليم السلطة و مليونية المطلب الواحد,OBJ
6111,للمشاركة في برنامج #استديو_تغاريد قم بتسجيل اسمك في موقع البرنامج …,OBJ
6112,فرقة الكوشة عاملين عرض عرائس عملاقة لمسيرة #شبرا - محتاجين متطوعين للمساعدة الساعة 12 ونص عند دوران شبرا 10,OBJ
6113,لا زيادة فى أسعار #البنزين و #الكهرباء والسلع الغذائية,OBJ
6114,أثق تماما ان محاكم التفتيش الإخوانية لن ترهب باسم يوسفانتظر الرد على فاشية الاخوان في الحلقة القادمة المبدع أقوى بكثير من الرئيس المرؤوس,NEUTRAL
6115,بدأ العد التنازلي 100 يوم إلي رمضان يا رب بلغنا إياه غير فاقدين ولا مفقودين !,OBJ
6116,جولة ميدانية لمنشية ناصر,OBJ
6117,#تويت_كأنك_ناشط_ايام_حرب_اكتوبر الاسرائليين بيضربونا على الحدود يا منى #البرادعى استايل :),NEUTRAL
6118,لمن كان يسأل عن عنوان #ديوان_شيبان الذي يقام فيه #درس_الاثنين #الفحيحيل قطعة 9 شارع المخفر #انشر #الكويت …,NEG
6119,قوس الصبر عصام-سلطان,OBJ
6120,أسماء صقر كانت داعية إلى الله معلمه فى مسجد الشربينى (مدينة نصر) واستشهدت فى المستشفى الميدانى…,OBJ
6121,صورة بها رأيي | إن لم تحترم حق من تعارضه في إختلافه معك بحجة أنه فاشي، إحترس فإنك لا تقل عنه فاشية,NEG
6122,اعتقال الطفل هلال احمد عامر ثانية إعدادي أثناء خروجه من درس بـ #المحلة_الكبرى من أحد الشوارع بسبب رفعه شارة #رابعة,OBJ
6123,تعديل كامب ديفيد ليس رفاهيهنلزم الحكومه بما صدر عنها من بيان بسحب السفير و نصف التراجع بالعار و الخزلانلا شيء يعلو علي كرامه المصري,NEUTRAL
6124,كان #محمد_يسرى_سلامة صاحب رسالة كافح من أجلها طيلة حياته ولذلك فحتى موته كان بمثابة رسالة,POS
6125,اخونا الحبيب نور الدين عبد الحافظ بخير احلى خبر من يوم مجزرة فض رابعة بشرة خير جديدة قبل سقوط الانقلاب ان شاء الله,NEUTRAL
6126,في مصر 8500 قتيل على الطرق في 2010 ولا حد بيعمل حاجة,NEG
6127,أينما وجد العدل فثم شرع الله,POS
6128,مطلعتش أنا زي ماكنتي بتقولي اول و اخر حبيب لحقتي عرفتي و دوبتي و عشيقتي لحقتي نسيتي و هجرتي و بعتي #عزيز_الشافعي,POS
6129,إنسان أيا إنسان ما أجهلك ما اتفهك في الكون وما أضألك شمس وقمر وسدوم وملايين نجوم وفاكرها يا موهوم مخلوقة لك عجبي! #صلاح_جاهين,NEG
6130,تبدأ رحلة الشعب المصري مع الحاكم بالثناء على البطن التي أنجبته، وتنتهي بلعن أسفل البطن التي أنجبته,NEG
6131,يبدأ بتقديم مؤتمر اتحاد طلاب مصر,OBJ
6132,المصرى احسن واحد تزنقه فى الوقت يشتغل! #اه_والله,POS
6133,ان كان طبعك تصد شوي وتْعوّد فانا تراني مانيب ادآني الصدّه وان شفتني فيك بالثنتين متجوّد فاتلى شروط الضمان نهاية المدّه #سري,NEUTRAL
6134,لقاء مع طلبة إعدادي هندسة القاهرة بدعوة من أسرة الميدان التابعة لحزب الدستور:,OBJ
6135,ماعنديش فلتر بين مخى ولسانى دى مصيبة الل بفكر فيه بقوله #عادة #زفت #اعتراف,NEG
6136,#خلق_جميل احترام الكبير والعطف على الصغير,POS
6137,#مصر #السيسي تنتكس وتعود للعصر الحجري وحكم الغاب يحزنني حال الذين يدعمون هذه الهمجية والنازية الجديدة #مرسي #السعودية,NEG
6138,"3: اشتباك الجيش مع ""معتصمي الحرس الجمهوري""",OBJ
6139,#حط_صورتك_وانت_صغير التقرص و البوس بالدور😂,OBJ
6140,مجلس_الوزراء : جولة #محلب الافريقية ناجحة وستظهر نتائجها قريبا,OBJ
6141,"القضاء الإداري ترفض وقف بث ""أون تي في"" لـ""سبها أنصار مبارك""",OBJ
6142,نفسي أفهم سر العلاقة بين الملحدين أمثالك وبين قدسية الكنائس ،أليس للمساجد قدسية أيضاً,OBJ
6143,المرأة كتاب عليك أن تقرأه بعقلك أولًا وتتصفحه دون نظر إلى غلافه #مصطفي_محمود 3,OBJ
6144,ما يجعل #الحياة تستحق أن نحياها هو #الإيمان بشيء و#التحمس لشيء - #أوليفر_وندل_هولمز (#طبيب و#كاتب و#شاعر أمريكي),OBJ
6145,صرح عمرو موسى انه سيتصل بشفيق ليشكره على كلامه الطيب عنه وأضاف موسى انه سيناقش تكوين فريق رئاسي مع شفيق شفيق وموسى وجهان لنظام مبارك,NEUTRAL
6146,شاهد - آخر كلام: إضرابات إضرابات إضرابات بين الثورة والسلطة #,OBJ
6147,#تويت_كأنك_ناشط_ايام_حرب_اكتوبر الحرية الأسري اليهود #دومة ستايل,OBJ
6148,وزير الصحة المكلف #عادل_فقيه ينفي #تأجيل_الدراسة بسبب #فيروس_كورونا,OBJ
6149,انا اللي بالأمر المحال اغتوي شوفت القمر نطيت لفوق في الهوي طولته ما طولتوش ايه انا يهمني و ليه ما دام بالنشوة قلبي ارتوي #صلاح_جاهين,OBJ
6150,(إن مشكلتك ليست سنواتك التي ضاعت ، ولكن مشكلتك هي سنواتك القادمة التي ستضيع حتماً إذا واجهت الدنيا بنفس العقلية ! ) #مصطفى_محمود,OBJ
6151,شاهدوا الحلقة 21 من برنامج: عُمر صانع حضارة، وتابعوا كيف أسس الفاروق عمر حضارة ودولة من أعظم الدول بالعدل,OBJ
6152,الاستبداد لن يدوم وعلى الجميع أن يتعظ سوريا ستبقى ودولة الظلم ستزولعلينا دعم الشعب السورى وحقه في الحرية والديمقراطية بكامل طاقتنا,NEUTRAL
6153,من العنصرية أن تؤمن أن العربجي مهنة دنيئة عيب على ذقنك يا شيخ,NEG
6154,افلاس التليفزيون وصل مداه الغلابة من عمال وموظفين واعلاميين يدفعون الثمن والملايين موجودة لدرية وشلتها,NEG
6155,رابط تحميل مجلة المعصرة عدد اليوم 9 يناير: مافيش نهضة من غير بوس ومحمود السعدني يستعيد الأندلس وأين تنهض هذا المساء,OBJ
6156,اقتحام وحرق وتدمير مقر حزب غد الثورة انتقام من مواقف ايمن نور الوطنية وزملائه الشرفاء لا اسكت الله للجبهة صوتا,OBJ
6157,مسخرة السنين 3 دقائق ضحك مع #توفيق_عكاشة شوفه بيقول ايه على هيفاء وهبى:,OBJ
6158,#الحكومة جاهزة للخروج من الحكم فور تشكيل حكومة #الوحدة_الوطنية,OBJ
6159,كل عام وأنتم بخير وكل منا في سلام مع نفسه ومع الغير وفي وطن يتسع للجميعمازالت قناعتي أن شباب مصر الثورة هم الحل والأمل:فكر خلاق وقيادة فتية,POS
6160,#هتحبك_لو احترمتها فى وجودها او غيابها ;),POS
6161,بإذن الله سيعرض برنامج عُمر صانع حضارة على قنوات: والمحور والنهار، والمواعيد كالتالي: قناة أم بي سي:,OBJ
6162,التحرش الجنسي ظاهرة لا توجد الا في مجتمع همجي مختل القيم الدين عقيدة ومعاملة وليس فقط طقوس وشعارات يجب أن ترقي العقوبة الي مستوي الجريمة,NEG
6163,#صباح_الخير #بعد_منتصف_الليل #غرد_بذكر_الله #صور_كنك_بنت #لو_كنت_المتحكم_بالتويتر #رتويت خمس الاف بـ 200 ريال 23,OBJ
6164,#الكورة_للجماهير !,OBJ
6165,الف مبروك للاخوان ،مبارك فضل يخوفنا بفزاعة الاسلاميين تلاتين سنة و ماخفناش، انتم و حلفاؤكم قمتم بالواجب غباء,NEUTRAL
6166,_ منطق فاشل وكاذب دول متصورين بالأسلحة وفيه ضحايا سقطوا من الشرطة في الإعتصامين مش هتعرفوا تغيروا التاريخ,NEG
6167,للاتصال بحملة دعم حمدين صباحى 0105064942 - 0103424388 - 0109333999 _,OBJ
6168,سأنتخب عمرو موسى ما هو أكيد يعنى مش هينتخب يسارى أو إسلامى,NEUTRAL
6169,صدى #المحله الاخباريه مياه شرب نظيفة وشبكة صرف صحى صالحة للإستخدام الأدمى هما أبسط مقومات الحياة الأدمية التى,OBJ
6170,اتوقع ان وجود التذاكر في ايدي بعض #الاتحادية وعرضها بسعر خيالي هو احدى الحلول الممكنة لسداد ديونهم ! #مؤلمة 😜 #الاهلي_الشباب,NEUTRAL
6171,عدد من ضباط الجيش موجودون بالمدارس هل وصل الخلل الى هذا الحد؟,OBJ
6172,بوتين يتحدى الجميع فى آخر تصريحاته عن مصر,OBJ
6173,#خالد_بن_الوليد قتل رجل مسلم وتزوج امراته في نفس اليوم بلا عدة بلا بطيخ,NEG
6174,"كتلة حماس البرلمانية رح تعطي الثقة لحكومة ""تنسق امنيا"" مع اسرائيل !! #الحكومة",OBJ
6175,اليوم السابع | سلاسل بشرية لأنصار #حمدين_صباحى بـ #السويس لتأييده للرئاسة,NEUTRAL
6176,مما يقال بعد الفراغ من الطعام #صورة #غرد_بصورة #سنن_نبوية #,OBJ
6177,كلمة عمرو خالد بمناسبة المولد النبوي الشريف شاهدوها على الحساب الشخصي للدكتور عمرو على موقع هايد باركتي في,OBJ
6178,تبريد تؤكد نشاطها في عدد من الفرص التجارية - #الإمارات #بالعربي,OBJ
6179,عرض الاسبوع 44 ألف متابع #أذكار_المساء #بصراحه_مليت_من #خد_موقف_من #علمتني_الحياة #الحياة_تحتاج_إلى_شيئين [930473],OBJ
6180,#اعترافات_الطفولة ان لما نمشي بالسيارة النجوم والقمر يمشون معانا,OBJ
6181,أعلم كم كنت تحبه البقية في حياتك يا حسام إنا لله و إنا إليه راجعون,OBJ
6182,هل تعلم لماذا نحكي سيرة وقصة حضارة الأندلس؟ الجواب في المقطع التالي,OBJ
6183,"الرئيس #الفلسطيني محمود #عباس : #الهولوكوست ""أبشع جريمة عرفتها البشرية في التاريخ الحديث"" فلسطيني يقول هذا الكلام ؟!",NEG
6184,التعليم: لابد من إضافة عدد من المدارس لتعويض المغلقة واستيعاب الزيادة السكانية عن طريق القطاع الخاص والتبرعات وتخصيص الأرض من الدول,OBJ
6185,نعم بين قيادات جبهة الإنقاذ من لايصلح لإدارة جريدة ولكن ماذا عن إخوانك أليس فيهم من لايصلح إلا لإدارة بقالة أين نقدك لهم,NEUTRAL
6186,في #تركيا تعمل الدولة جاهده لتفريغ 300 الف عالم للبحث العلمي للوصول الى عام 2023 وبإشراف مباشر من #اردوغان دققوا التصن…,NEUTRAL
6187,01:01 #علامات,OBJ
6188,عبد المنعم أبو الفتوح فى العاشرة مساء 15 05 2011,OBJ
6189,ايه الشياكة دي يا واد اكيد اختك مش نازلة النهاردة ايه دة عرفتي ازاي ؟! ما انت لابس بنطلونها هتنزل هي ازاي ! #استرجل,NEG
6190,بالصور السيسي يستقبل وفدًا من المستثمرين ورجال الأعمال بقطاع السياحة #مصر #ميدان_التحرير,OBJ
6191,ملف المفاوضات : هو أمر غير مجد لأن الحرية ينالها الأسرى بالمقاومة #سامر_العيساوي,OBJ
6192,#فيفي_عبده_الام_المثالية اصلاً الأمومة محتاجة ليونة !,OBJ
6193,#الشروق: 1300 مسلم يغادرون بانغي بمواكبة القوة الأفريقية: غادر حوالى 1300 مواطن مسلم كانوا يختبئون في محيط بان,OBJ
6194,القبض على 7 #مصريين بينهم 4 من أسرة واحدة #بروما للاشتباه في تهريبهم مهاجرين,OBJ
6195,محامي ومستشار قانوني ٠٥٣٧٨٥٥٥٢٧ #محامي #محامون #قضايا #النصر #الهلال #الاتحاد #عاجل #قضايا #دبي #الرياض #مكة #الزلفي #الخرج #محمد #الوتر ،,OBJ
6196,الخط والدائرة,OBJ
6197,جريدة مصر الجديدة - حملة دعم أبو الفتوح للرئاسة توزع بيانها الأول اليوم,OBJ
6198,منع حازم عبد العظيم والسيد البدوى اكبر انصار الانقلاب العسكرى من السفر يمثل تطبيقا لمبدأ صاحب الحمير اضرب المربوط يخاف السائر,NEG
6199,يوسف الحسيني يقترح فكرة بشأن النصب التذكاري بالتحرير #السادة_المحترمون …,OBJ
6200,مبارك كان بيحكم من شرم الشيخ والسيسي حيحكم من شارع خمسه باب #انتخبوا_,NEG
6201,#اكتب_رساله_لشخص_دون_ذكر_اسمه الحياة ي صاحبي أجمل من بشاعة الحزن لا تحزن ابتسم وتفائل دائما ، وكن على يقين لن يصيبنا إلا …,POS
6202,في ضوء الفوضى والتشرذم حان وقت تصحيح المسار: دستور جديد يضيء الطريق ويحدد الثوابت، انتخابات برلمانية عندما يستوي الملعب، ثم انتخابات رئاسية,NEUTRAL
6203,#مرسي_رئيسي,POS
6204,هل تهدد العقوبات (#الإسرائيلية) #السلطة اقتصاديا؟,OBJ
6205,#الوطن| النيابة تجدد حبس 100 إخواني بـ #دمياط بتهمة التحريض ضد المؤسسة العسكرية,OBJ
6206,الليلة ، و على مدى الايام القادمة سننشر طلبات الالتحاق كمتدربين للموسم الثاني من البرنامج على تويتر و صفحتنا الرسمية,OBJ
6207,#رابعة كانت فعلا هي #الثورة بعد ما نضفت من #النجاسة و #الوساخة (الكتير) ، اللى ملت #ميدان_التحرير #حقيقة,OBJ
6208,#طاهر_أبوزيد وزير الرياضة السابق يدلي بصوته في انتخابات #حزب_الوفديتنافس عليها #السيد_البدوي و #فؤاد_بدراوي #,OBJ
6209,لنخرج للميادين لإستكمال أهداف الثورة,OBJ
6210,ارجو النشر للاهمية,OBJ
6211,"النهارده ، في تحقيق استقصائي عبقري عن الفساد في البورصة في ""المصري""للأسف هيتوه في زحمة الأحداث",POS
6212,في حد إبن حلال عمل الفيديوهين بتوع ناسا جنب بعض عشان يبطلوا مغالطة ويقولوا ده نفى في فيديو تانيإتفضلوا الفيديو أهوه,NEUTRAL
6213,"اثنان وثلاثين سببا للتصويت بـ ""لا"" على مشروع الدستور",NEG
6214,شبكة رصد الإخبارية/ #رصد | #المنوفية تواصل الحراك الثوري المناهض للإنقلاب واصل - عبر تطبيق نبض,OBJ
6215,اليوم مولدالصادق اﻻمين اللهم صل على سيدنامحمدالفاتح لماأغلق الخاتم لماسبق ناصرالحق بالحق الهادى لطريقك المستقيم نصير المستضعفين امين,OBJ
6216,احمد رؤف اخيرا جاب جووون #في_حاجة_صح,OBJ
6217,#الكويت #السعوديه #البحرين #قطر #ا?مارات #عمان #العراق #مصر #تونس #الجزائر #المغرب #ا?ردن #السودان #لبنان 535,OBJ
6218,ومازالت الحفله مستمره بعنوان #باسم_طلع_حرامى,NEG
6219,نیوکمپ همین الان به احترام تیتو آسوده بخواب 3 #عادل,OBJ
6220,عارفك مش تايها ولا عارفة فين الطريق و المكان و الحقيقة #دينا_الوديدي,OBJ
6221,اتفضل المنظر,OBJ
6222,قرار انسحاب البرادعي خاطىء وتوقيته خاطىء #السادة_المحترمون,NEG
6223,حقيقة بكاء حمدين صباحي !!,OBJ
6224,تعريص #برهامي ووساخة حزبه والدعوة السفهية بدأوا من يوم ما دعموا #أبو_الفتوح مش حاجة مستجدة !,NEG
6225,انقلاب لصوصي دموى هل يمكن ان يحالف التوفيق بلدا يديره انقلاب؟ وبكره تشوفو مصر,NEG
6226,والله ما عارف أضحك الله يحرق #ثانوية_عامة على مدرسينها واحد واحد,NEG
6227,أنا عملت اللي عليا وخبيت الولاعات وعلب الكبريت وصور مجلس الشعب من البيت عشان الطباخ مايطلعش مختل عقلياً مش عايز آكل,OBJ
6228,بسمة أمل مع اسم الله الرقيب - قصة واقعية,OBJ
6229,مشكلةة معهد دراو الأزهري،إستجابة وحل سريع في إطار الموجودات #السادة_المحترمون …,OBJ
6230,يجوز لمصر أن تستكمل مهمة الشرطة المدنية بقوة حرس حدود بشرط أن لا تزيد عن أربعة كتائب يقتصر تسليحها على أسلحة خفيفة وعربات فقط #كامب_ديفيد,OBJ
6231,"كن أنت الشخص الذى عندما يراه الناس يقولون ""مازالت الدنيا بخير",OBJ
6232,الفحم وصل يا استاذنا واحنا واقفين نتفرج #أوقفوا_الفحم #حكومه_تقتل_المرضى,NEG
6233,وزير التموين يقرر توصيل إسطوانات البوتاجاز للمنازل في 48 ساعة #السادة_المحترمون …,OBJ
6234,"قال الرسول صلى الله عليه وسلم "" إن من موجبات المغفره بذل السلام ، وحسن الكلام "" #سنن_منسيه",OBJ
6235,بكره نروح وוلكل يتذكرنا ويشٺاق ويعرف قدرنا ترى لارحنا م لنا رجعہ 　​​​​ #م لنا رجعہ,OBJ
6236,شخص من كل اثنين ايدوا الانقلاب تراجع للخلف ولكنهم مقسمون لاربعة مستويات الضعيف يهاجم ببلاوى والغلاء المتوسط يهاجم,NEUTRAL
6237,4 قضت المحكمة بعدم دستورية هذه القاعدة ولم تحل البرلمان القائم وسمحت بإجراء انتخابات 2009 البرلمانية دون تعديل في قانون الانتخاب الألماني,OBJ
6238,عزائي لأهالي شهدائنا في مدن القناة الباسلة بورسعيد والسويس والاسماعيلية : نحن معكم ولن نسمح بعزلتكم,OBJ
6239,هل تعلم؟ #نيوكاسل يتفوق بالمواجهات المباشرة على #ارسنال في تاريخ الدوري الممتاز الانجليزي؟ بعد قليل أرقام واحصائيات للفر…,OBJ
6240,الله يفتح عليك ويقدرنى اكون عند حسن ظنك ووصفك,OBJ
6241,لأننى احب مصر والثورة فانا افضل ان يصل خصومي السياسيون الى الحكم عن طريق انتخابات نزيهة عن ان يحكم انصاري السياسيون بدعم من الاستبداد,NEUTRAL
6242,أم الرشراش #مصرية و #كامب_ديفيد انتقاص للسيادة #المصرية | الدستور الأصلي,OBJ
6243,#سنن_قبل_النوم قبل نومك ضع يدك اليمنى تحت خدك الايمن وقل : [ اللهم قِـني عذابك يوم تبعث عبادك ] ثلاث مرات,OBJ
6244,#جمال #خيال #حقيقه #جميل #درر #حكم #أعجبني #حكمه #بقلمي #شوق #بوح #شعر #قصيد #رتويت خمس الاف متابع بـ 200 ريال 157,OBJ
6245,انا مستعد للقيام بأي دور لخدمة الوطن حفاظا على التضحية التى قدمها الشهداء وحماية لمطالب الثورة,POS
6246,السيسى ضرب فى الشرطة وحملها مسئولية مذبحة الحرس ردت الداخلية بفيلم ان ضابط جيش وراء نفجير سيارة وزير الداخلية ألهم اهلك الظالمين بالظالمين,NEUTRAL
6247,#الدنيا_علمتني إن العيش ياما يشوف و محد ثابت في مكانه الا البليد,OBJ
6248,محتاجين دعمكم للمركز الطبي الخيري ولو بنشر تويت بالموقع 01201968,OBJ
6249,#شاهد #صوت_الناس : #محلب يلتقى رئيس الاتحاد العام لـ #نقابات_العمال لبحث مطالب #العمال - مطالب,OBJ
6250,"مش معقول يا جماعة أنا هتفاءل لوحدى شدوا حيلكم معايا و "" مدد مدد شدى حيلك يا بلد """,OBJ
6251,الأمربالمعروف جماعة مأجورة من نظام مبارك لإسقاط #مرسى باسم يوسف اول اهبل يطلع خرافه ويتجرور,OBJ
6252,#اعترافات_الطفولة كنت أسمع الناس كثير يقولون عن إذنك و أفكر من نفسي غباء قوه أقول ليش مايقولون عن خشمك عن فمك دائم اذن بالذات إيقالي عبقريه,OBJ
6253,و يؤكد الحزب #مصر_القوية أنه مازال في طور بناء هيكله الأساسي وإعداد كوادره، والحديث عن تحالفات انتخابية محدده الآن,OBJ
6254,الاحتلال : من الان فصاعداً عباس سيتحمل مسؤولية كل صاروخ يطلق من غزة بعدما تصالح مع #حماس الإرهابية,OBJ
6255,الله يرحمك ياعم إسماعيل عبد الحافظ ياقدم الخير وياصانع البهجة والفن يامن دفعت ثمن مواقفك السياسية في شبابك وعملت بشرف حتى آخر نفس في حياتك,OBJ
6256,# الانتخابات العراقية في مرمى نيران 'داعش': بغداد - ارتفع منسوب العنف في العراق مع اقتراب الموعد #دبي,OBJ
6257,ارفض المعونه الامريكيه واسرائيل بيننا وبينهم معاهده حقية لا نقبلها ولكن اذا ارادوها فعليهم احترامها اولا,NEG
6258,اليوم ال98 لإضراب #عبدالله_الشامي عن الطعام #الحرية_لعبدالله_الشامي #معركة_الأمعاء_الخاوية #أنا_مش_رقم #الحرية_للجدعان #,OBJ
6259,الشيخ طلحة توفيق (سورة #الملك) 1412هـ - #شغلات_تعدل_مزاجك #مزامير #ما_يعد…,OBJ
6260,# أبو الفتوح البرلمان القادم إذا نزلنا جميعا للإنتخاب 90 % زي تونس أو 80%فأعتقد ان البرلمان القادم سيك,OBJ
6261,على الاخوان انهم يعرفوا ان الشعب بعد شويه هو اللى هيتعامل معهم بالتى هى لو استمروا فى نهجهم الإرهابي و المتطرف,NEG
6262,المفوضين توصي بغلق قناة #سما_المصري,OBJ
6263,أعرف دستورك يوميا مع د حمزاوي فى حملة دستورنا حياتنا 4:,OBJ
6264,#اللي_يسري_فودة_معملهمش_ريتويت دي فتنة عشان ننقسم ونعادي بعض إلعب غيرها,NEG
6265,جماعة الاخوان عاندت ولم تسمع لصوت الشعب #السادة_المحترمون,OBJ
6266,د علاء الأسواني: ماذا يريد أتباع مرسي ؟! >> أقرأ المقال كاملاً على هذا الرابط:,OBJ
6267,خالد علي: رفع أسعار #الكهرباء و #الغاز و #البنزين ''إجرام سياسي'' بحق #الفقراء,NEG
6268,اعتزام رفع دعوى قضائية للطعن على قرار المشير محمد حسين طنطاوي، الذي أحال قانون عزل الفلول إلى المحكمة الدستورية العليا,OBJ
6269,د/ عبد المنعم أبو الفتوح : ليس هدفنا وصول شخص للرئاسة ولكن هدفنا عرض مشروعنا الحضاري لمصر والتفاف الناس حوله,OBJ
6270,"يا له من عالم ""مزري"" !!! -_- #تويت_بخطك",NEG
6271,الحملة فى مرحلة جديدة بعد الإعلان الرسمى للدكتور عبد المنعم عن ترشحه نحن الأن فى أمس الحاجه لإقتراحاتكم ورأيكم,OBJ
6272,"واضح ان الجون بتاعنا ده عصبهم دلوقتي ""هالك"" هايخضر ويقوم على الاستاد يدغدغه",NEUTRAL
6273,#برنامج_البرنامج ههههااااااااححححح وتوئف موه تانيه مش عاوف عملت إيه والله لا اقوقوكم في المحاكم,OBJ
6274,#انقلاب_مصر #الدقهليه|25-4-2014 #حاميها_حراميها,OBJ
6275,ستظل اسرائيل دائماً العدو الاول لامتنا ولكن بسبب جرائمها وليس دينها ولو كانت اسرائيل دولة بوذية وارتكبت هذه الجرائم لما تغيرت عداوتنا لها,NEG
6276,الليلة أعاصم سليمان وكيل الجهازالمركزي للمحاسبات سابقاً،ورئيس المجلس المصري لشفافية ومكافحة الفساد مع #يوسف_الحسيني في #الس…,OBJ
6277,لم ولن أتخذ أي موقف يؤيد قتل أبرياء تحت أي ظرف من الظروف ما أقوله عن الإخوان لا يعني تأييدي لقتل أي بريء مهما كان,NEUTRAL
6278,"#الوطن | متحدث ""#الحرية_والعدالة"" بالجيزة للنيابة: ""انتمائى لـ #الإخوان مصلحة وأكل عيش ولما وقعوا خلعت"":",OBJ
6279,أمريكا تعتذر على غزو افغانستان والعراق وتتراجع عن ضرب سوريا #السادة_المحترمون …,OBJ
6280,الخطوة الثانية هي التفاوض مع إسرائيل حول الملحق الأمني لمعاهدة السلام لتغيير خريطة الوجود العسكري المصري في سيناء ورفع معدلاته كما ونوعا,OBJ
6281,غازات محمد مرسي مقالي اليوم في الشروق مع خالص التحية,OBJ
6282,يعني قانون الإرهاب بقى قانون العقوبات؟ كل الجرائم تعتبر ارهاب كده صح؟,OBJ
6283,الكوت تويت من غير فولو يُعتبر هتك عرض الكتروني وشكرا #دستور_تويتر,NEG
6284,حين يصبح مصطفى بكري شبه متحدث باسم المجلس العسكري ، اعلم أن هناك الكثير يجب عمله، حتى تنجح ثورتنا,NEG
6285,ماتخفش محدش بيتحاسب، ارجع المصريين نسيوا الشهداء اللي ماتوا,NEG
6286,#الواتساب_معلق,NEG
6287,الوطن | السياسة فى الصعيد (2) | عمرو حمزاوي:,OBJ
6288,وبعدين هو في حد أفشل الرئيس غير كذبه وإخلافه للوعودكثير من اللي بتسميهم ثورة مضادة كانوا بيحترموه وبيتمنوا له النجاح قبل أن يستبد,NEG
6289,جائزة ولاد البلد تمنح لأفضل مبادرة حاولت صنع تغيير في حياة الناس باب الترشيح سيغلق يوم 15 ابريل سارعوا بالمشاركة,OBJ
6290,قريب ان شاء الله,OBJ
6291,العناوين مسؤولية الجريدة كما يبين في الفارق بين الورقي والإلكتروني أرجو قراءة الحوار كاملا,OBJ
6292,نبيل فهمى احمد المسلمانى مصطفى حجازى مجرد 3 اوراق فى الكوتشينة الانقلاب يلعب بهم يفنطهم يوزعهم بس مين الولد ومين البنت ومين الشايب,OBJ
6293,هم العادلي ومبارك إتحاكموا على إيه؟,OBJ
6294,_ مازالت المشكلة من الداعى وتحت اى راية نجتمع و اسم التجمع و تيار ثالث و لا تيار شعبىو من يقود هل يعقل,NEUTRAL
6295,"#عاجل : توقف مترو الأنفاق من محطة #سراي_القبة حتى #المرج بسبب #مقتل ""مندوب شرطة"" على يد ""مجهولين"" بالقرب من محطة #المطرية",OBJ
6296,لازم الناس تسمع شهادة غادة شهبندر عن أحداث المنيل كارثة وارجو ان تصل شهادتها الي وزير الدفاع ووزير الداخلية #مصر,OBJ
6297,#شاهد بـ #الفيديو غيرة أبوالعلا على زوجته #,OBJ
6298,3 عجز الحكومة المصرية المتواصل عن التعامل بفاعلية مع الأزمة وإخفاقها في إدارة ملف المفاوضات مع الصندوق بشفافية,NEG
6299,#لصق #قطع الورق #الملون على #جسم #السمكه,OBJ
6300,طلعني انا كمان من المنشنكل اللي بتفكر فيه جنس ومخدرات الذعر الجنسي ده هو اللي مأثر عليكم,NEG
6301,د علاء الأسواني يكتب : أوركسترا السلفي السيمفوني يبدأ جولة أوروبية لتقديم >> المقال كاملاً >>,OBJ
6302,# الاهلي_التحاد واااااااو #محمد أمان يسجل أجمل أهداف الموسم 3 لصالح الأهلي 1 الاتحاد,OBJ
6303,الله يجازيك ياشاغلني معاك وشاغلني بيك #محمد_محسن,OBJ
6304,حد يعرف حد بتاع طباعه تيشرتات وكده كويس في #اسيوط,OBJ
6305,الدنيا بخير نصت المادة 11 من قانون الاجراءات الجنائية على : إذا,OBJ
6306,علاء الاسواني: ماذا نفعل لكى نقدم صورة جيدة محترمة عن العرب والمسلمين في العالم؟! الاجابة تتلخص في الأفكار التالية :,OBJ
6307,زي ماكتبت لما شعر السلفيين بغدر الإخوان وإنهم بيستخدموهم وسيلة ضغط ليس إلا وطلع نادر بكار ينتقدهم بدأوا يشتموه ويقولوا عليه طامع في السلطة,NEG
6308,سيذكر التاريخ أن الرئيس #محمد_مرسي قاد ودعم #رواد_المساجد وأن # قاد ودعم #رواد_الديسكو و #الخنازير_خائنين,NEUTRAL
6309,خلاصة كلامي: خايف من انفراد فصيل سياسي بالسلطة؟ انضم لحزب ينافسه وابذل جهدك لنجاح الحزب في انتخابات مجلس الشعب القادمة والفرص فعلا متاحة,NEUTRAL
6310,الجيش والشرطة والحكومة والبلطجية والاعلام يلاحقون الشعب لايقافه لو انتم رجالة بصحيح اوقفوا ارتفاع الاسعار الاسعار تقفز بجنون,NEG
6311,يالله فورا أول ما أستعيد السيطرة على الدي إم نتفق بالكتير على يوم الأربعإنت واحشني جدا,POS
6312,الوعود المتكررة بانتخابات حرة نزيهة فى غياب الضمانات البديهية لنزاهتها هى مجرد كلام اجوف كفانا خداعا للشعب,NEG
6313,: #يوسف_الحسيني يتلقى تهديدات بالقتل من الإرهابي أبو سمرة #السادة_المحترمون ,OBJ
6314,#كلمتين_وبس تستحق التأمل! •,OBJ
6315,إلى كل مصري ومصرية: العام الجديد هو فرصتنا لنعيد معًا بناء الوطن التغيير قادم كل عام وأنتم بخير,OBJ
6316,5 سيبك منه دى حلاوة روح :))) هانت,OBJ
6317,أبو الفتوح ينعى للأمة الإسلامية د عبد الحميد الغزالي,OBJ
6318,"الكرامة لا تعوض بالأموال، وهي ليست سلعة تباع وتشترى، والإمارات لديها أموال ولكن ليست لديها ""كرامة"" كالعاهرات تمامًا",NEG
6319,هناك كلام ركيك منسوب إليّ عن أسئلة بعد تنحي مبارك تم نقله من على الفيس بوك الذي لا أملك صفحات عليه، شكرا لبوابة الأهرام التي حذفت الكلام,NEUTRAL
6320,البحرين # #تصويري #صورة,OBJ
6321,افتكرت تعليق علاء الحامولي ع اللي حصل لعادل الأمور في ماتش المنيا زمااااان بس لسه شغال,OBJ
6322,انت الوحيد اللي قلبي يبتسم لحكيك من جماله,POS
6323,المعونة الأمريكية ليست معونة من الشعب الأمريكي للشعب المصري كما يتزعمون …,OBJ
6324,ما كل هذا الفشل؟,OBJ
6325,مرينا اف ام ساعه مع عبدالمجيد #عبدالمجيد يبيله سنه مو ساعه,OBJ
6326,الكائنات الفضائيه كانوا مفكرين واحد قلع شرابه بس أنا قلتلهم ان ده احتفال #شم_النسيم #منظم_رحلات_المريخ,NEUTRAL
6327,مصطفى بصاص فى تدريبات امس #الاهلي #الملكي,OBJ
6328,هاتها جمايل يارب واسترها معانا انا واحد مش مذاكر اى حاجه فى اى حاجه #اﻻمتحانات,OBJ
6329,صلاة الاستخارة #العريفي مترجم #للصم #الإسلام #العرب #المسلمين #السعودية #مصر #الأردن #قطر #الج…,OBJ
6330,لمشاهدة الخط الزمني لحلقات #قصة_الأندلس قم بزيارة هذه الصفحة، وشاهد عليها أهم صور كواليس البرنامج وفيديوهات جميع,OBJ
6331,علاقة النائب بالناخبين لابد وأن تراجع سنويا في جمعية عمومية مثلما تفعل الشركات مع المساهمين العقد بيننا هو البرنامج والعقد شريعة المتعاقدين,NEG
6332,لكل فضيلة ثمرة تدل عليها : فثمرة الإيمان العمل ، وثمرة العلم الخشوع ، وثمرة الأخوة التراحم ، وثمرة,OBJ
6333,قرار مرسي بتعديل قانون النقابات العمالية,OBJ
6334,فيديو | محكمة جنايات المنيا تحكم بالإعدام على 683 من أنصار #مرسي من بينهم مرشد #الإخوان_المسلمين 28-4-2014 #السيسي,OBJ
6335,سـلبت مـني المـناامـ و العـقل تـوهتـه #اتجنن,NEG
6336,الصفحة الرسمية والوحيدة للدكتور علاء الأسواني على الفيس بوك هي >>>>,OBJ
6337,88% من قضايا الابتزاز في السعودية سببها مقاطع وصور البنات #الجوف #دومة #القريات #سكاكا #سكاكا_ال…,NEG
6338,يا محمد قول للبيت يجيبوا جريدة الوطن بتاعة بكره (الجمعة) عشان عاملين معايا حوار صحفي فيها,OBJ
6339,وناس وانت بعيد عنهم بتنسى معاهم الاحزان #صلاح_جاهين,OBJ
6340,2050 هاهاهاها بجد انت فعلا مصدق الكلام الخايب ده؟ انا كنت موجود ولم أرى في حياتي هذا التجمع ومان في عدد من المحافظات,OBJ
6341,حساسية الاسنان ! #العوامية #سيهات #صفوى #الدمام #الخبر #طب #طبيب #أطباء #مجمع_الابتسامة_الساحرة_لطب_وتقويم_الأسنان,OBJ
6342,هجوم مسلح على مبني الإذاعة بالعريش ومعسكر الأحراش برفح بصروخ من رفح الفلسيطنية وانفجار اخر داخل رفح الفليسطنية عن…,OBJ
6343,أعجبني فيديو على هروب ابووضحى من مستشفى الامل #غناء,OBJ
6344,أبو الهول ومن خلفه أهرامات #الجيزة عام 1875 م,OBJ
6345,رئيسكم كان هيطير من السعادة إنه متصور مع هيكل دلوقتي هيطلع هيكل بياخد أوامر من الخليج وأمريكا وإسرائيل وقوى الإستكبار إنهم الإخوان الفاشلون,NEG
6346,ربنا يخليك ليا !,POS
6347,الفجر | بدء التصويت علي الانتخابات الرئاسية من التاسعة صباحًا حتى التاسعة مساءاً #مصر,OBJ
6348,طلائع القاعدة كيف وصلت إلى قلب مصر,OBJ
6349,الاخوان والسلفيون يستغلون الجهل والفقر يدفعون الاميون للتصويت لاى شيء باسم الاسلام ويشترون اصواتهم بالزيت والسكر هذه ديمقراطيتهم للأسف,NEG
6350,مراسل صحفى لجريدة الحرية والعدالة باسيوط,OBJ
6351,مصر الشعب الواحد والوطن الواحد لن يؤثر فيه حادث الوراق الإرهابى ، خالص العزاء لأسر الضحايا وسلاما على روح إبنتى مريم التى إغتالتها يد الغدر,NEUTRAL
6352,لسنا ضد من عارض مرسي بل لسنا ضد من دعم الانقلاب لكننا ضد من دعم القتل وفوض القاتل,NEUTRAL
6353,تريكه معانا كل رمز حلو فى مصر من شعبنا وشعبهم بيادة وطرطور وبلاوى ومطرب ورقاصة,NEUTRAL
6354,سولفي للرمل عن قصہ دفى واجمعي برد الشتاء وتلحفيہ احضني حلم الطفولہ يالمى، طيري في الجنہ وجناحك رفرفيہ ! #لمى_الروقي,OBJ
6355,الرياض #القصيم #واحد_فاضي #الهلال #السعودية #النصر #النصر_الهلال #البدائع #الزلفي #حفرالباطن #مكة #جدة [2651815],OBJ
6356,"#ناجح_إبراهيم: #ثورة_يناير ""فككت"" الدولةوالفيوم وبني سويف معاقل للفكر التكفيري #أخبار #مصر",NEG
6357,وختمها عمر جابر بالجون ٤ وبتيشرت الشهيد عمرو حسين #فرحة #زمالك,OBJ
6358,رئيس جامعة المنصورة مش هينفذ قرار الحكومة بإعفائنا من مصاري…,OBJ
6359,كل اللي عايشين م البشر من حقهم يقفوا ويكملوا يمشوا ويتكعبلوا ويتوهوا أو يوصلوا عمار والأبنودي,OBJ
6360,ﺍﻧﺖ ﺍﻟﺒﻌﻴﺪ ﺍﻟﻠﻲ ﻟﻪ ﺍﻟﺪﺭﺏ ﻳﻘﺼﺮ ﺑﻠﻘﺎﻙ ﻭﻻ‌ ﻵ‌ﺧﺮ ﺍﻟﻌﻤﺮ ﺑﻨﻄﺮﻙ ﺗﻐﻴﺐ ﻗﺎﺻﺪ ﺃﻭ ﺗﺠﻠﻰ ﻭﺗﻈﻬﺮ ﺃﻭﻟﻚ ﻓﻲ ﺑﺎﻟﻲ ﻭﻓﻲ ﻗﻠﺒﻲ ﺁﺧﺮﻙ #عبدالمجيد,NEUTRAL
6361,بعد وصلة من الأعلام الرسمي التحريضي خرجت علينا جماعة الاخوان بمؤتمر صحفي أكثر انحطاطاًهما بيتنافسوا مع بعض؟,NEG
6362,مرسي موحد الفتن,NEG
6363,طفل #زملكاوى عقب مباراة بتروجيت,OBJ
6364,ضرب غاز مستمر مكثف بجوار مسجد عمر مكرم,OBJ
6365,فرق بين مبادرة اتنمية الوعي وبين استعمالها كحل لفشل الدولة التي ندفع لها الضرائب,OBJ
6366,ديحيى ابو الحسن 730 مع جمال عنايت أوربت ،دمحمد صبحى 9 قناة 25 ، دمحسوب 930,OBJ
6367,"قال ""التوكل"" : أنا ذاهب للعمل فقال له ""النجاح"" : وأنا ذاهب معك! وقال ""التواكل"" : أنا جالس لأرتاح فقال",OBJ
6368,#شنطة_سيلين_٢٠١٤ #سيلين #شامواه السعر٢٠٠﷼ #هاي_كوالتي عرض خاص لمدة أسبوع #عروضات_خاصه #تخفيضات #الواتس_اب 0506968396,OBJ
6369,رجل تقتل ابنته ويسجن هو ورفاق دربه ثم يبتسم يوم القبض عليه انه الحق اصحابه دائمأ مطمئنون …,POS
6370,#دعوة_الصائم_لاترد #غرد_بالخير اللهم حبب إلى بنات المسلمين الحجاب الذى يرضيك اللهم آمين,OBJ
6371,ندى قررت حكومة #هشام_قنديل زيادة أسعار الغاز و الكهرباء و إليكم ردود الأفعال • عمرو أديب كل دى زيادة …,NEG
6372,يعني ناس قعدت تنكر تعرية ست البنات وبعدين قعدت تبرره مستني منهم فجأة ينتفضوا لكرامة الإنسانللأسف كلنا هندفع تمن غياب العدل في هذا البلد,NEG
6373,ميدو علم ع مرتضى منصور جامد النهاردة # #الزمالك #زمالك #تايم_لاين_زملكاوى # #,OBJ
6374,#عندنا_في_مصر عــلــمــو اولادهم ان اما الأذان يأذن لازم تطفي الأغاني بس نسيــو يــعلموهم ان اما الأذان يأذن لازم تروح المسجد,OBJ
6375,#التحرير | القبض على 47 متهما فى أحداث أسوان الدموية بين الهلايل والدابودية للتفاصيل,OBJ
6376,هذا الفيديو فعلا مؤلم يظهر مدى وحشية البشر وقدرتهم على تدمير أي شئ,NEG
6377,أد #صبري_الدمرداش ود #محمد_العوضي- #قفزة_فيليكس رووووووووووووعة  #فيزياء #علوم #نظرية,OBJ
6378,مجازر سوريا مستمرةأين الأمم المتحدة من حماية الأبرياء؟ أين العروبة والقيم التي لا نتوقف عن التشدق بها؟ الأنظمة في كل مكان تتعري أمام شعوبها,NEG
6379,: اللهم انك اعطيتنا الاسلام من غير ان نسألك فلا تحرمنا الجنة ونحن نسألك #اللهم_امين #دعاء #ادعية?,OBJ
6380,خبراء زراعيون: الشون الزراعية سبب إهدار كميات كبيرة من #القمح وسعر الاردب غير مرضي للفلاح # #مصر,NEG
6381,الليلة السابعة مساءً ندوة د علاء الأسواني بأتيلييه الاسكندرية بالازاريطة التفاصيل على هذا الرابط >>,OBJ
6382,الوطن | تقنين أوضاع جماعة الإخوان | عمرو حمزاوي:,OBJ
6383,لن نسمح بإبادة جماعية في جنوب السودان #العربية #كينيا #السودان,OBJ
6384,#نبض_رابعة | #شاهد معتقلين المنيا في قاعة المحكمة يهتفون ساخرين من القاضي و من فضيحة زوجتة مع مدرب الكراتيه (,NEG
6385,"مقال للأسواني بعنوان ""قبل أن تدلى بصوتك فى الإعادة"" يوضح اسباب مقاطعته للانتخابات بتاريخ4 يونيو2012 ميشيل جورج",OBJ
6386,#البنوك تقرض #الحكومة 5 مليارات جنيه لسد عجز الموازنة اليوم || لمزيد من التفاصيل على الرابط,OBJ
6387,"المعنى الحقيقي للوطنية المعنى الحقيقي للضحكة الصافية #باسم""",POS
6388,كل من ينزل مظاهرة بسلاح أيا كان انتماءه السياسي هو مشروع قاتل يجب محاكمته,NEG
6389,والد #جيكا هو اللى كان داخل مع #حمدرين يوم تسليم التوكيلات #واحد_مننا,POS
6390,#دخلنا الترم فى #مارس وهنمتحن فى أول #مايو #وهنسقط فى نص #مايو ودة بقة #قمة #الأعجاز #العلمى :) #,OBJ
6391,1 رئيس فرنسا رئيس لكل الفرنسيين مش فصيل واحد !,OBJ
6392,"هل بدأ #الجيش السوري عملية ""#حلب الكبرى""؟ #دمشق #الراموسة #الشيشان #الليرمون #المطاحن #المدينة # #الجيش_الحر",OBJ
6393,الآن محاضره عن الصحابي الجليل وخليفة رسول الله #عثمان_بن_عفان #ذو_النورين #إذاعه_القرآن,POS
6394,انا باسأل لان دلوقتي مواضبع كتير بقت تطلع من النت والاعلام يزيط ويطلع مصدره اي كلامزي موضوع تأجير قناة السويس او تصدير السولار لغزة,OBJ
6395,أيها الاخوان الا تذكرون 52 شهيدا قتلتهم شرطة محمد ابراهيم بأوامر من مرسي عندما شكر مرسي القتلة واعلن حظر التجول اعترفوا بجرائمكم,NEG
6396,ان ينتزع رئيس منتخب صلاحياته القانونية من المجلس العسكري شيء وان يعطل الرئيس القانون ويلغي القضاء شيء اخريدهشني الا ترى الفرق,NEUTRAL
6397,خلافات بين البلتاجي والعريان وصفوت حجازي وهل سيتم التضحية بصفوت حجازي ؟ # …,OBJ
6398,خارطة الطريق تستلزم مشاركة وطنية بعيدة عن العنف #السادة_المحترمون,NEUTRAL
6399,أمي ولك في هذا اليوم دعوه ؛ حفظك الله من كل سوء ياجنتي حفظ الله أمي وأمهاتكم وجميع أمهات المسلمين #عيد_الأم …,POS
6400,احترامنا للجميع لكن من لديه مشكلة مع صوت عاقل متزن كصوت __ لديه مشكلة حقيقية,NEUTRAL
6401,بقلب القنوات لقيت عكاشه على الفراعين قام شاورلي من الشاشه وقالي ازيك ياهشام و شخط في عمال الإستوديو وقال اظبط الإضاءه,OBJ
6402,عاجل | بعد دقائق، الدكتور عبد المنعم أبو الفتوح ضيف في برنامج آخر كلام مع الإعلامي يسري فودة يتحدث عن اعتصام ميدان,OBJ
6403,#غرد_بصورة #غرد_بذكر_الله,OBJ
6404,طيب اذونات الخزانة اللي الحكومة بتبيعها، مش دي ربا؟ طب الدين الداخلي، و المشروعات الممولة من البنك اللي عليها فايدة ولسه,NEG
6405,: #معرض_الكتاب #مخيليف جانب من صور الأفتتاح,OBJ
6406,فوشيا+موف+بنّي+دهبي+ ٢ كيلو دقيق أبيض تحت العينين ياااااظلمة س,NEG
6407,#تنويه_البرنامج اللي دخل السياسه يتحمل كل تيتها ومنهم التيت اللي هيطلع من البرنامج ! للكبار فقط,OBJ
6408,#حاجات_بتفرح_في_مصر لمة رمضان,POS
6409,خمس الاف #الامارات #الهلال #النصر #السعودية #الكويت #قطر #الرياض #مكة #رتويت # #دبي #الشارقة # #غرد_بصورة 982,OBJ
6410,"#غرد_بطولك؟ 179-180 يالله اتحفوني😂؟"" ١٦٠ - ١٦١ *تتفشل*",OBJ
6411,ليلى فتاة مسلمة ربتها جدتها المسيحية، شاهد لقاء عمرو خالد مع ليلى وجدتها,OBJ
6412,9سبتمبر عيد الفلاح الذى ظلمته السلطة واهملته المعارضة نحتاج لاصلاح زراعى جديد و نقابة مستقلة للفلاحين لا تغيير بدون الجماهير وفى قلبها الفلاحين,NEG
6413,لم ادعم مرسي وقاطعت الانتخابات اعتراضا على عدم عزل شفيق وعدم محاكمته لكن مرسي الفائز طبقا لتقارير القضاة المستقلين الثورة إخلاص للحقيقة,NEUTRAL
6414,ياسر أبو عمّار في #سياسة_في_دين :علي الجزيره غيّرت موقفي من حزب #النور بسبب مواقفه المخزية مع الرّئيس #محمد_مرسي,NEUTRAL
6415,الليلة، الموقف من سد النهضة مع د عمرو حمزاوي و د علاء الظواهري، يعقبه لقاء خاص مع بطل مصر و العالم في الاسكواش,OBJ
6416,#كلمه_بتتقال_في_البيت_كل_يوم جيت ؟ لا هذا استنساخ مني انا ماجيت,OBJ
6417,#جمال #خيال #حقيقه #جميل #درر #حكم #أعجبني #حكمه #بقلمي #شوق #بوح #شعر #قصيد #رتويت خمس الاف متابع بـ 200 ريال /3125,OBJ
6418,: #فكرة_جميلة وش رايكم؟ ,OBJ
6419,عصام خليل سكرتيرا عاما لحزب المصريين الأحرار #مصر #ميدان_التحرير,OBJ
6420,كان معى في ذلك الوقت الاستاذ عمرو مصطفي السعيد نجل وزير الاقتصاد الأسبق دمصطفي السعيد الذي شاركنا في الثورة ومعه حرمه ووالدة زوجته وشقيقيه5,OBJ
6421,#لو_ده_جنان_إتجنن لما تشوف واحد بيعاكس واحده روح اعمل اخوها,NEUTRAL
6422,ملف العدالة الاجتماعية هو الملف الاهم و الابرز لمحاربة الافكار المتطرفه,NEUTRAL
6423,"قال الرئيس المتصهين #محمود_عباس إن ما حدث لـ #اليهود في ""#الهولوكوست"" هو أبشع جريمة عرفتها البشرية في العصر الحديث #أخبار #ف…",NEG
6424,#شاهد بالفيديو روسي يعلم طفله الصغير التدخين #منوعات #غرد_بصورة,OBJ
6425,نظم أهالى #المطرية الجمعة مسيرة مناهضة للانقلاب العسكري ، استجابة لدعوة التحالف الوطنى لدعم الشرعية ، انطلقت من,OBJ
6426,اخبار صباحية هبوط البورصة اليومى وتراجع مؤشرها الرئيسي وخسائرالمستثمرين الباهظة بكره تشوفو مصر,NEG
6427,"استغربكم ياآل المنتصف حينمالم تصدقوا #مرسي حينماقال""…",OBJ
6428,رابط وتحميل عدد اليوم من المعصرة: اهلاوس بصرية ومسامرات صيفية ـ قلمين ـ سفاسف الأمور ـ تناتيش ونغابيش ـأب تحت التمرين,OBJ
6429,ربنا يبارك فيكم,POS
6430,هو كل كلب ولا كلبة يمسك منصب فاكر أنه ممكن يتحكم في تاريخ البلد دي على أشكالكم الضالة #مبارك #أكتوبر #سيناء #نصر,NEG
6431,باقي المعونة الأمريكية لهذا العام التي تم تجميدها تساوي فقط 585 مليون دولار ولكن هذه أول مرة تتجمد منذ كامب ديفيد,OBJ
6432,جالس العلماء وزاحمهم بركبتيك فإن الله يحيى القلوب بنور الحكمة كما يحيى الله الأرض الميتة بوابل من السماء #مصطفى_ح,POS
6433,وإن الصدفة احياناً بتبقى بألف ميعادانا نفسي اقولهالك فأول مرة نتقابل #محمد_محسن 3,OBJ
6434,"لم نقل إن ما حدث في مصر كان ""انقلابًا""",OBJ
6435,وحسيت بده لما عرضنا حلقات مكيالاعلانات اكتر من وقت الحلقةللاسف مافيش حاجة في ايد من ينتجون البرنامج الموضوع بايد وكالات الاعلان,OBJ
6436,انتظروا بعد قليل ثالث فيديوهات حملة سوريا فى القلب - ريف دمشق,OBJ
6437,_ _ طلع هزار الحمد لله :),OBJ
6438,#الاهلي_الافريقي الحمد لله,OBJ
6439,دعبدالمنعم أبوالفتوح أثناء حديثه مع أحد الأهالى,OBJ
6440,هو ٱنا ليه حاسة اننا زهدنا فى #الثورة اللى حيقول يترنح مكانه محفوظ فى البلوك ليست,OBJ
6441,ندق أجراس الإنذاربعد ما حذرالمركالمصري للحق في الدواء،من إختفاء أكثرمن180صنف دوائي #السادة_المحترمون …,OBJ
6442,#شنطة_رمضان #_ #محمد_رمضان إنشر,OBJ
6443,ل لم يصمد عامين وكتبوا بعده وثيقة الحقوق واستفتي عليها وأقرت ب75? من الولايات رجاء التحري لأنك واضح إنك تسمع ولا تقرأ,OBJ
6444,#عدلى_منصور يتلقى إتصالات هاتفية من رؤساء أوغانيا و تنتانيا و طنجانيقا و مورانيا الجنوبية ، لبحث القضايا ذات الاهتمام المشترك أبو فيشــــه,OBJ
6445,أنا كبلال إنبسطت :),OBJ
6446,الان مي وهبة عضو المكتب السياسي لتمرد ومحمدعبدالعزيز عضو لجنةالخمسين ضيفا #يوسف_الحسيني في #السادة_المحترمون …,OBJ
6447,الرجوع للحق فضيلة حمد الله على سلامة أحمد السيد النجار,POS
6448,سنسعى في كل وقت وتحت كل الظروف ورغم كل القيود أن نكون من الذين يقولون فيعملون ويعرفون فيلزمون ويقدمون فيقبل منهم #مكملين #اثبتوا,NEG
6449,1 الحساب يخص د/عمرو ولكن يديره مجموعة من المتطوعين في أثناء الحملة الانتخابية,OBJ
6450,مطار القاهرة ينفي حيازة #الجيزاوي للمخدرات #الحرية_للجيزاوي_المتهم_البريء,OBJ
6451,#الحقيقة_مباشر_مصر|#انقلاب_3يوليو رد الشيخ حازم على فتوى برهامى الاخيرهصاعقه,OBJ
6452,7_3_ جميع مباريات ونتائج #الأهلى #مصر في #دوري_أبطال_أفريقيا من البداية وحتى 2015,OBJ
6453,الصفقة كانت كالتالى مبارك يخدم اسرائيل بكل الطرق واللوبي الصهيوني في العالم يضغط من اجل تولي جمال مبارك رئاسة مصر كل ذلك تغير بالثورة,OBJ
6454,مخاوف المسلمين من الاخوان لا تقل عن مخاوف الأقباط ولولا تواطؤ الاخوان مع العسكري لما وصلنا الى هذه الورطة الطائفية قضت عليها الثورة نهائيا,NEG
6455,#الميدان|اتحاد طلاب جامعة الأزهر يصدر بيان نطالب فيه كافة المنظمات الحقوقية المحلية والدولية بسرعة التدخل و الضغط,OBJ
6456,قوة هدفها استكمال نقل السلطة للمدنيين المنتخبين وبناء دولة المواطنة والقانون المدنية ورفض ممارسات الاستبداد والمنافسة الانتخابية الجادة,POS
6457,#كلمتين_وبس خليون بالقلب رح يجي وقتون قريباً😉,OBJ
6458,عاجل أنباء عن أسر طيارين إسرائيليين في غزة,OBJ
6459,اليوم السابع | أبو الفتوح: الوضع فى مصر غامض والثقة مفقودة بين الحكومة والشعب,OBJ
6460,"سيناء ""الشقيقة"" - يسري فودة",OBJ
6461,لا ياحبيبي يانيوتن اطلع من قبرك و ورنا فيديو لتفاحتك وهي تطيح ما حناب مصدقينك اطلع أقول =)) #قفزة_فيلكس,OBJ
6462,يا رب إنقطع الرجاء إلا منك ، وسدت الطرق إلا إليك __ #دعوة_الصائم_لاترد #غرد_بالخير #ريتويت,OBJ
6463,: مقتل سعيد فضة أكبر مورد بلطجية فى #شبرا_الخيمة وعميل أمن الدولة ,OBJ
6464,"#كلمة_تستحق_التأمل عشارق ""̯",OBJ
6465,#عالم_بدون_مجاملات ؟ يع ، خسف ، خايس ، شكلك غلط ، طاع ويهك,OBJ
6466,الرسالة الاسبوعية لدكتور عمرو حمزاوي الجمعة 27يناير2012:,OBJ
6467,2020 مصر دوله مدنيه بلا اميه'' #محمد_محسن #حاجه من الذاكره :),OBJ
6468,مين يتذكر نهائي كاس العالم للاندية ؟؟ تخبرون #الرجاء كيف كان يوصل لمرمى نيوير #بايرن ؟؟ لو وصل #مينيرو لانتصر بالبطولة صدقوني!,OBJ
6469,مدرسة السخط في مصر أصبح لها تلاميذ وياويلنا يوم يتخرج هؤلاء التلاميذمقالي اليوم في الشروق,OBJ
6470,قالت عضوةاللجنة اليكترونية ان من يرسم لهم الخطة استاذ علوم سياسية من الوطنى هناك اسماء يجب التشكيك في كلامها او تشويهها العمل 8 ساعات,OBJ
6471,كلمتين كدا يا وﻻد اﻻحبه #تمرد الشغل فيها كان نصيف و بأمانهلكن بعد #30_6 بقت معرصهف ما حدش م #اﻻخوان يشكك ف التوقيعات #نقطه,NEG
6472,"مسحول""الاتحادية يغير أقواله أمام النيابة ويتهم الشرطة بضربه وتعريته",OBJ
6473,الندوة الاسبوعية للدكتور علاء الأسواني الخميس القادم في الأسكندرية التفاصيل>> … … …,OBJ
6474,الجيش مصمم علي مزيد من القتل للمتظاهرين السلميين، شهيد جديد في بنى سويف، متى يعرفون ان الشعب لن يهدأ الا بسقوط الانقلاب، اهرب يا سيسي,OBJ
6475,أعتقد أن مقتحمي السجون أعطوه هاتف الثريا للإتصال بالجزيرة …,OBJ
6476,6 أما طائفة مبرري الاستبداد والسائرين في ركب الإخوان الذين دافعوا عن إعلان الاستبداد واشتركوا في جريمة الدستور، لن تفيدكم بهلوانيتكم اليوم,NEG
6477,لن تتقدم #مصر طالما بقيت فيها أبواق للتدليس مثل #هيكل وطالما بقيت فيها آذان تستمع له وعقول تنبهر به وبتخاريفه وحكاياته…,NEG
6478,أسطورة مولانا عماد عفت #درب_شكمبة,OBJ
6479,التقيت اليوم سفير إيطاليا لمناقشة فرص دور إيطالي وأوروبي فعال للوساطة بين مصر وإثيوبيا بشأن سد النهضة وأمننا المائي، إدارة الأزمة ضرورة حياة,OBJ
6480,لو خايف على الثورة فعلا ارمي مرسي والجماعة الفاشلة ورا ضهرك وضم على صف الثورة كمواطنغير كده خلي الإرهاب ينفعك ومنك للناس الغضبانة بقى,NEG
6481,يامبرراتي ياللي مش مكسوف من نفسكماكانش حد هيفتح بقه لو رئيسك قال من الأول انا مااشتغلتش مع ناسا مباشرة ولاعمري رحتها كنت في جامعتي بس,NEG
6482,فضيحة من العيار الثقيل لواء شرطة يفضح استعانة الشرطة بنخنوخ والبلطجية #مصر,NEG
6483,لمن لم يشاهد لقاء مصعب الشاعر مع محمود سعد - نموذج لطهارة ثورتنا التي اتسخت بقذارات السياسة …,NEUTRAL
6484,الله يسامحه #حسني_مبارك اكبر غلطة عملها فينا كشعب هو كمية الجهل الرهيب اللي اتسبب فيه!!,NEG
6485,النائب العام ينقل محامي عام شرق القاهرة الى بني سويف لرفضه حبس متهمي الاتحادية,OBJ
6486,اخلاء سبيل قتلة الأربع بنات بتوع المنصورة، عجبا ! يفرج عن متهم في جريمة قتل بكفالة، ويعتقل غيره بدون جريرة,NEG
6487,علاج السكري #اف_نتشورال #السعودية #العراق #اليمن #مصر #قطر #الكويت #عمان #سوريا #ليبيا 79,OBJ
6488,#صباح_الخير #بعد_منتصف_الليل #غرد_بذكر_الله #صور_كنك_بنت #لو_كنت_المتحكم_بالتويتر خمس الاف بـ 200 ريال16,OBJ
6489,لا تتركن كلمة مستحيل تصل إلى قلوبكن فتخمد فيها شعلة أمالكن وإلى الأمام، إلى العمل ! #يوم_المرأة_العالمي,OBJ
6490,أكبر خسارة خسرناها في ظل نظام مبارك هي الثروة البشرية,NEG
6491,خايف انا خايف لو امشي لك سنيـن ويجف قلبي من الظمى وانزف حنين ما نلتقـي ! #عبدالمجيد,OBJ
6492,"استمرار مأساة غرق شبابنا في محاولات يائسة سعيا وراء ""لقمة العيش""ما هي أسبقياتنا وأين نحن من أهداف الثورة : عيش،حرية،كرامة إنسانية ؟",NEUTRAL
6493,لا أمل فى دولة تدخل فى حرب مع اعدائها لتحرير ارضها منهم ! #تويت_كأنك_ناشط_ايام_حرب_اكتوبر,NEG
6494,#اكتب_رساله_لشخص_دون_ذكر_اسمه الحياة ي صاحبي أجمل من بشاعة الحزن لا تحزن ابتسم وتفائل دائما ، وكن على يقين لن يصيبنا إلا ما كتبه الله لنا,OBJ
6495,مش لازم نكون مع بعض علشان شايلانا نفس الارض ؟؟؟؟؟,OBJ
6496,#كلمه_بتتقال_في_البيت_كل_يوم ولدي جيعان ؟! أمي الله يحفظها :),OBJ
6497,_ بعض أحيان إصبع واحد يكفي :),OBJ
6498,انا دخيلك؟ من عيون الخلايق لا عاد؟ تترك في عيوني #علامات,OBJ
6499,هناك شيوع لخطاب الكراهية والإقصاء والعزل وتواري للمحبة,OBJ
6500,في المعصرة يوم الأربعاء مع الشروق هانزل فصل من كتاب لعمنا محمود السعدني يبين لكو إن موضوع الأندلس ده سبوبة سياسية للإسلاميين من زمان أوي,NEUTRAL
6501,الإعلان الدستوري الصادر من مرسي كان أشبه بخطاب التمكين لهتلر #السادة_المحترمون,NEG
6502,#قطر و #السعودية و #تركيا غذّت المعارضة السورية بالسلاح ورفضت النقاط الست,OBJ
6503,7 بيقولك حديثة يعنى متركبلها,OBJ
6504,#بيع_متابعين #زيادة_المتابعين #تابعني_اتابعك #السعودية #الهلال #النصر #الاتحاد #الأهلي #الأتفاق #الشباب [90332],NEUTRAL
6505,توقيع اتفاقية عسكرية بين مانيلا وواشنطن تتيح تعزيز الوجود العسكري الأميركي في #الفيليبين #أمريكا #أو…,OBJ
6506,الطرق السلميه والمتحضرة هي في ظننا احد سبل النضال السلمي والمشروع للضغط علي الحكومات في المنطقه لتنهج منهج استقلالي,NEG
6507,باقي 10 أيام اللهم بلغنا رمضان آمين,OBJ
6508,#عن انك تصاحب باباك ومامتك وتحكيلهم عن كل حاجة من غير ما تخاف منهم لانك واثق انهم هيساعدوك,POS
6509,* #يوم_الحساب ستكون مرغماً على إعطاء حسناتك لــ #شخص_كرهته فأغتبته,OBJ
6510,#واحد_فاضي #الهلال #السعودية #النصر #النصر_الهلال #غرد_بصوره #الرياض #زيادة_المتابعين #رتويت #هاشتاق_خاص [259919],OBJ
6511,شاهد - آخر كلام: سد النهضة ما ينبغي على مصر فعله #,NEG
6512,اسماء يمكنك الاتصال بدكتور محمد صبحي فيما يخص ملف المصريين بالخارج الموضوع لا يحتمل التباطؤ : _,OBJ
6513,#فاتسكه: #درتموند سيتخطى #ليفاندوفسكي كما فعل مع #شاهين #كاجاوا !,OBJ
6514,الحمدلله علي التأهل لدور المجموعات بالكونفدراليه و من فوز لفوز ان شاء الله يا #أهلي #عمرو_جمال - يشعر بـ حالة ممتازة,POS
6515,#اللهم بارك لنا في رجب و شعبان و بلغنا #رمضان لا فاقدين ولا مفقودين #اللهم آمين,OBJ
6516,سعودي قال ان الحسنة الوحيدة لدعم بلاده للانقلاب بمصر هي التعجيل بثورة في السعودية تظهر ارهاصاتها منذ فترة بعد تعرية الغطاء ا…,OBJ
6517,المستشار احمد مكي احد القضاة العظام الذين وقفوا امام مبارك من اجل استقلال القضاء وأمامه معركة صعبة لان الفلول سيتكتلون ضده من اجل مصالحهم,OBJ
6518,لا صحة لما نشر فى اليوم السابع عن مقابلتى لقداسة البابا، حيث أنى فى أجازة سنوية خارج البلاد,OBJ
6519,الطوابير اليوم عند المقار الانتخابية أقصر من اليوم الأول في المرحلة الأولى شاركوا أرجوكم، مشاركتكم نجحت الأولى وهتنجح الثانية إن شاء الله,OBJ
6520,تحية لرئيس جمهورية فنزويلا الذي انحاز بقرار إعادة سفير بلاده للقاهرة لثورة مصر وارادة شعبها وأكد على متانة وعمق العلاقات بين الشعبين,POS
6521,#خلق_جميل الكرم,POS
6522,#السكة_شمال و #الارسال مش شغال,OBJ
6523,الحرية لـ #خالد_سعيد الامان الحرية لـ #مينا_دانيال حرية التعبير والاعتقاد الحرية لـ #الحسيني_أبوضيف,OBJ
6524,د علاء الأسواني: ما سر لهوجة المجلس العسكري السابق ؟! أقرأ المقال كاملاً على هذا الرابظ : …,OBJ
6525,"#وزير_التموين : توفير كافة السلع بأسعار مخفضة 15% في ""المجمعات الاستهلاكية""",OBJ
6526,#أشاهد_الآن أحلى مسا على حمل تطبيق # :,OBJ
6527,الوطن | الدستور الدولة والمجتمع (4) | عمرو حمزاوي:,OBJ
6528,سلامة أحمد سلامة، تركت إرثاً من الأخلاق حين عزت و من الحصافة حين اهتزت و من الشجاعة حين كان لها ثمن يرحمك الله,POS
6529,#شهداء 25يناير ، #محمد_محمود ، #ماسبيرو ، #الاتحاديه ، #مجزره_بورسعيد حد فاكرهم طب ادعلهم بالرحمه,OBJ
6530,"الإخوان يعتدون على حفيدة مرشدهم الأسبق ويحطمون سيارتها ""فحتى بيوت رموزهم لم تسلم من قلة الادب"" …",NEG
6531,عذراً لتأخر رفع الحلقات الأخيرة هنا لتعطل الرابط بين فيسبوك و تويتر و سنرفعها الآن,OBJ
6532,' ' سما_المصري #,OBJ
6533,التنظيم الدولي للإخوان تعلم على يد رامسفيلد يقوم بحربين في وفت واحد او #كلام_و_كلام #يوسف_الحسيني #…,NEG
6534,_26 لا نريد ان يجعلونا نفعل مثلهم فهم لا دين لهم هم تجار دين #تحيا_مصر #سأنتخ…,NEUTRAL
6535,عبد المنعم أبو الفتوح فى علمتنى الحياة الجزء الثانى,OBJ
6536,في مصر يوجد 2 مليون مشترك دي إس إل، 54% منهم في القاهرة والجيزة، و12% بالإسكندرية و6% في الدقهلية #الإنترنت_في_مصر,OBJ
6537,جريدة البشاير | حمزواي يصلي العيد في أبو بكر الصديق |:,OBJ
6538,مذيع التليفزيون المصري أعلن إنفجار قنبله في قسم بولاق الساعه ١٢ وبعدين رجع نفى الخبر وبعدين رجع أكده لأن الانفجار…,OBJ
6539,لاتنسون اخوانكم المجاهدين في #سوريا من دعواتكم الصادقة,OBJ
6540,وأنا بصراحة لا أحب الناقص ولا اللي بيناقص,OBJ
6541,الفهم المصري المتحضر للإسلام أسس له الامام محمد عبده عام 1899فانطلقت مصر العظيمة لتبدع في كل مجال حتى وصل إلينا الفكر الوهابي الرجعي المتطرف,NEUTRAL
6542,تابعوني علي قناة العربية التاسعة مساء بإذن الله,OBJ
6543,لقاء رائع اجتمعت فيه مع الشيخ #عادل #الكلباني ،وأشكره على كرم ضيافته و الفوائد العلمية التي قدمها لي,POS
6544,لم تقم الثورة وتستمر لمدة ثلاث سنوات وتضحي بالكثير من اجل نفوس متعصبة ومريضة تنشر الفتنة بين اطياف الشعب #الثورة #البحرين,NEG
6545,الفائزون عالميا وافريقيا من انصار رابعة والشرعية والفاشلون انصار الانقلاب يا وزير للرياضة يا خسران بالستة يا,NEUTRAL
6546,معااااااااااااااااااك يا ريسنا معاااااااااااااااااااااااك #تحيا_مصر #السيسي_حبيب_الملايين #سأنتخب_السيسي,POS
6547,ممكن امك تكون بتحب الفسيخ بس عيالها وجوزها اللي هو ابوك يعني مش بيحبوه وتكون نفسها فيه بس ماتكلوش عشانهم هي ديه #الأم_المثالية,POS
6548,لقاء د عبد المنعم أبو الفتوح مع عبد الرحم يوسف في برنامج هنا العاصمة 9:00 12:00,OBJ
6549,83 مابلاش انت يا عبد العزيز،دانت بنفسك شوفت الاخوان بهدلوني ازاي ،، الرجل جدع و عمل اللي معر…,OBJ
6550,جانب من فعالية طلاب #جامعة_المنصورة الان #الصمود_الطلابي #مكملين سلفيون ضد الانقلاب,OBJ
6551,"قال الرئيس الفلسطيني #محمود_عباس إن ما حدث لـ #اليهود في ""#الهولوكوست"" هو أبشع جريمة عرفتها البشرية : : من يومك زمباوى ونتن ياعباس",NEG
6552,#ممحونه #دعارة #منحرف #زواج #أغتصاب #مصر #تونس #الإمارت #طرابلس,OBJ
6553,وافق #وزير_الداخلية على صرف علاوة مكافحة الإرهاب لمنسوبي الجوازات من ضباط وأفراد بنسبة 25% من الراتب لأول مربوط #السعودية # #,OBJ
6554,والدة #ياسمين عمر أول الحالات التي يستضيفها البرنامج ,OBJ
6555,#شبشب_ابوصباع كانوا بيقولولى وانا صغير الشبشب ده حرام علشان اسمه زنوبه لحد ما عقدونى منه,OBJ
6556,كل سلاح خارج #المؤسسات الامنية والعسكرية #الشرعية هو سلاح لا يخضع لسلطة الدولة القضائية او العسكرية، وبالتالي سيصبح سلاح خارج عن القانون,OBJ
6557,أكيد هم اخوان او …,OBJ
6558,رأي الجاحظ في نفي الوحدة العرقية للعرب، وأن العروبة موطن ولغة وثقافة #اليوم_العالمي_للغة_العربية,OBJ
6559,دمي دمك برعاية #التيار_الشعبي شارك في التبرع و نشر الحملة #مصر #ريتويت,OBJ
6560,المحترم حازم عبد العظيم عصام-سلطان/137923242939959,OBJ
6561,وزير الطيران المصري: وقف خط الطيران بين #القاهرة و #أثيوبيا يحتاج إلى قرار سيادي # #مصر,OBJ
6562,"بقيت كلما أتفرج على حلقة لباسم أفتكر صديقنا الجميل علاء ولي الدين الله يرحمه وأتخيله وهو بيقول للإخوان ""يالله ياللي باسم يوسف بيفشخ فيكو""",NEUTRAL
6563,تحت امر المكتبة والعلم وجمال الأسبوع اللي بعد الجاي ان شاء الله تحياتي,OBJ
6564,2222 حضرت ثلاثة اجتماعات كمستشار ولم أكن عضوا في اللجنة,OBJ
6565,الصداقة تزرع الحياة أزهارًا #مي_زيادة,POS
6566,يلتقى الأن دعبدالمنعم مع سفير نيوزلندا بالقاهرة ، فى إطار لقاءات متعددة مع ممثلى الدول التى لها علاقات دبلوماسية,OBJ
6567,"أهالي قرية ""المسيد"" في قنا يطالبون بإقامة كوبري بدلا من عبارات الموت …",OBJ
6568,تبقى بجد في كوكب القرود إذا إفتكرت إن شعبيتك تزيد بممارسة التسويف والقمع والتدليس والنفاق لتبجيل وتبرير ديكتاتورية فجَّة,NEG
6569,حسبي الله ونعمه الوكيل فيك يامرسى انت وكلابك وخرفانك تعرية وسحل متظاهر والقبض عليه بقصر الإت,NEG
6570,اعلام العار ساند منتخب مصر فى غانا لينسب الفوز لسيسي فخسرنا بالستة وتجاهل الاهلى كرها فى ابو تريكه ففزنا بكاس,NEG
6571,العنف والقتل في محيط مقر جماعة الإخوان مدان ومرفوض بالكامل كما في اشتباكات أسيوط وبني سويف، كل الدم المصري حرام، لا تفسدوا ٣٠ يونيو,NEG
6572,صورة عجيبة يظهر فيها بوتين وهو يتقمص دور سائح خلال زيارة ريغان لـ #روسيا! … … …,OBJ
6573,#احمد_شفيق سيرته بتجيب ارتيكاريا لناس كتير بس محبوب من الأغلبية اجدد الدعوة له للترشح للانتخابات,NEUTRAL
6574,بسمة أمل - داووا مرضاكم بالصدقة - قصة واقعيه,OBJ
6575,التعادل فى نهاية اللقاء قلل فرحة الاهلى لكنه خير لأنه سيجعل لقاء الاياب فى القاهرة حاسما ودور المصريين خلاله حاسم لاعلاء اسم بلدهم وفريقهم,NEUTRAL
6576,شاهد - آخر كلام: تأثير زراعة البذور المعدلة وراثياً #,OBJ
6577,يوم الوفاء للرئيس؟! مين وفاء دي؟ مش واخد بالي,NEG
6578,شاهد - الشعب والدستور حمدين صباحي في آخر كلام #,OBJ
6579,يا ريت اقدر مش هاينه عليه بلدى,OBJ
6580,#الوطن| إصابة سيدة بطلق ناري في مشاجرة بين شيخ بلد ومساعد شرطة بـ #بني_سويف,OBJ
6581,طنطاوى شبع سلطة لمدة 20 سنة واذا كان يريد السلطة فما يشاهده يومياً يجعله يتجنب هذا التفكير,OBJ
6582,"بإذن الله ألتقيكم فى رمضان مع سيرة الفاروق عمر بن الخطاب رضى الله عنه و برنامج يومى بعنوان ""عمر صانع حضارة "" انتظرونا",OBJ
6583,نريد ان يستمر المشهد الحضاري الذي رأيناه في الاستفتاء رغم وجود بعض تجاوزات و تمر الانتخابات في سلام,OBJ
6584,#اللى_رافضين_السيسى_رئيس_بيعملوا_فولوا_لبعض و سيظل حكمهم مؤبد تقريبا !,NEG
6585,"اللهم حرر المسجد #الأقصى من اليهود المجرمين ،، اللهم ارزقنا صلاة فيه قبل الممات ،، #فلسطين #القدس #غزة""",OBJ
6586,عندما تتوجه إلى العمل ابتسم :) فالبعض عاطل لا يعمل,OBJ
6587,ولدينا أكونتات حرة ولن نصبح فلورز لأحد بعد اليوم,OBJ
6588,ع #الواتساب انا اتعرض لهجوم و ضغط نفسي 😢,OBJ
6589,إلى كل مناصري الإخوان:لا يستحق مرسي أن تبكوا عليه لحظة واحدة لا تفرطوا في نقطة دم واحدة من أجل هذا الكذاباتقوا الله في بلدكم وأنفسكم,NEG
6590,ترقصين بعرس واطالعين فوق وتحركين حلجج يعني حافظه الاغنيه:)؟ #لازم طلقه بالراس:),NEUTRAL
6591,"الوطن | مستشفى المنيرة العام استقبل 32 مصابا في اشتباكات ""#التحرير"" بينهم 5 إصابات بطلق ناري",OBJ
6592,رحم الله جمال البناكان له ككثير من العلماء آراء صادمة وكان لديه النقاء الكافي لإعلانها والدفاع عنها وتحمل ضريبة الهجوملكن عطاءه أوسع بكثير,NEUTRAL
6593,الهدوء يدفعك الى السكينة،والسكينة تقودك للتأمل،والتأمل ينير لك الطريق الى الحكمة،ما أحوجنا للهدوء #مصر # #لبنان #السعودية #الإمارات,OBJ
6594,# لوحة #في داخلي شرفة لا يمر بها أحد التحية #محمود درويش 😃,OBJ
6595,مناقب ذي النورين عثمان بن عفان : 1- أسلم في السنة الأولى للبعثة 2- أحد العشرة المبشرين بالجنة 3- أحد الستة أصحاب الشورى #عثمان_بن_عفان,OBJ
6596,السلطة تمارس إجراما سياسيا ضد الفقراء,NEG
6597,#اعرفوهم_انقلاب_مصر_يسقط_حكم_العسكر #الداخلية_بلطجية #شهداءالحرية # الشهيد محمد فتحي 20 عاماً #بني_سويف,NEUTRAL
6598,أن تقنع بما كتبه الله لك من جنس وخلقة وبدن وصحة وأهل ورزق وعمل ومنزل ومصير وصحبة ومرض وحزن وأن تطيعه وتحمده وتشكره على نعمته هذا هو الاسلام,OBJ
6599,فوجئنا امبارح الصبح بعدد كبير من عربيات الامن المركزى و لما سئلنا عساكر منها جايين لييه قالولنا تأمين,OBJ
6600,طلاب #الأزهر يتوجهون الى بوابة المدينة الجامعية، و #الأمن يطلق الغاز لتفريقهم يتوجه الان طلاب #الأزهر الى بوابة,OBJ
6601,2 لا مواجهة ناجحة للتطرف ولا إنقاذ للتعايش إلا بتفعيل سيادة القانون وحماية حقوق الأقلية قبل الأغلبية والمحاسبة الناجزة للمتورطين في العنف,NEUTRAL
6602,مما وصلني على #الواتس_اب #برود_كاست #حقيقة #قيادة_26اكتوبر #قيادة31نوفمبر #قيادة_المرأة_للسيارة,OBJ
6603,رجال الاعمال اللصوص باعوا اسهمهم من بورصة القاهرة لبورصة لندن وحولوا ارصدتهم لبنوك عالمية بيهدموا البلد بعد ما خربوها بالانقلاب,NEG
6604,"😂😂😂 "": بالفيديو: #توفيق_عكاشة: #هيفا ولية ناشفة """,NEG
6605,محمد علاء عبدالفتاح ١٨سنة ثانوية عامة تم تعذيبه من الإخوان ويتم التحقيق معه بتهمة قتل الشروع ف قتل من عذبو,OBJ
6606,أزف الوقت لإنهاء الاستقطاب البائس الذي نعيشه بأسلوب عقلاني، وأن نتحلى بروح التسامح، لنبدأ في البناء بسواعد كل مصري ومصرية,NEUTRAL
6607,في تضليل اعلامي ممنهج ؛ المتحدث العسكري يسمي ما يقوم به الجيش من تفجير وحرق ومصادرة لأملاك أهالي #سيناء ( أعمال قتالية ) …,NEG
6608,مرسي: أحيي السويس الباسلة وبور سعيد الصامدة وهاقول لهم هانيمكو من المغرب,NEG
6609,#السيسي هو الكبش اللي هيدفع ثمن عودة الدولة من #الاخوان ل #الجيش وقبلهم نهاية مشروع #التوريث وهيتصالحومع #الاخوان براسه و…,NEG
6610,"رغم مكالمة زكريا عزمي بخصوص الكاريكاتير مازلت أعتقد أن ""المصري اليوم"" و حرية التعبير كلها طلعت خسرانة",OBJ
6611,#يوسف_الحسيني يلقي الضوء على محاكمات شباب الاخوان الذين ثبتت براءتهم ويرى ضرورة إلقاء الضوء عليها لمنع الجدل …,OBJ
6612,#مظهر_شاهين و #إلهام_شاهين برنامج العلم والإيمان !!! وهي دي مصر اللي هما عاوزينها!! ممثلة بتقدم مشاهد خليعة يستضيفها رجل دين يكرمها,NEG
6613,جيد أن تتنوع الآراء حول السياسة وقضاياها وضروري أن يتم التعبير عن هذا التنوع في الإعلام التقليدي وشب,POS
6614,انت بضان ياض؟,NEG
6615,الإسماعيلية #كفرالدوار #أسوان #قنا #المنيا #سوهاج #بني_سويف #شبين_الكوم #بنها #إدفو #طلخا #كفرالشيخ #عدن …,OBJ
6616,حمزاوي:توزيع اللحمة محاولة للتأثير علي السلوك الانتخابي وسأكتفي بجولات للمعايدة بالدائرة,OBJ
6617,محاولات مستمرة مقيتة منذ أول يوم للالتفاف حول ثورة الشعب المصداقية اليوم على المحك,NEG
6618,"الإخوان يحرقوا علم مصر ويدوسوا عليه بالأقدام #السادة_المحترمون """,OBJ
6619,من استراتيجيات حملتنا أنها تلتزم بالأخلاقيات د محمد الشهاوي - مدير الحملة : من استراتيجيات حملتنا أنها تلتزم,OBJ
6620,كيف يتجاوز الليبراليون بمجلس الشعب مأزق المقاعد القليلة؟ - عمرو حمزاوي - بوابة الشروق,OBJ
6621,#سوريا_فى_القلب الله ينصركم يارب ويشفي صدوركم,POS
6622,تكليف الدكتور مرسى لهشام قنديل لعمل التعديلات الوزارية اللازمة التى تناسب المرحلة,OBJ
6623,_ مايصحش أقول,NEG
6624,الرسالة رقم 25 من الجزء الاول لكتاب رسائل سجين سياسى الى حبيبته,OBJ
6625,عايز تكون عضو في حمله المشير السيسي سهل جداًً ساعدنا اننا نعمل مليون شييييييييييييييييييييييييييير #سأنتخب_السيسي …,POS
6626,قرارات مرسي إهانة للذات الشعبية والقضائية من اجل الذات الإخوانية,NEG
6627,#بورسعيد2020 #محور_قناه_السويس # #أوقفوا_الفحم شكر واجب من فريق بورسعيد 2020 لصدى بورسعيد الإخبارية للدعم,OBJ
6628,الدكتور محمد الفخراني ابن اخت النائب العام الجديد من اشد مؤيدي الاخوان في ولاية ميشيجن بامريكا,OBJ
6629,بيخسروا #الرجاله عشان بنات فتسيبهم #البنات عشان الرجاله,OBJ
6630,تأسيسية مين يا أبو تأسيسية إنت ناس إتقتلت تقوللي تحسيسية يا شيخ روح انت وهي إلهي ينتقم منكم واحد واحد,NEG
6631,"ركز هووون"""" """"تفاعل زفت"""" #مقرب=#لايك #كومنت=#تفجير خلال 12 ساعة",OBJ
6632,"صحيفة المصري اليوم/ بالفيديو #توفيق_عكاشة : هيفاء ""ولية ناشفة محشية طوب"" وهت - عبر تطبيق نبض",NEG
6633,2 كما أدنت عنف الإخوان أمام الاتحادية وأمام مقرهم العام قبل أيام، أدين أيضا العنف ضدهم وضد منشآتهم بالأمس، لا يصح الاحتجاج على العنف بالعنف,NEUTRAL
6634,"إعلان برنامج ""مع التابعين"" #2_ #عمرو_خالد",OBJ
6635,بشكر ربي على كل إشي صار معي وبشكر أهلي على كل لحظة وقفوها معي وشجعوني وكانو دايما يعطوني دافع للحياة,OBJ
6636,من سنن التي تفعل في السجود مجافاة ( ابعاد )فخذيه عن ساقيه #نشر_سيرته #,OBJ
6637,"قرارات مرسي ""انتقامية""",NEG
6638,مصطفي بكرى النموذج الكامل للبيادة,NEG
6639,شاهد- آخر كلام: وقفة مع العسكر سياسياً وأخلاقياً وقانونياً,OBJ
6640,بسمة أمل - لا للتعميم خليك منصف زى إبراهيموفيتش,OBJ
6641,إلى المتخاذلون و المتحولون :يقول مارتن لوثر عندما ينتهي كل شيء لن تذكر شيئا من كلمات أعدائك لكن صمت أصدقائك سيترك أثرا لن يزول,NEG
6642,ابدأوا صباحكم بقلب أبيض، ونية حسنة، ولسان لا يقطر إلا خيراً هكذا سيكون يومكم أجمل ✨ #جمعة_مباركة,OBJ
6643,أسماء الجناة والمتهمين بالنيابة العامة وهي تباشر تحقيقاتها نحن سنكشف الحقائق بالكامل للرأي العام وسنحمل جميع الأطراف مسئولياتها للتوضيح,NEUTRAL
6644,خليك بتاع كله عشان كله يبقى بتاعك #اسلوب_حياة,NEG
6645,شارة #رابعة تلاحق أوباما في ماليزيا,OBJ
6646,لدينا اكبر رصيد فى العالم لاكاذيب الاعلام على الشاشات والصفحات انتظروا بعد سقوط الانقلاب موسوعة اعلام العار ستكون حديث العالم,NEG
6647,"إقالة لبيب السباعى من الطب الشرعى وتعيين د إحسان كميل جورجي بدلاً منه"" الى مزبلة التاريخ وشكرا",NEG
6648,عن فرحتك وانت بتجدد الباقه,POS
6649,دور رائع ومفاجئ لنساء مصر فى المظاهرات شبابنا ونساءنا يستحقون الصدارة ان شاء الله بعد سقوط الانقلاب,POS
6650,في الاسكندرية مع فريق عمل لجنة جمع المعلومات والادلة وتقصي الحقائق الخاص بجرائم قتل واصابة ثوار الاسكندرية من يناير 201,OBJ
6651,نتمنى يكون اول ماتش للزمالك برة ارضه #الزمالك_الافريقي,OBJ
6652,"حد يفهمهم هما و أمريكانهم "" "" !",OBJ
6653,"#توقف_الواتساب تخيلو يوقفون النت و يوقفون البيبي ""̮ وترجع الاسره لبعض ""̮ و يلتم شمل العايله ""̮ وننام الساعه12 ""̮ اع…",OBJ
6654,"انت اساحبي وهتفضل اسحبي ""المجد للأغيار""",OBJ
6655,زعيم شعب البيادة 50% فى الثانوية وزعيم الشعب الحر دكتوراة من اكبر جامعات العالم,NEUTRAL
6656,_8: #تعطل_الواتساب #توقف_الواتساب #الواتساب_معلق تأملو هكذا ,OBJ
6657,الليلة مع #يوسف_الحسيني لعصام القوصي،مأمور سجن وادي النطرون،يفجر مفاجأة من العيار الثقيل #السادة_المحترمون، الساعة11مساءً #…,OBJ
6658, ندوة دعلاء الأسواني في مركز إعداد القادة بالعجوزة الخميس القادم السادسة والنصف مساءً>> التفاصيل على هذا الرابط:,OBJ
6659,ف #مصر #شخصية_مريبة متعرفش #بيشتغل لحساب مين بالظبط اسمو #نجيب_ساويرس بيعمل #قناة #لجاسوس اسمه #يسرى_فودة ليستضيف #عميل_برخصة اسمه #جمال_عيد,NEG
6660,معاك الدنيا شي ثاني معاك الدنيا اكيد احلي #تخيل الدنيا من غيرك :(,OBJ
6661,"صبحي صالح: حكم ""الدستورية"" بحل البرلمان ""جناية تزوير"" وسنرفع دعوى ضدها يا سلام",OBJ
6662,و بعدين أنا سمعت إن السي آي إيه درسوا اللوحة السيريالية اللي ع الحيطة وراه واستطاعوا تحديد مكانه,OBJ
6663,#أوباما: ميانمار لن تنجح إذا استمر قمع الاقلية المسلمة #العرب #مسلمي_الروهينجا,NEG
6664,أنظر إلي خريطة أفريقيا ستجدها مثلث له ٣ رؤوس هي مصر - المغرب و جنوب أفريقيا; هذه هي البوابات الثلاثة لأفريقيا أما,OBJ
6665,يخربيتك يا #مارك :$ -_- مارك عمـل الايك بصوت ! :) لسه مجربها حالاً :) جـربوها كده ;),OBJ
6666,و لقد أثبت هاشتاج #موقف_نفسي_اعيشه_مع_جوزي و #موقف_نفسي_اعيشه_مع_مراتي أن الشعب المصرى معبى ف قلبه و ساكت,OBJ
6667,​جالس يتغدا هو وزوجته يتطنزون على امه شوفوا اللي حصل #بر_الوالدين ♡والله ياعيال من أفضل ما سمعت,POS
6668,47531614 الله واحد الرب واحد رب الكل مسلم و مسيحى,OBJ
6669,خمس الف متابع بـ 300ريال #قطر #الدوحة # #حمد #تميم #الرياض #دبي #الامارات # #ابوظبي 94,OBJ
6670,"الآن دعمرو حمزاوي في برنامج كلام مصري ""على قناة",OBJ
6671,عاوز ايه من شعب اكتر واحد متفائل فيه مات محروق :) #ابراهيم_الفقى,NEUTRAL
6672,"الدعوة للتظاهر اليوم ""لتطهير"" القضاء: الغوغائية في فهم ومعالجة مشاكلنا مازالت السمة الغالبة لنظام الحكم الثورة قامت ""لتحرير"" العقول",NEUTRAL
6673,#ذكرى_سقوط_الأندلس جادك الغيث اذا الغيث هما يازمان الوصل بالأندلس,OBJ
6674,شعار المرحلة #السكة_شمال,OBJ
6675,انا هقولة شرعيتك حمرااااااا,NEG
6676,تحقيقات واحكام كالمطر لمعارضى الانقلاب ولا حس او خبر عن تحقيقات فى مذابح الحرس والمنصة ورمسيس والنهضة ورابعة,OBJ
6677,أنهيت إجتماع مع عدد من مستشاري الحملة لوضع اللمسات الاخيرة على برنامجنا للوطن قبل إعلانه بشكل نهائي,OBJ
6678,درس التاريخ أن الإعتداء على مصر يبدأ دائما بضرب سوريا الإعتداء على الشعب السورى همجية وبربرية لا يجب أن تسمح بها مصر,NEG
6679,وصلت بحمد الله وفضله إلي مكة المكرمة لأداء مناسك الحج سأدعو لكم يا شباب و أدعو لكل بلادنا بالأمن و السلام و,OBJ
6680,لو #دمعتك نزلت على خدك من كتر ضيقتك اعرف ان #ربنا بيقولك اسند رأسك على #بابى,POS
6681,للعلم أنا درست 25 هندسة ميكانيكا,OBJ
6682,عندما تشاهد المتسولين والذين يقتاتون من صناديق القمامة فأعلم ان هناك نظام قمعي فاسد يحكمهم #انتخبوا_,NEG
6683,ندوة د علاء الأسواني الليلة 7م بمركز شبابيك 20 ش المقطم الرئيسي بجوار سبيكترا - بالمقطم >> التفاصيل >>,OBJ
6684,ماحدش عنده #ضحكة سلف ؟؟ # - يشعر بـ الحزن,OBJ
6685,#تويت_برسمة_انت_راسمها ابداااااع المذاكرة بتطلع الفنان اللي جوانا,OBJ
6686,و ابيضت عيناه من الحزن فهو كظيم سورة #يوسف,OBJ
6687,شاهد - آخر كلام: الاعتداء على أحمد أبو بركة المستشار القانوني لحزب الحربة والعدالة #,OBJ
6688,اعتقد محتاجين وبشدة إعلان لموقف مصر الثورة ضد الحرب علي سوريا كلام وكلام #السادة_المحترمون …,OBJ
6689,كريم حسن شحاته يبرز دون قصد حضور المتحدث العسكرى لقاء #السيسي بالرياضيين، وهو ما يؤكد ادارة الجيش لحملة #المشير الانتخابية,OBJ
6690,#يوسف_الحسيني نرجو إسقاط دين الفلاح كي نتغني بعجلة الإنتاج #السادة_المحترمون,OBJ
6691,أرى أن النظام المختلط بين النظام البرلماني والنظام الرئاسي هو الانسب لنا هذه الفترة التى تتوزع فيه السلطة,POS
6692,"هُنآك فـِ أقصَى الجَوف ثَمّة حنِين يُبعّثرني #اعترافات_ليلية""",OBJ
6693,"لطفى بوشناق: "" خذوا المناصب خذوا المكاسب لكن سيبولى الوطن """,OBJ
6694,أبو الفتوح فى الدويقة: كانت تحكمنا عصابة لم نر مثيلا لها فى التاريخ - بوابة الشروق,NEG
6695,ﺁﺁﻧﺎ #ﺑﺤﺒﻬـــــﺂﺁ ﻭ ﻣﺶ ﻫﺴﻴﺒﻬﺎ - ﺁﺁﺷﻤﻌﻨﺎ !!! - - ﺁﺻﻞ ﺁﻧﺎ #ﻭﻋﺪﺗﻬـــﺂﺁ ﺁﺁﻧﻲ ﻣﺶ ﻫﺴﻴﺒﻬﺎ ﻣﻬﻤﺎ ﺣﺼﻞ - ﻭﺁﻧﺎ #ﻻﺯﻡ ﺁﺑﻘﻲ ﺁﺩ ﻛﻼﻣﻲ #ﻣﻌــﺂﺁﻫــﺎ,OBJ
6696,بعضنا مريض بمرضة الابوية ويرفض ان يقول ان الشباب هم من قادوا الثورة وان الحركات لحقت بهم بعد هذا,OBJ
6697,"يوسف الحسيني يفضح كذب قناة الجزيرة ويكشف تمثيل الاخوان دور الموتي تحت اشراف الجزيرة """"",NEG
6698,مؤتمر فيينا رائع فضح الانقلاب واكاذيبهم وجرذان لفوا العالم لدعم الانقلاب وينفقون بالملايين من اموال الشعب الغلبان,NEG
6699,انتبهوا! … #غرد_بالخير #غرد_بصورة #غرد_بذكر_الله #هاشتاق_اذكر_الله #ســـومـــــه,OBJ
6700,اليوم انتصار للإسلام,POS
6701,محاولة دخول مجلس الشعب إهانة للدولة والقانون #,OBJ
6702,كلمة وكلمة وبس  #كلمتين_وبس,OBJ
6703,انا ذاكرت كل حاجه #كدبه_ابريل,OBJ
6704,قدام بيتي 😍 #الربيع #الجمال #نيويورك #بيتي # #مبتعث,POS
6705,بعض الأصدقاء الذين أحترمهم رفضوا فكرتي بفظاظة لازلت مقتنعا بها مهمتنا ان نقضى على الأمية وان نقضى أيضاً على استغلالها لحساب اى فصيل,NEUTRAL
6706,أزمة المياه #المصرية و #السودانية وسد #أثيوبيا #ü …,OBJ
6707,العلم في السؤال يا سيدي,OBJ
6708,#المصري_اليوم صباحي: سأمنح كل شاب فدان و10 آلاف جنيه: قال حمدين صباحي، المرشح الرئاسي المحتمل، إن مصر #مصر,OBJ
6709,#تويتة_من_سنة بلال فضل #قصة_قصيرة,OBJ
6710,لقاء دعمرو حمزاوي مع خالد عبد الله في برنامج مصر الجديدة على قناة الناس 1:,OBJ
6711,"#روسيا تحذر من ""عواقب كارثية"" لضربة عسكرية ضد #سوريا",OBJ
6712,يوسف الحسيني بالفيديو يفضح كذب قناة الجزيرة ويكشف تمثيل الاخوان دور الموتي تحت اشراف قناة الجزيرة,OBJ
6713,#سنحيا_كراما #أنا_حازم,OBJ
6714,شاهد - آخر كلام: ألتراس أهلاوي وأحداث بورسعيد #,OBJ
6715,2) بعضهم يتحدث عن ديمقراطية وتعددية، بينما آخرون يقاضون مبدعين انضمت لقائمتهم مؤخرا رسامة الكاريكتير دعاء العدل,NEUTRAL
6716,_ لم أهاجمه بل أحترمه ولو كان له أخطاء فهو بالتأكيد شخصية تحترم,POS
6717,#السيسى سوف يفجر مفاجأة قريبا …,OBJ
6718,"شاهد صورة لـ""قلعة صلاح الدين"" بـ #طابا #غرد_بصورة /5صباحكم جميل",OBJ
6719,بمناسبة مايحدث في البلاد قررنا ان يكون البرنامج للكبار فقط مع وضع تيت على الالفاظ المسيئةماحدش يقول اننا ماحذرناشباتكلم جد,OBJ
6720,أنا رايح فين؟ أنا راجع تاني #عمرو #الغربة,OBJ
6721,مع الانقلاب انهيار سياسي وعسكرى وامنى واقتصادى وعلمى وادبي واعلامى واجتماعى ودينى والان انهيار رياضى بكره تشوفوا مصر,OBJ
6722,#فتاوي الدياثة #البرهامي #الهلالي #الاحداث المفتعلة #سما #مرتضي #باسم #نمر في سيرك #الالهاء لتمرير جرائم كبري #انعدام الخيال #ابهار,NEG
6723,#صباح_الخير #صور_كنك_بنت #لو_كنت_المتحكم_بالتويتر #رتويت 7 #1فاضي,OBJ
6724,اعرف بلادك - تونس سُوسَة هي مدينة تونسية ، هي مركز منطقة الساحل التونسي ، تقع علي بعد 140 كم من العاصمة ، وتعرف,OBJ
6725,هناك تويتات جميلة منسوبة لي لا أستحقها و أخرى تثير بلبلة نحن جميعاً في غنى عنها,NEUTRAL
6726,من يوقف قانون العزل ومن يجمد بلاغات الفساد ضد شفيق ومن يهدر طعون التزوير هل سيجرى انتخابات اعادة نزيهة اما تطبيق القانون او مقاطعة شاملة,NEG
6727,رابط تحميل وقراءة عدد اليوم من المعصرة: كان لي رئيس فيلسوف أول تأمل متعمق لعلاقة محمد مرسي بالفلسفة,OBJ
6728,#حمدين_قدوته_عبدالناصر #مصطفي_محمود عشان ده حبيبك وخدلي بالك أنت بلاش كل مثقفي عصر ناصر بلاش كل أحرار #إنقلاب_52,NEUTRAL
6729,لن يأتى عام 2014 الا وديون مصر تسجل رقما عالميا لم تصل اليه اى دولة ولن ينفعنا مليارات الخليج الملوثة بدماء اولادنا,NEG
6730,3 يوليو الانقلاب العسكرى اليوم الأسود فى تاريخ مصر,OBJ
6731,موعدكم اليوم السبت الموافق 26 ابريل ب #أنوار_رسالة #المعادى مع جلسة التجويد وحفظ القرآن مجـــانااا مع المحفظة,OBJ
6732,"ننتظركم في ندوة التوقيع الأولى لـ""نادي السيارات"" لدكتورعلاء الأسواني بدار الأوبرا المصرية الجمعة القادمة بإذن الله >>",POS
6733,شاهد - آخر كلام: الوضع الإنساني في ليبيا 28/02/2011,OBJ
6734,"الليلة في ندوة الأسواني بالمقطم أدهشام عيسى يعرض أفكار""سيد قطب""ومدى ملائمتها للدولة المدنية الحديثة>> التفاصيل>>",OBJ
6735,عرض الاسبوع 40 ألف متابع #شوارعنا #فن_تتقنه_النساء #ذلك_الشخص #شي_ودك_تجربه #بوح #درر #عجبني #حلو #مكه [2011100],OBJ
6736,السيرة الذاتية للرئيس #محمد_مرسي في موقع ويكيبديا #مصر # #انتخبوا_,NEUTRAL
6737,و #فجأة !! ،، بقى الشعب المصري كله دلوقتي بيقرأ روايات,OBJ
6738,⚪️الحمدلله ⚪️ ⚪️الحمدلله⚪️ ⚪️الحمدلله ⚪️ ⚪️الحمدلله⚪️ ⚪️الحمدلله ⚪️ ⚪️الحمدلله⚪️ ⚪️الحمدلله ⚪️ ⚪️الحمدلله⚪️ #اذكر_الله,OBJ
6739,ياوزير لو انا مكانك والله استحي ان أقول عندنا شح باﻷراضي #ﻻزم تبي تحط الشعب بين الدائري الشمالى والجنوبي والشرقي والغربي #شح اﻷراضي مشكله,OBJ
6740,كالعادة خطب منتصف الليل بتبقى للإدارة الأمريكية,OBJ
6741,الناس لازم تحس إن 30 يونيو جت عليهم بفايدة على المستوى الإقتصادي والاجتماعي#يوسف_الحسيني #نقطة_لقاء، # #مص #…,POS
6742,نجاح طلاب مصر القوية وزملائهم من التيارات اﻷخرى في اﻻنتخابات الطلابية يؤكد أن ثورة مصر ستمضي بنا إلى مستقبل واعد,OBJ
6743,"اختلافنا مع الموقعين علي البيان سياسي ولانخونهم #"" _ # #",OBJ
6744,الآن #السادة_المحترمون مع #يوسف_الحسيني على للمشاهدة …,OBJ
6745,هو انا عشان بعمل الصح وبغير من نفسى للأحسن ابقى كده معقده #مجتمع_مريض #حافظ_مش_فاهم :),NEG
6746,اول افاتار ع تويتر ليا كان صورته (احيه احيه احيه) #اعترافات_ليلية اللي قالوا واللي بيعمله خلوني اندم,OBJ
6747,مصدر: #الإخوان استخدموا المولوتوف فى حرق نقطة مرور #الطالبية …,OBJ
6748,مصارحة نفسي بعيوبيمش نكراها فيا #شيرين,OBJ
6749,حشود ضخمة في مسيرة #المطرية اليوم الجمعة 1-5-2014 #شير,NEG
6750,"من كثر التحلطم اللي يسري بدم الكويتي حتى إذا شاف سيارة مكتوب عليها "" ما شاء الله"" #لازم يقول : شدعوه عندك فراري عاد",NEG
6751,عندما يتحدث عزمى مجاهد عن المبادئ والأخلاق في الرياضة ويهاجم نجوما ساندوا الحق والشرعية في رابعة والنهضة، نحن في زمن لميس وكل خسيس,NEG
6752,… #رتويت_عاجل تم قفل قناة دريم والسبب,OBJ
6753,شاهد - آخر كلام: موجة ثانية لثورة 25 يناير #25 - الفنان مصطفى سعيد - بسمة - نادر السيد - محمد العدل,OBJ
6754,اللهم لك الحمد حتى ترضا ولك الحمد إذا رضيت ولك الحمد بعد الرضا #اللهم_امين #شكر,OBJ
6755,1540 _ عقاب المخرب هو القتل عند الحقراء عديمي الإنسانية فقط كفاية هذا المنطق الدنيء بتاع الحيوانات عقاب المخرب ليس جريمة قتل,NEG
6756,دعلاء الأسوانى : هل يحاسب الروائى على خياله ؟! اقرأ المقال كاملاً على الرابط التالى,OBJ
6757,الديمقراطية هي السبيل الوحيد للانتقال من النظام الحالي الذي يقمع الحريات الي نظام يحمي حرية الشعب ويصون كرامته قد حان وقت التغيير,NEUTRAL
6758,2 إيه يا أبو حميد إنت لسه في باريس؟,OBJ
6759,الملك عبدالله: اسرائيل وايران لايستحقان التواجد #السعودية # #الشرقية #8 #جدة #بريدة # #بريدة #الدمام,OBJ
6760,بقالي سنين على تويتر وعدد الفلورز عندي ٥٨ عملت أكونت تاني اسمه مشاعر حائرة وكنت بحذ خواطري عليه جاب ١٥٠ في يومي,OBJ
6761,لا يا سيادة اللواء,OBJ
6762,1 أدعو كلاً من : الدكتور / محمد مرسى والأستاذ / حمدين صباحى والدكتور / عبد المنعم أبو الفتوح، للحضور لمجلس الشعب المصرى غداً الأحد 3/6/2012,OBJ
6763,#جاري_التحقيق-الحلقة الحادية عشر الأربعاء 15 رمضان - 24 يوليو 2013 الإعلامي خالد صلاح … … #يوسف_الح…,OBJ
6764,#فى_مصر_الموازيه فى طاقة رياح وطاقة شمسية #مصر #أوقفوا_الفحم #إزرع_فى_البلكونة #,OBJ
6765,عرض الاسبوع نشط #متصدر_لاتكلمني #غرد_بطولك #بعد_منتصف_الليل #سعودي_ليق #عبدالله_العذبة,OBJ
6766,لو جيش او شرطه او انصار سيسى يبقى فى داهيه #مصر_الليلة,NEG
6767,أيها الاخوان عرفت منكم شخصيات جيدة لكن نظام الجماعة يلغى تفكيركم تماماً مادمتم تعتبرون ان تلبيس مرشد الاخوان حذاءه شرف لكم لن تفهموا أبدا,NEUTRAL
6768,لا توجد ثورة في التاريخ حققت أهدافها بالاستبداد الاستبداد ينتهي دائما بكارثة لا يمكن ان ندافع عن رئيس يعطل القانون مهما كانت نيته طيبة,NEUTRAL
6769,انا الآن اعاني من اقسى انواع الطفش #فكرة_جميلة يحطون غرفة نوم بالجامعة اروح اخذ غفوه بالبريك,NEUTRAL
6770,مدن (#فلسطينية) #رام_الله #القدس #نابلس #اريحا #قلقيلة #الخيليل #طولكرم #بيت_لحم #طوباس #جنين #بيتونيا #بيرزيت #جباليا #البيرة #سلفيت 584,OBJ
6771,جوارديولا يقترب من مانشستر سيتي,OBJ
6772,تأكدي أولاً أن الأمر ليس سوء تفاهم فإذا ثبت لك سوء نيته واجهيه ثم افعلي ما يمليه عليك ضميرك,OBJ
6773,": #عباس: #المحرقة أبشع جريمة"" في التاريخ الحديث "" ""مغازلة ما بعد المصالحة""",NEG
6774,صفوت حجازي: و سوف تصبح العريش عاصمة للولايات العربية المتحدةبس نتلايم عليها الاول,NEG
6775,أزمة الفكر فى مصر أن الأعلى صوتاً لا يقول شيئاً والأكثر حكمة لا يسمعه أحد,NEG
6776,شباب الحملة بالمنيا,OBJ
6777,النادي الاهلي هو النادي الرسمي للدولة #المادة_لاولى,POS
6778,لا للصدام بين الشعب والجيش ولا لاستخدام العنف ضد المتظاهرين سلميا وحدة الصف الآن هى أهم ضمانة لاستكمال أهداف الثورة ومسيرتها,NEG
6779,_ مستقبل ايه اللي مستنينه في دولة الظلم و الاعدام و مصادرة الحريات #سنحيا_كراما غصبا عن المتخاذلين,OBJ
6780,هواجس العام الجديد - سابعنا عن شروط الأداء السياسى الفعال لمجلس الشعب - عمرو حمزاوي - بوابة الشروق,OBJ
6781,#الببلاوى: #السيسى أدى دوره فى 30 يونيو وإذا لم يستكمله سيتحول الأمر إلى نكسة,OBJ
6782,د علاء الأسواني يكتب مقاله الاسبوعي بعنوان: ملاحظات صريحة على مسار الثورة …,OBJ
6783,جرافيتي الثورة، في آخر كلام ١١م على أون تي في,OBJ
6784,عرض الاسبوع 40 ألف متابع #شوارعنا #فن_تتقنه_النساء #ذلك_الشخص #شي_ودك_تجربه #بوح #درر #عجبني #حلو #مكه [209375],OBJ
6785,123 هنا خطأ مننا نحن الأحزاب المدنية فلقد وافقنا على هذا لعدم خبرتنا,NEG
6786,ندوة دعلاء الأسواني الليلة السابعة مساءً بالمقطم التفاصيل >>,NEG
6787,اليوم السابع | نائب رئيس #جامعة_المنصورة: الدواعى الأمنية سبب تقديم موعد #الامتحانات,POS
6788,عن الروقان اللي كانت فيه #دينا_الوديدي فـ اغنيه وحده خيااااال,POS
6789,أخبار #مصر #الحسينى ومذيعات #فلول وراء #سما خلال المحاكمه فيديو,OBJ
6790,اردوجان هائج اتهم البرادعي بانه خسر الانتخابات مع انه لم يدخلها واتهم الثورة بانها انقلاب يكذب كانه مرشد الاخوانتركيا تحتاج الى حملة تمرد,OBJ
6791,هو كل رئيس عرص يحكم #مصر يتشطر علي #الجزائر ؟! مره بحجة الكورة ودلوقتي بحجة #الارهاب ؟! #انتخبوا_ #_يغرد,NEG
6792,شاهد - آخر كلام: مستقبل السودان والاستفتاء على انفصال الجنوب,OBJ
6793,#ﺍﻟﺸﻌﺐ_ﻳﺮﺩ_تحية_الرئيس #انتخبوا_ #خليك_مصدق حمو ثورة 25 يناير وانهم مافتحوش الميدان يوم الجمل,NEG
6794,ننعي وفاة الأمير بدر بن عبدالعزيز آل سعود، شقيق الملك عبد الله بن عبد العزيز ملك المملكة العربية السعودية تغمده,OBJ
6795,#مصر مش تكية !!! يا #هاشتاج يا #إبن_المثالية,NEG
6796,2008 المنصورة مدرسة احمد زويل لجنة 9 القاضى بيسود بطاقات بايدة ولما اتصور عمل مشكلة وجارى عمل محضر لة,NEG
6797,"هل تعرف معنى اسم الله الصمد ""الصمد"" الذى يُقصد إليه فى قضاء الحوائج ""الصمد"" لا يحتاج الى أحد و يحتاجه كل أحد",OBJ
6798,شبكه اخبار #المحله | فرصة عمل شركه كبري للملابس الجاهزه بالمحله الكبري تتطلب للتعيين بأجور مجزيه * موظفه شئون,OBJ
6799,القائمة الموحدة تهدف إلى الحد من فرص بقايا الحزب الوطني المنحل في الحصول على نسبة كبيرة من مقاعد البرلمان # #,OBJ
6800,الحشد عند دار القضاء لدخول ميدان التحرير #انشر #بلغ #شارك #أسبوع_حاميها_حراميها,OBJ
6801,واضح ان بالنسبة لهم لحوم العلماء مسمومة الا لو كانت لحوم المفتي و شيخ الازهر,NEG
6802,ورغم ان حمدين كان نائب في البرلمان لكن كلام وكلام #السادة_المحترمون,OBJ
6803,شوفوا لما انت بتتبنى فكر وكلام وتفكيروشكل معين تعتقد انه الشكل الصحيح للدين فانت جعلت من نفسك سفير لهذا الدين صعب تقول انا بامثل نفسي بس,OBJ
6804,الهمة العالية لا تأتي إلا من فكر عالي! #صباح_الخير #علمتني_الحياة #بمنظور_آخر,OBJ
6805,"ندوة للدكتور عمرو حمزاوي بعنوان "" الثورة بعد عام من التنحى "" الجمعة الموافق 10 فبراير( الجزءالسادس)",OBJ
6806,#ليه مفيش بعدك #هنا ليه !! مفيش بعدك #غنى !! مفيش بعدك #حياه !!,OBJ
6807,أخشى أن الضرر و الدمار الناتج من طريقة و أسلوب إدارة البلاد منذ الثورة حتى الآن لن يمكن إصلاحه !,NEG
6808,صحيفة دير بوند السويسرية شركة اوراسكوم تخسر وتترنح وخسائر ساويرس ممول التمرد والانقلاب تتضاعف,OBJ
6809,#الرئيس يبحث غداً مع وزير خارجية #موريتانيا تطورات الأوضاع بالمنطقة …,OBJ
6810,٥ قلت للصحفية أيضا إنني لست على إتصال لا بتحالف دعم الشرعية ولا بآخرين في سياسة مصر المريضة، وإنني أركز حاليا على الجامعة والكتابة الصحفية,OBJ
6811,بسمة أمل - أخلاقك عنوانك - قصة من لندن,OBJ
6812,وكيف تكتمل صباحاتي بدونك ،بغيابك أنت تحكم عليها بالتّعليق المؤقت #صباحي لك,OBJ
6813,: دا كله بيقتل يا باشا جيش وشرطه وصحه ونقل واسكان,OBJ
6814,#الجيزة #مصر_مش_تكيه مسيرة حاشدة انطلقت من اسفل كوبري ترسا بالهرم في تمام التاسعة مساءا حيث جابت شارع عثمان محرم,OBJ
6815,بسمة أمل من المستشفى - إسعاد غيرك إسعاد لنفسك,POS
6816,#مش_لازم تبقى #احسن واحد المهم تعرف ازاى تبقى #مميز ;),OBJ
6817,من العار اختصار دولة بتاريخ وحجم وقيمة وامكانات مصر فى شخص واحد مخطط يهودى فظيع,OBJ
6818,#قطر ترفض تسليم 28 شخصا من قيادات #الإخوان المسلمين ما أجملها من تُهمة وما أعظمه من موقف #شكرا…,POS
6819,خمس الاف #الامارات #الهلال #النصر #السعودية #الكويت #قطر #الرياض #مكة #رتويت # #دبي #الشارقة # #غرد_بصورة 168,NEG
6820,#علموا_أولادكم الثبات ع الصلاة وهما هيتعلمو كل حاجه حلوة,OBJ
6821,استفتاء المصريين في الخارج يوم السبت اجراء شكليمعظم المصريين لن يتمكنوا من التصويت لضيق الوقت وتعطل مواقع القنصليات الاليكترونية من الان,OBJ
6822,تخيل احساس ظابط الشرطة الى عارف انه مستهدف في كل ثانية من اليوم وفي كل حركة بيعملها حتى لو بعيدة عن طبيعة عمله #الاخوان_جماعة_ارهابية,NEG
6823,تابع دستورك وصياغته بمنتهى الدقة، ما تسكثش على حاجة مش عجباك #السادة_المحترمون,OBJ
6824,حلقة اليوم كانت بداية الفتوح الإسلامية، الكثير يظنون أن الإسلام انتشر بالسيف ولكنه خطأ كبير فعدد الكنائس التي,OBJ
6825,لقاء مع اردوغان,OBJ
6826,شاهد - آخر كلام: اليوم الرابع - اعتصام 8 يوليو,OBJ
6827,عاش محمد مرسي مفجر ثورة ديسمبر وحفظ الله الغباء صديق السياسيين الفشلة الوحيد ورحم الله الشهداء السابقين واللاحقين,NEUTRAL
6828,الساكت عن الحق جبان ! لا مال و لا شئء ينفع فى الآخرفمن يقف على الحياد بين الحق و الباطل فهو مع الباطل بالتأكيد,NEG
6829,_ البراءة من قتل المتظاهرين كانت 15 أبريل 2013 علشان معلوماتك تبقى صح يعني في عقر حكم الإخوان ولم يستأنف قبل ال60 يوم,NEUTRAL
6830,37 ماتعلمش من أداء جده القديم اللي قرب من الحاكم واستفاد منه وفاد الناس بذكاء وما اتعاصش بدم على الأقل,NEUTRAL
6831,# #مصر #الأهلي شاهد تصريحات شحاته بشأن صفقة أحمد حسن مكي #الزمالك #,OBJ
6832,#بيقولك_أعرف_بلدك - سوهاج، قرية أولاد حمزة,OBJ
6833,أنعي إلى كل مصري وكل عربي المناضل زكريا محي الدين الثائر ورجل الدولة من حجز مكانه في أنصع صفحات تاريخنا المعاصر، رحمه الله وألهمنا الصبر,POS
6834,#الزمالك لجماهيرة #رجعوا_الجماهير,OBJ
6835,حركة تمرد صاحبة انتصار 30 يونيو طالبت بالبرادعي رئيساً للوزراء ولما اعترض السلفيون تم استبعاده هل خرجنا من حكم الاخوان الى حكم السلفيين,NEUTRAL
6836,عرض الاسبوع 36 ألف متابع #وش_أكثر_شي_يسهرك #صيام_الإثنين #خد_موقف_من #صلاة_الوتر #فى_تويتر_تلاقى #الدمام [931841],OBJ
6837,شاهد - آخر كلام: المشهد السياسي المصري قبل انعقاد مجلس الشعب #,OBJ
6838,لن ننسى كباريه الأندلس مقالي اليومي في جريدة الشروق بعد نهاركم سعيد,OBJ
6839,#اولمبي_الهلال يختتم لقاءاته بفوز على #النهضة #الهلال,OBJ
6840,خبر لم اتأكد من صحته وأعدكم باعادة الحديث عنه عند التاكد من صحته او العكس طلاب الخليج فى الكليات العسكرية يتركونها,OBJ
6841,#محلب يتعهد #بانتخابات_رئاسية يشهد العالم بنزاهتها وحيادية #الحكومة || لمزيد من التفاصيل على الرابط …,OBJ
6842,ربنا يديني ويديكم قوة تحمل من نوع خاص تسد مع الغباء,OBJ
6843,كنت اكره القراءه و حولني الى مهوسه بها حولت البيت الي #معرض_الكتاب ممتنه لك جدا استاذي,POS
6844,الإخوان بغبائهم سيدمرون انفسهم ذاتيا لا تعطيهم قبلة الحياة باتخاذهم مثلا أعلى لممارسة الفاشية و العنصرية لا تفسد انتصارك بتبني أساليبهم,NEG
6845,عن المرء لا تسأل وسل عن خليله فكل قرين بالمقارن يقتدي ما نوع الخدمات التي يقدمها #دحلان لكم يا شرفاء #الامارات ؟ ويشهد …,OBJ
6846,مانيفستو 2013 مع خالص المحبة لسيد حجاب وميشيل المصري ومحمد الحلو وأسامة أنور عكاشة واسماعيل عبد الحافظ,OBJ
6847,ما رأى أهل الفن والثقافة والسياسة وحقوق الإنسان والمرأة في اعتقال ابن خيرت الشاطر وابنة د الشواف وزوج أخت البلتاجى؟ أكيد غلطة الاخوان,OBJ
6848,في هذا المكان من شعب بني هاشم ولد عليه السﻻم في مثل هذا اليوم 22 أبريل 571م،وخرج من أمه عند الوﻻدة نور #المولد_النبوي,OBJ
6849,فى حالة صدور قرار بحل حزب النور ، سيتحفظ الحزب على القرار وبعد شوية كلام وكلام #السادة_المحترمون …,OBJ
6850,تدهور الحالة الصحيّة لعائلات شهداء وجرحى #الثورة المضربين عن الطعام,NEG
6851,"علي سبيل #الآآدمان القـاتل :- "" #ميرنـدآ_تفـآح #شيكولآآته #شيبسي [[ ]] "" لو بتحب حآآجة فيهم لآآيك :)",NEUTRAL
6852,"#خالد_بن_الوليد """,OBJ
6853,تعليقاً على المؤتمر الصحفى الذى يعقده الآن أحمد شفيق المرشح الرئاسى بحضور وسائل الإعلام الدعاية لنفسه ونقلته قناة الحياة على الهواء مباشرة 1,OBJ
6854,شاهد - آخر كلام: تطورات الأحداث في مصر وليبيا 01/03/2011,OBJ
6855,ما يحدث مع المعتقلين السياسيين فى السجون الان جريمة جديدة ضد الانسانية كفاكم جرائم,NEG
6856,يجب أن تظل القوات المسلحة بعيدة عن السياسة فماكنها التى تخدم فيه الوطن وتتقرب به إلى الله هو على حدود مصر,OBJ
6857,جاوب يا #حمدين علي ال ده أ- #السيسي مجرم و سأحاكمه ب-#السيسي قائد عظيم و لن احاكمه ج-#حمدين عبيط و عمره ما,NEUTRAL
6858,_ ما تتعبش نفسك كل واحد بيدور على اللي هو عايزه بس،حتتشتم من الناحيتين,OBJ
6859,عرض الاسبوع 36 ألف متابع #وش_أكثر_شي_يسهرك #صيام_الإثنين #خد_موقف_من #صلاة_الوتر #فى_تويتر_تلاقى #الدمام [925499],OBJ
6860,#سنحيا_كراما أو نموت #شهداء,OBJ
6861,نحن ندفع الأمل فى عقول و قلوب المصريين,POS
6862,كنت اعتقد ان طاهر ابو زيد لا يفهم فى السياسة والان تأكدت انه لا يفهم لا فى السياسة ولا فى غيرها عسكرى شطرنج,NEG
6863,كله ينزل بكره مكان ما نزل يوم 30-6متخلوش اللي بيحصل يخوفكم--نزولنا بكره هو اللي هيخلص الموضوع,OBJ
6864,قلت يومها دعونا نعمل العمل الجماعي ولاكون اول من يبدا بنفسه ويعمل من خلف الستارحفاظا علي الشكل العاميتبع,OBJ
6865,#التحرير الان,OBJ
6866,هل تخطط لحياتك؟ هل خططت لرمضان هذا العام ؟ خاطرة جديدة شاركوني آرائكم علي موقع هايد بارك,OBJ
6867,ممكن حد يقول للبرادعي ما يبعتش شرايط فيديو تاني؟ شكلها كده بن لادن خالص يقعد في البلد و يعمل حاجة واقعية أحسن,OBJ
6868,يوم 13 نوفمبر محكمة القضاء الإدارى أجلت دعوى إلغاء الإعلان الدستورى الأول الذى أصدره الرئيس إلى 22 ينايرالبلد لم تكن فى,OBJ
6869,ندوة الدكتور عبد المنعم ابو الفتوح,OBJ
6870,في مصر 94 قتيلاً على الطرق في أول 10 أيام من 2011 ولا حد بيعمل حاجة,OBJ
6871,#ربنا ارزقنا الرحمة في قلوبنا فنحن بحاجة اليها فى صدورنا كى نرحم بها بعضنا 3,OBJ
6872,"#السادة_المحترمون الحلقة 173 الإثنين 4 نو?مبر 2013""أناصر أمين،أنشوى الحوفي"" #مصر # …",OBJ
6873,استهداف مقرات الاخوان ثم التيار الشعبي ثم الوفد هي خطة محكمة لاخلاء هذه الشقق و تأجيرها مفروش,NEUTRAL
6874,وغدوتُ معدوداً مع الغرباءِ #شعر #أدب #تدوين #قصيدة,OBJ
6875,العلاقات العسكرية بين اسرائيل وتركيا قوية جداً #السادة_المحترمون,OBJ
6876,طارق المومني نقيبا للصحفيين #عمان #نقابة_الصحفيين #طارق_المومني,OBJ
6877,جبنا ، جلاب للمخيم ، ويوم درا ابوه زفنا وجان احطها برأس هذا وانخش بالحمام ، والمسكين انطق طق 😂😂 #اعترافات_الطفولة,NEUTRAL
6878,#تويت_برسمة_انت_راسمها #كلنا_رسامين #فن #رسم,OBJ
6879,نريــد #السعاده ونحـــن لـم نفتحــهـ,OBJ
6880,المحنة اخرها فرحة #الاهلي_الافريقي,NEUTRAL
6881,"#إنت_حر | #كارمن_سليمان تغني للفنان الراحل #عبدالحليم_حافظ ""شغلوني"" مع فتابعونا #",OBJ
6882,حمزاوى: لابد من تأمين الانتخابات أو تأجيلها لضمان نجاحها,OBJ
6883,سؤال للدكتور عن متاعب الفلاح المصري والبناء على الأراضي الزراعية,OBJ
6884,على الرئيس إعلان قبول مبدأ تعديل الدستور والالتزام بتشكيل حكومة إنقاذ ثم الدعوة إلى الحوار، هذه هي الضمانات الوحيدة لجدية الحوار ووقف الفوضى,OBJ
6885,"المصري اليوم | السجن المشدد 5 سنوات وغرامة 100 ألف جنيه لعضو بـ""الإخوان"" في #الأقصر",OBJ
6886,"#موقف_نفسي_اعيشه_مع_جوزي نتفرج علي فيلم رعب و ييجي مشهد مخيف و أقول "" يا مامييييي "" يقولي "" يا روح أمك! خوفتي ؟",OBJ
6887,الثورة المصرية وحدت المصريين في نسيج واحد تكاتف المصريون جميعا لإسقاط النظام وحموا بعضهم بعض في ظل غياب امني كامل,POS
6888,"تقرير مركز ""ابن خلدون"" حول أحداث عنف وتعذيب وقتل منسوبة إلى الإخوان",OBJ
6889,بوابة الشروق| تأجيل محاكمة رئيس أمن #ماسبيرو لإتلافه تسجيلات ثورة 25 يناير لـ14 يونيو …,OBJ
6890,_ بالعربي إسمه الشتا اللي فات وبالإنجليزي,OBJ
6891,بدء فاعلية اليوم لاسقاط قانون التظاهر والافراج عن المعتقلين امام سنترال سراي القبة #شير #احشد #شارك,OBJ
6892,الحشيش حلو مفيش كلام #اه_والله,POS
6893,#هى بتقول كلام الولاد و شايفهاا #حريه و #هو فرحان #بالمياصه_الخواتم_السلاسل الصياعة بقت #اسلوب_حياة و الشمال بقى #بنى_ادمين مش #اتجاه,OBJ
6894,ما حدث لم يكن في ميدان التحرير فنحن أكدنا على الطابع السلمى للمظاهرات,OBJ
6895,عمرو موسي زميل بانجو اكبر عقاب للعجوز المتصابي,OBJ
6896,5 وبمناسبة العسكر، لا يعني تأييد تصويت العسكريين وأعضاء الشرطة كأفراد في العمليات الانتخابية استدعاء الجيش والشرطة إلى السياسة,NEUTRAL
6897,لست قلبي أنا إذن إنما أنت قلبها #عبدالحليم_حافظ,OBJ
6898,شاهد - آخر كلام: الأبنودي على الهاتف مع علي فرزات,OBJ
6899,قولهم يا استاذ نبيل :),OBJ
6900,تم رصد قيام كثير من الامراء بحوالات خارجيه لأموال الشعب المنهوبه لعلمهم ان الوضع لم يعد أمن #الشعب_يقول_كلمته #مجتهد #سري #عاجل,OBJ
6901,احمد فؤاد نجم ماذا دهاك يا نجم؟,OBJ
6902,"#كلمه_بتتقال_في_البيت_كل_يوم ي ويل اللي يأخذ شاحني """,OBJ
6903,تفاءلوا بالخير تجدوه,OBJ
6904,78 هذا قصه صارت لي أتمنى تستفيدون منها #المجد #شبكة_المجد #قناة_ماسه,OBJ
6905,عبد المنعم ابو الفتوح,OBJ
6906,إغلاق حسابين على تويتر ينشران فضائح الفساد بسبب #أردوغان #الاخوان_جماعة_ارهابية #تركيا #قمع,NEG
6907,200 #أسير إداري ب #السجون #الإسرائيلية يبدأون #إضراب ا عن #الطعام,OBJ
6908,الطريق إلى الديمقراطية يتآكل: محاكمات عسكرية، تقاعس عن حماية التظاهر السلمي، رفض الرقابة الدولية للانتخابات، عدم حسم حق المغتربين في التصويت,NEG
6909,تغريدة للرئيس المصري #محمد_مرسي في 16 نوفمبر 2012 خلال معركة حجارة السجيل #غز…,OBJ
6910,بالفيديو- #فيفي_عبده تشكر على الهواء #1,OBJ
6911,#فيفي_عبده طلعت بقناة ام بي سي وتتكلم عن الشرف والاحترام وانها الام المثالية !!! #وقاحة,NEG
6912,ذكريات الثانوي #صورة #تصوير #صور #مصور #ذكرى #هاجوس # عشاء #سراة_عبيدة #رسم #إبداع #فله #فلة…,OBJ
6913,#الشروق: منظمة الأمن والتعاون الأوروبية ترسل مفاوضين إلى شرق أوكرانيا: قال زعيم للانفصاليين في شرق أوكرانيا إن,OBJ
6914,#عندنا_في_مصر الشيوخ و اللي بدقن بس هما اللي مش مسموح ليهم يعملو حاجة غلط لاكن أي حد تاني عادي دة علي اساس ان ربنا هيحاسب …,OBJ
6915,عبد الناصر عمل وحدة مع سوريا وبدأ بالياميش سيسي هيعمل وحدة مع اسرائيل وبدأها بالطماطم,NEUTRAL
6916,#الواتساب_معلق الحمدلله صارلي اسبوع مادخلته ومو هامني شي ,OBJ
6917,#ذات_مومنت لما تقفش نفسك بتكلم نفسك فى موضوع مش عارف تبطل تفكير فيه #جنان,OBJ
6918,#الوفد ضبط 6 إخوان بحوزتهم منشورات مناهضة للجيش والشرطة: ألقت مباحث الإسكندرية القبض على 6 أعضاء #الوفد,OBJ
6919,مؤتمر لوزير الداخلية حول العمليات الإرهابية الأخيرة #السادة_المحترمون …,OBJ
6920,هي #سما_المصري تتحسب مع البني ادمين ولا ايه النظام ؟ -_- #ارف,NEG
6921,"لما شهاب يقول لنواب الوطني: ""وأنتم الأعلوْن"" يبقى إحنا إيه؟ الأسفلوْن؟ واللا يمكن إحنا كفار قريش طب والنصارى و سيئ بدوي يروحوا فين؟",OBJ
6922,لقد قامت الثورة وضحى الاف المصريين بحياتهم من اجل استعادة كرامة الانسان المصري داخل مصر وخارجها اين وزير الخارجية اين عصام شرف,NEUTRAL
6923,اختيرت الممثلة #الكينية الحائزة على #جائزة #الأوسكار، #لوبيتا_نيونغو، ك #أجمل_امرأة في #العالم لعام 2014 التفاصيل,OBJ
6924,كفاية عندك التايملاين ولو لسه مش فاهم يبقى مش مشكلتي حتى الآن كل الردود اللي بتحاول اما سخافة او قلة أدب او محاولة من واحد مش فاهم لغة,NEG
6925,"#اختاه ​​عندما يتأخر زواجك * فتذكري السيدة خديجة عليها السلام صبرت وأخذت أعظم رجل في العالم ♡""""""",OBJ
6926,حملة شباب #ضد_النقطتين ، #ضد_النئطتين ، #ضد_النجطتين ، #ضد_النغطتين بجميع الألسن كي يفهم الجميع وسلامتكم #بكفي_حصار #اضبطوا_شركاء_المخلوع,NEG
6927,شاهد - آخر كلام: بعد تراجعه مصير استقالة النائب العام,OBJ
6928,"من سنن التي تفعل في وضع التشهد وضع اليدين على الفخذين "" اليمنى على اليمنى واليسرى على اليسرى مبسوطتي الأصابع مضمومتين "" #نشر_سيرته #",OBJ
6929,النائب العام يأمر بالتحقيق فى اتهام ياسر برهامى بازدراء المسيحية,OBJ
6930,حكيك يخلق من العدم فرحه ♡' #م,POS
6931,انصروا الشهيد الحي مقال اليوم في الشروق مع خالص التحيةأدعو الجميع على إختلافهم لإختيار وسيلة للتضامن كل حسب رغبته,OBJ
6932,د أبو الفتوح : لدى المعاقين اصرار على النجاح والتحدي ويجب على المجتمع أن يشركهم في مشروع النهضة من أجل صالح هذا,OBJ
6933,"ورداً على تساؤل فيما خص ترشحه عن"" دائرة مصر الجديدة ""اجاب دعمرو ان الجامعات هى مساحة للعلم و ليست مساحة للدعاية الانتخابية",NEG
6934,"حـازم إمـام: جمـاهير الأهـلى ""بتــفهم كـورة""",POS
6935,وزير الداخلية يشارك فى تكريم شهداء ميدان التحرير فى 30 يونيو حكاية استحمار شعب,NEUTRAL
6936,هواجس العام الجديد - ثانينا عن مسار الاحتجاج الشعبى والحالة الثورية - عمرو حمزاوي - بوابة الشروق,NEG
6937,لا للمحاكمات العسكرية,NEG
6938,"حول تعليق المساعدات الامريكية ومستقبل العلاقات بين البلدين اقرأ قبل النشرفي""الصباح"" #مصر #الإمارات #السعودية #فلسطين",OBJ
6939,قصه حقيقيه : يحكي أن هماً زال في سجده !,OBJ
6940,توثيق مذبحة الحرس الجمهور، أكثر من 34 فيديو,OBJ
6941,الاستهانة بحياة الناس جريمة انسانية تستوجب العقاب السريع نطالب بتحقيق فوري في احداث مقتل 37 معتقل سياسى مصري اثناء ترحيلهم الي سجن ابو زعبل,OBJ
6942,تحية لأبطال اكتوبر وللشعب الذى ساند قواته المسلحة حتى حقق ملحمة العبور العظيم ، هذا الشعب القادر على تحقيق المعجزات سوف يحقق أهداف ثورته,POS
6943,فالنسيا خيب ظننا للآن كان الدوري لنا لكن ضيعناه قدام اشبيلية والكلاسيكو قبله !! #قهر,NEG
6944,جـنـود الـعرين #الجيش_العربي_السوري - #الحرس_الجمهوري - مجموعة #نافذ_أسد_الله تشتبك مع المجموعات,OBJ
6945,#مصر_القوية |1- قامت الدولة الحديثة بالأساس على فكرة الفصل والتوازن بين السلطات من خلال التزام الجميع بالقانون العادل المك…,OBJ
6946,أين الدولة من ملف الاحتجاجات العمالية المستمرة في التصاعد على خلفية سياسات أجور غير عادلة ومظالم تراكمت طوال العقود الماضية دون حلول جذرية؟,OBJ
6947,#الكويت #السعوديه #البحرين #قطر #ا?مارات #عمان #العراق #مصر #تونس #الجزائر #المغرب #ا?ردن #السودان #لبنان 376,OBJ
6948,لا بد من إقناع الرأى العام بأن قانون العقوبات المصرى يكفى للتعامل مع الانفلات الأمنى وأعمال العنف والبلطجة # #,OBJ
6949,#صباح_الخير ️️ #حب #عدستي #عرب_فوتو #فولو #ابوظبي #اماراتي #الناس_الرايئة #دبي #لايك #غرد_بصوره,OBJ
6950,في #عيد_العمال نستذكر ان هناك من ساهم وساعد ووشى وتشمّت وأظهر حقده وكرهه وتسبب بفصل قرابة ٥٠٠٠ موظف ! هنيئا لكم مزبلة التاري…,NEG
6951,ظلمه ضريرن كل ماحوله اعتم كنه سواد الليل بينك وبيني #اغنيه #الجفا #كلمات #السمو ##ألحان #فهد_الناصر #غناء #عندليب_الشباب_عبدالسلام_محمد,OBJ
6952,رابط قراءة وتحميل المعصرة عدد اليوم: بلوغ المرام في فضح المتاجرين برؤية النبي في المنام ـ تدوينة: الثورة جاية إمتى,OBJ
6953,#عاجل #الرياض #مكة #خواطر #غرد_بصورة #غرد_بصوره #دبي #غرد_بذكر_الله [31538932],OBJ
6954,جدول دعمرو حمزاوي من يوم الجمعة 11نوفمبر حتى يوم الجمعة 18 نوفمبر,OBJ
6955,للاستفادة برتويت مرتين #تابعنى #مواليد_السبعينات_بيعملو_فولو_لبعض #رتويت #مصرى #مؤيدين_السيسى_بيعملوا_فولو_لبعض,OBJ
6956,عاوزين نشكر مرتضى متصور لانة هيخلينا نستمتع بجمعة من غير ما نشوف فيها #باسم_طلع_حرامى وهيطلع ميتين ابونا عشان عمل الجميل دة فينا,OBJ
6957,هل قررت أن تطير؟ سيكون موجوداً بإذن الله في #معرض_الكتاب بالرياض أرجو أن تستمتعوا بقراءته,OBJ
6958,مبروك للصعيدى عبد الرحمن الابنودى الجيش اقتحم قرية دلجا بالدبابات والطائرات نوال تؤكد:مهمة سريعة لهدم الانفاق,OBJ
6959,#الحقيقة_مباشر_مصر|#انقلاب_3يوليو اسلاموفوبيا ----------------- تصريحات توني بلير اللي دعا فيها الغرب لتناسي ما,OBJ
6960,بوابة الشروق| وزير التجارة والصناعة: سنشعر بفرق كبير بعد استخدام الفحم بمصانع الإسمنت فعلا هنتنفس هباب اسود وهنموت كلنا #أوقفوا_الفحم,OBJ
6961,#دعوة_الصائم_لاترد آللهمّ منَ كاانتَ لہ حااجة فآقضهاا له ومن كآنتّ له امنيه فحققهّاله ومن كان به هم وغم فرجَ همه وفر,OBJ
6962,شكرًا جزيلا,POS
6963,كل ما يفعله أبو زيد وزير الرياضة يضر الرياضة اخر شائعة عن تعيين كمال الجنزورى رئيسا للاهلى شباب ثورة 1919 سيعود ليقود الرياضة فى مصر,NEG
6964,نتمنى التوفيق لأخواتنا المسيحيين فى إختيار رئيس للكنيسة المصرية هذه المؤسسة الوطنية التى يعتز بها كل مصري,OBJ
6965,بعد تبرئة سائق حمدين صباحى المتلبس بحمل السلاح وسرقة الآثار كتبت لكم انه سيسير مطيعا خلف الانقلاب، امس قال انه يؤيد سيسي لو ترشح للرئاسة,NEG
6966,"#الزعيم #اكشن يا دوري #السعودية #مضامير #البرنامج """,OBJ
6967,نيابة #أكتوبر تأمر بحبس #ياسر_محرز المتحدث باسم #الحرية_والعدالة 15على ذمة التحقيقات في تهم التحريض على التظاهر وإثار…,OBJ
6968,شاهد - آخر كلام: كرامة المصري وانتهاكات الشرطة بعد الثورة # #25 #,OBJ
6969,تغطية لندوة دكتور عبد المنعم ابو الفتوح فى كلية طب - جامعة الإسكندرية اليوم,OBJ
6970,الشعب المصري هو العمق الاستراتيجي لدول الخليج #السادة_المحترمون,OBJ
6971,رابط قراءة وتحميل المعصرة عدد اليوم: قلمين وسفاسف الأمور وفي أوروبا والدول المتخلفة وأبواب جديدة ورمضان كريم,OBJ
6972,عزيزي، لم أستضف رفعت السعيد أبداً - ربما تقصد الزميل حافظ المرازي الذي استضافه أمس، و ربما تكون له أسبابه أرجو التيقن أولا,OBJ
6973,انصار الانقلاب طلعوا سابع سما امس بدعم كيرى لكن نزلوا مع انقلابهم لاسفل ارض فى محاكمة مرسي,NEUTRAL
6974,لمـا حـد يـبـعـد عــنــك مــتـزعـلــش!!! افـكــر امــك وهـى بـتـقـولـك #ربنا يـبـعـد عـنــك #ولاد_الحــــــرام #,OBJ
6975,لمن يسألون، وحنا قاعدين، إن كان أحد المسؤولين اتصل بنا، وحنا قاعدين، بعد موضوع الغاز، الإجابة: و لا الهوا,OBJ
6976,"#عمرو_دياب يكشف عن موعد طرح فيديو كليب ""جماله""",OBJ
6977,100 يوم من فشل الانقلاب 200 دولة ترفضه 400 فندق اغلق 800 مصنع افلس 8000 شهيد 20000 معتقل 30000 مصاب 50000 مسجد,NEG
6978,الشعب المصرى شعب متدين بطبعه -_- #كدبه_ابريل,NEG
6979,#نفسي اوى اشوف مسلسل #يوميات_ونيس :),POS
6980,#أردنـ | رئيس الوزراء #الفلسطيني يقدم إستقالته لتمهيد الطريق أمام تشكيل حكومة وحدة - #رويترز,OBJ
6981,دعمرو حمزاوي صوتكم يفرق,OBJ
6982,دعلاء الأسواني: ما هو المنطق الذى يعطى الشعب الحق في سحب الثقة من أى رئيس منتخب ؟! >> …,OBJ
6983,حدث فى جمهورية العبث,OBJ
6984,عام على مذبحة سهمها في كبد ثورة و خنجرها في ظهر وطن آخر كلام، أون تي في، 11م,OBJ
6985,للشموخ عنوان #السادات,POS
6986,#اللى_رافضين_السيسى_رئيس_بيعملوا_فولوا_لبعض #انتخبوا_ #مرسي_رئيسي #سيناء_خارج_التغطية #سأنتخب_السيسي,NEUTRAL
6987,سامي صادق رئيس الجالية المصرية في السويد الخالي وليس السابق ولم يتفاعل لوقف الإعتداء حسب أقوال شهود الواقعة والمصابين,OBJ
6988,ادعو الي سبيل ربك بالحكمة و الموعظة الحسنة,OBJ
6989,#جمال_مبارك خارج قريب ومش هيسيب البلد وافتكروا التويتة دة ربنا يستر ويكون معنى الحلم كدة وبس,OBJ
6990,لقطع عيش مروجي الشائعات، أنا في ألمانيا منذ الأمس للاطمئنان على ولديي وبعد غد أعود إلى مصر بإذن الله، أدعو الله أن تمر هذه الليلة دون عنف,OBJ
6991,طيب وين القانون اللي يحميني إذا تحرشوا البنات بـيّ ؟ #ام_بي_سي_في_اسبوع #تحرش,OBJ
6992,اليوم السابع مش بتاعة نجيب!,NEG
6993,1: شاهد- رجلٌ يتغزل بــــ #فيفي_عبده مباشرة على الهواء #الحكم #1,OBJ
6994,ورشة عمل لتسليط الضوء على مبادرات التنمية العمرانية، أخر موعد للتقديم 10مايو #مصر #الجيزة …,OBJ
6995,هم خلوني مجنون !!!,NEG
6996,) ! #اولاد_ميت_عقبه #الزمالك #حب_الابيض_غير …,POS
6997,اليوم أكملت 555يوما بلا عمل و620يوما بلا دخل و77يوما بعيدا عن الشارع كله يهون من اجل الوطن والحق,OBJ
6998,بيان القوى السياسية المشتركة في الثورة - و - مستقبل السياحة في مصر في آخر كلام الليلة 9 - 7 على,OBJ
6999,1: شاهد- #فيفي_عبده راقصة سيذكرها التاريخ #1 #الحكم خبر في الصميم,OBJ
7000,"قال #سيد_قطب :""جاء الإسلام ليرد الإنسان إلى ربه، وليجعل هذه السلطةهي السلطة الوحيدة التي يتلقى منها موازينه وقيمه،كما تلقى منها وجوده وحياته",OBJ
7001,#أسم_فيلم_بتحبه أسف على الإزعاج,POS
7002,مصدر: الإخوانى الذى أنفجرت فى أولاده القنبلة فى منزله بالشرقية هو سائق #خيرت_الشاطر,OBJ
7003,"جريدة ""نيورك تايمز"" تصف دعبد المنعم أبو الفتوح باردوغان مصـــر",OBJ
7004,اسمع؟ الف؟ قلد؟ ابدع؟ احكي؟ مع برنامج طول النهار علي اذاعة فرقشني ياه #حاول تفهم_,OBJ
7005,لحظة القبض على 60 من العناصر المسلحة برمسيس وغمرة #السادة_المحترمون,OBJ
7006,كيف تعلن اللجنة العليا للانتخابات عن نتائج الاستفتاء قبل التحقيق في الانتهاكات والتزوير الاخوان يستهينون بالشعب مثل مبارك وسيلقون مصيره,NEG
7007,#السادة_المحترمون حلقة الإثنين 16 سبتمبر 2013 كاملة لقاء أكمال الهلباوي لمجدي بسيوني …,OBJ
7008,"#قنديل لـ""#السيسى"": عليك تقديم برنامجك الانتخابى وعدم التعالى على الجماهير #اخبار #مصر",OBJ
7009,حزن أم كره؟,NEG
7010,#صباح_الخير #مصر #غادة_عبدالرازق #الوطن_العربي  #السيدة_الأولى,OBJ
7011,شاهد - هل تفرز هذه الإنتخابات برلمان الثورة حقاً #28 #,OBJ
7012,إنت كإخوان عايزني أصدق فعلا إنك مؤمن بالتسامح والتنوع طب عيني عينك في تصريحات وجدي غنيم وشيوخ الطائفية اللي طلعتوهم منصة دعم الرئيس,NEUTRAL
7013,#حط_صورتك_وانت_صغير هذي ثاني مره أحطها :),OBJ
7014,التعليم: إنشاء مدارس للتعليم الصناعي والتجاري في مدينة بدر وإنشاء ودعم مدارس ذوي الاحتياجات الخاصة وتأهيل المشرفين عليها,OBJ
7015,زوجة #دومة تعلن تعليق #الاعتصام النسائى أمام الاتحادية و #العودة السبتليه كده يا حاجة خليكى قاعدة شوية ولا عايزة #تتفسحى فى الويك اند,OBJ
7016,اتمنى ان يحقق الرئيس مرسي وعده بإعادة تشكيل اللجنة التأسيسية حتى يجنب مصر صراعات ستدفع ثمنها غاليا لابد من تطهيرالدولة من الفاسدين والفلول,NEUTRAL
7017,هذا أوان توحد القوى المدنية والثورية معا لاستكمال أهداف الثورة ومواجهة أى محاولات هيمنة أو انفراد من أى طرف معا نبنى التيار الشعبى المصرى,OBJ
7018,#محمد_رمضان و #السبكي: تهاوشوا مع بعض احسن عشان لا نشوفك في افلام زباله,NEG
7019,"وقفة تأمل لمجزرة ""الاتحادية"" ادانة واضحة ل",NEG
7020,قال غاندي إذا قتلتني فلك جثتي ولكن مهما عملت لن تكون لك طاعتي,OBJ
7021,التغيير قادم لا محالة توقيت التغيير و مداه مرهون بارادة شعبية قوية وواضحة ممثلة فى التوقيعات مصيرنا بيدنا,OBJ
7022,"#ربنا إنا #ظلمنا #أنفسنا وإن لم تغفر لنا وترحمنا لنكونن من الخاسرين"" ​••• ••• ••• ••• ••• ••• ••• ••• ••• #رتويت_للاجر",OBJ
7023,#اسكندرية : اسكندرية تانى و اه م العشق يانى و الرمل الزعفرانى ع الشط الكهرمانى و السحر اللى احتويته و البحر اللى,OBJ
7024,#اعرفوهم #انقلاب_مصر #يسقط_حكم_العسكر #الداخلية_بلطجية #الحرية لمحمد شعبان عبدالقوي 18سنة طالب بكلية العلوم #المنوفية,NEG
7025,واحد من مجاهدين بيت المقدس وهو بيجاهد قصدي بيراقب اكادمية الشرطة #حركة_كايدينهم,NEG
7026,جامع ايمينينو في #اسطنبول #تركيا_بعيون_عربية #تركيا #طرابزون #السعودية,OBJ
7027,صحيفة العرب القطرية/ #عاجل|المتحدث باسم #بوتين:الهجوم في شرق #أوكرانيا يوجه الضربة القاض - عبر تطبيق نبض,OBJ
7028,الآن الملكة #اليسا في #هلا_فبراير على قناة #روتانا_مصرية وأغنية #لو_فيي,OBJ
7029,الثورة قامت ليستطيع المواطن أن يطلع على الحقيقة كاملة وأن يعبر عن رأيه بدون وصاية,OBJ
7030,من قتل اللواء فراج؟ زميله قاصد زميله بالغلط زميله وخلاص,OBJ
7031,#الببلاوي : #السيسي هينهي #حكم_العسكر و #مبارك راجل وطني !!! و انا احب اقولك انك #ابن_وسخة,NEUTRAL
7032,: فيديو: الإخوان #كاذبون_بسم_الدين ,NEG
7033,الفكرة رائعة وكلما تعملوا ترتيبات ليها إبعت لي منشن عشان أنشرها وبرجاء عمل قسم خاص لحملة الإرباع المخرومة اللي تستحقها الإدارة,POS
7034,تراث موسيقى “البوب” اللبنانية بين التوثيق والظهور من جديد,OBJ
7035,محافظ #الفيوم يكرم بطلة شابات العرب في #ألعاب_القوى,OBJ
7036,#المدينة_المنورة صورة نادرة لبيت أبي أيوب الأنصاري ض الذي نزل فيه الرسول ص وأخرى عند الإزالة في التوسعة …,OBJ
7037,ألف سلامة عليك يا ترجعلنا بالسلامة شفاك الله وعافاك,OBJ
7038,إعتداء طلاب الإخوان المسلمين على أمن جامعة القاهرة #السادة_المحترمون …,OBJ
7039,خمس الاف متابع بـ 200 ريال #سلمان_العودة #تغريدة #اقتباس #طارق #السويدان #طارق_السويدان #أعجبني #العريفي # 408,OBJ
7040,حزن عظيم مسني بالأمس وأنا أشعر بمواطنينا الأقباط يشكرون كل من حضر للكنائس لتهنئتهم بأعياد القيامة وكأنه قام بعمل استثنائي أو غير اعتيادي,NEG
7041,خامس مرة فيه بيان إدانة أو استنكار أو تعزية صدر عن الإخوان فيمن مات أو اختطف أو عذب من الجند والعمال والأهالي غيرالإخوانج…,NEG
7042,… #يوسف_الحسيني يا دكتور عبد المنعم العقل حلو,OBJ
7043,#الواتساب_معلق والسبب الرئيسي والوحيد هالصوره,OBJ
7044,"بلغت سرعة هدف #كريستيانو_رونالدو الثاني أمام أوساسونا 101 كم / ساعة وهدفه رقم 101 في البرنابيو #هلا_مدريد""",OBJ
7045,شفت السماء فوقك ؟ تخيل مداها ، بنجومها ، بأجرامها باللي فيها ! واللي خلقها من عدم واحتواها إني احبك حُب غطّى عليها #تخيل,POS
7046,نحن شركة تسويق وبيع عقارات بدبي يملكها شباب يغردوا بنصائح حول عقارات دبي تحتاج دعمكم بالريتويت رجاء,OBJ
7047,"#كريستيانو_رونالدو بين الأكثر تأثيرا في العالم بقائمة ""تايم""! التقرير:",NEG
7048,كلما رأيت أطفالا مشردين ، جائعين ، محاصرين ، لاجئين ، نازحين ، أشعر بالخيانة ، الخيانة فقط #سوريا #أطفال_سوريا …,NEG
7049,تعرفوا الضابط اللى قبض على #هيثم_محمدين نزله ليه وفتشه !!؟ عشان ذو لحية و شعر طوال ? و كتب كده ف المحضر و اتكسفش على دمه,NEG
7050,لا يستاهلوا وقتي,OBJ
7051,علاء الأسواني: لازالت أمام الرئيس فرصة لعلها تكون الأخيرة لاصلاح المسار والانحياز للثورة وذلك بتحقيق الخطوات التالية:>>,OBJ
7052,في نوعية افلام تدخلها تحس ان انت انسان محترم كدة نضيف زي مثلاافلام #عمرو_سلامة #لامؤخذة وفيه افلام تحس انك حقير وعيل سرس زي افلام #السبكي,NEUTRAL
7053,يدعوكم حزب مصر لحضور لقاء غدا الجمعة الموافق 14- 12 -2012 الساعة الواحده ظهراً بالمدينة التعلمية بمدينة السادس من,OBJ
7054,من #عيوب_تويتر: الكثير من ردود الأفعال والقليل من الأفعال، الانشغال بشكل مبالغ فيه بالأحداث اليومية عن التخطيط للمستقبل,NEG
7055,"مصدر أمني: القبض على 4 متهمين جدد في ""أحداث أسوان"" - #أصوات_مصرية #مصر #أسوان #نوبة",OBJ
7056,#اوعى_تنسى عاشوا رجاله وماتوا اسود :(,POS
7057,لازم أعترف لما كنت باروح أمن الدولة أسلم تقاريري كنت باقابل في الكافتيريا عصام سلطان وجورج اسحاق وعبحليم قنديل وكان شفيق,OBJ
7058,"أن تعاتب شخصاً وأنت لا تعرف ما يمر به من ظروف !""",OBJ
7059,شهداء محمد محمود: أبدا لن ننسي,OBJ
7060,#تصوير_نايف_المقاطي لمباراة اياب #الاهلي والاتحاد 20,OBJ
7061,هذا ماكسبتم لأنفسكممقال اليوم في الشروق مع خالص الأسى,OBJ
7062,#أشاهد_الآن ' على حمل تطبيق # :,OBJ
7063,أعداد اليوم بمثابة الضربة القاضية لأي خالتي شرعية,NEUTRAL
7064,هذا إن أشار أو وشى، فإنما يشي بإنه مفيش أي قيمة وطنية موجودة عند هذا التنظيم ولا أبناء هذا التنظيم,NEG
7065,وصول الدكتور أبو الفتوح إلى المكان و دخوله المسجد لأداء صلاة العشاء قبل المؤتمر,OBJ
7066,هناك قرار ازالة لأربع عمارات مخالفة بنيت امام قصر القبة #السادة_المحترمون,OBJ
7067,البيض والطماطم نفذت فى دلجا الاهالى اشتروها انتظارا لوصول صباحى واتباعه,NEG
7068,سخرية القدر ان الاخوان بارهابهم حينجحوا #السيسي و الدولة بغباءها حتنجح #حمدين #مصر 6 #6ابريل,NEUTRAL
7069,أجلت محكمة استئناف طرابلس محاكمة عدد من أركان النظام السابق لإعادة النظر بالدعوة مع استمرار حبس المتهمين #الراية #ليبيا,OBJ
7070,اللهم اغفر لأمواتنا وارحمهم وعافهم واعف عنهم واكرم نُزلهم ووسع مدخلهم واجمعنا بهم في جنانك #دعاء #دعائي #غرد_بذكر_الله #أدعية #يارب,POS
7071,قفلو الفراعين صادرو الدستور منعو صفحة محاسبة الرئيس من الاهرام بس الحمدلله الثورة نجحت وسقطنا شفيق,NEUTRAL
7072,أم حامد ابو حامد الاخت الى بتبوس ايد البابا بتهاجم وزير الداخلية وبتهدده بأمارة أيه يا بطوطة,NEG
7073,في مذيعة بتزغرت على الهوا #الام_المثالية,NEG
7074,شفت فيديو موتني من الضحك في قناة الحافظ المذيع بيقول بلال فضل كاتب القافلة تبكي والخرفان تسيرواخد بالك قصده إيه فالشيخ رد يقصد الإخوان طبعا,NEUTRAL
7075,#يوسف_الحسيني مش كل اللي مربي لحية يبقى إخواني وإرهابي #السادة_المحترمون,OBJ
7076,الثورة مكملة #ثورة_25_يناير #باسم_رئيسا_لمصر #انتخبوا_,NEG
7077,حقيقه فجرها شباب بمساعدة #الاخوان ومات فيها الشباب #والاخوان واستفاد منها #عبيد_البيادة #انصاف_الاخوان,NEG
7078,ثورتنا السلمية تستكمل مسيرتها: وقف فورى للمحاكمات العسكرية وتعديل قانون الانتخابات ومواجهة الانفلات الأمنى وجدول زمنى واضح لتسليم السلطة,OBJ
7079,ما اجمل ان استيقظ على صوت دعبدالمنعم أبو الفتوح في اول محادثة بيني وبينه وهو يقول لي محدش يقدر يجي جنبك ده انتي زي بنتي #,POS
7080,أهرامات #الجيزة #مصر,OBJ
7081,طب الواحد يصدق أخبار مكتوبة فين بالضبط؟ ولا ما يصدقش حاجة خالص؟,OBJ
7082,"#أنصار_بيت_المقدس تهدد ""#بيبسي"": لن يستعصى أمركم علينا ""إنذار أخير""",OBJ
7083,شارك معنا في استفتاء لاختيار أهم حدث شهده العام الجاري، سواء كان حدثاً عربياً أو عالمياً شاركنا على الرابط التالي:,OBJ
7084,الرئيس مرسي المسئول الاول عن حقوق المصريين وكرامتهم اما ان يوقف الرئيس الخطف والضرب والتعذيب والمحاكمات العسكرية للمدنيين واما ان يرحل,NEUTRAL
7085,#تيتو_فيلانوفا ، اول سنة تدريب حقق ال100 نقطة ولم يتحدث عنها الكثير مورينيو زليون سنة تدريب ويُلقب بـ سبيشل ون حقق ال100 قالو…,OBJ
7086,عاطف الجوهرى - #إفتكروهم #المجد_للشهداء,OBJ
7087,#نفسك_فى_أية_فى_الجنة_ أستمتع بصحبة النبي صلى الله عليه وسلم ! ~,OBJ
7088,يوسف الحسيني يشكر قناة الجزيرة,OBJ
7089,قرار وزير الثقافة يخالف قرار الإتحاد الدولي للمنتجين والسينمائيين في شأن عدم إسناد تنظيم مهرجان القاهرة لدكتور يوسف شريف رزق الله,NEG
7090,د أبو الفتوح: أنا مشروعي يمثل كل الوطن لأن الرئيس القادم يجب أن يكون رئيسا لكل المصريين بمختلف مرجعياتهم وافكارهم,OBJ
7091,هل هناك حضارة دون وجود المرأة؟ يجب أن نثق في قدرات المرأة فهي دائماً جزء من النجاح، من غير المرأة لن تكون هناك,POS
7092,نتمنى لرئيس الوزراء الدكتور عصام شرف الشفاء العاجل كما نتمنى ألا يكون مرضه مرضا سياسيا,NEUTRAL
7093,وقت #عبدالحليم_حافظ 3,OBJ
7094,#مصر_القوية يصدر بيان بخصوص أحكام الإعدام الصادرة اليوم وفيما يلي نص البيان #إعدام #مصر,OBJ
7095,ماذا رأيتم من موجابى حتى تكرهو دستوره (أخوان ستايل ),OBJ
7096,احنا قضينا عشر ايام فقط في تونس، وماحدش فينا بيتكلم فرنساوي ولا حاجة وفهمنا اكتر من تسعين في المية من كلامهمالكسل حجة من لا يريد التعلم,OBJ
7097,انت مش مضطر تتجوز بالطريقة البضان دي انت بني ادم سواء كنت اجتماعي او انطوائي صدقني دي اسوأ طريقة ممكن تتجوز بيها #جواز_…,NEG
7098,الهاش تاج ده للفقرة التانيةحتعرفوا لما يييجي وقتها #باسم_قال_ايه,OBJ
7099,لميس جابر للشعب المصرى : فتح عينيك تاخد حاجه نضيفه #حركة_كايدينهم,OBJ
7100,اطهر رئيس وزراء فى تاريخنا التحفظ على اموال هشام قنديل دون اى تهمة بكره تشوفو مصر,NEUTRAL
7101,دعبد المنعم ابو الفتوح فى ندوته فى مكتبه أ : التطرف الفكرى علاجه مناخ من الحريةيسمح له بعرض افكاره فيتناقش,OBJ
7102,# ابوالفتوح؛ لا يمكن ان يغامر المجلس العسكرى بالمخاطرة فى استفزاز الشعب للثورة عليه فهو ليس منزه عن ال,OBJ
7103,شبكة رصد الإخبارية/ #رصد| أصحاب محلات العباسي الجديد بـ #المحلة_الكبرى : المحافظ - عبر تطبيق نبض,OBJ
7104,الأرسناليين الي يدافعون عن فينقر وصلون لمستوى حومة تسبد ما عمري وصلته، مدرب محترم وكبير وقدير، بس خلاص ياخي كل شي له عمره! #ارحل #فاردز #طس,NEUTRAL
7105,#اعترافات_ليلية كنت احط صورة بشار الشطي تحت مخدتي,OBJ
7106,جمعية تأسيسية كافرة,NEG
7107,مَـأّأّبِـيِّ أَّّسـمَـعٌ رجِـأوِيِّ**يِّ أهِـلَـيِّ أّجِـرحٌ وِﻻتّـدِأّوِيِّ-#الاهلي_الاتحاد -#الاهلى,OBJ
7108,حقيقة لقاء #زينة و #أحمد_عز #صباح_الخير_يا_عرب #1,OBJ
7109,"#ابراهيم_محلب يستقبل #السيد_البدوى رئيس #حزب_الوفد الجديد والبدوى""الوفد يدعم الحكومة الحالية فى خطواتها التى تصب فى صالح المواطن المصرى",OBJ
7110,إمام مسجد سيدي جابر طلع علي المنبر و استقال و قال الأوقاف عايزاني بالعافية اوجه الناس لتأييد قرارات الرئيس في الخطبة,NEG
7111,#فولورز_عفركوش_بيعملو_فولو_لبعض فولوووووووووووو = بااااااااااااااااااااااك,OBJ
7112,"#الحرية_والعدالة | #السويس | خبر علي أحد المواقع الانقلابيه """"أمن السويس"" يمشط الشوارع بعد صلاة الجمعة بحثا عن",OBJ
7113,المحنه اخرها فرحه #الاهلى,OBJ
7114,من أجمل الكتب التي يمكن أن تقرأها لجمال البنا كتابه الإسلام وحرية الفكر وكتاب كلا ثم كلا عن دعاة التقليدتعرف على فكره واختلف معهرحمه الله,OBJ
7115,ندين أى انتهاك أواعتداء بحق الشباب المعتصم سلميا أمام وزارة الدفاع،متضامن مع حقهم في رفع مطالب يؤمنون بها و يدافعون عنها حتى لواختلفنا معها,NEUTRAL
7116,2050 لا يا سيدي كنت موجود وهذا أكبر دليل أن هؤلاء المسلحين من داعمي الإخوان اللي كفرونا وهاجمونا في كل مكان ساعتها,NEG
7117,اللقاء الان في الجيزة بنادي نقابة الاطباء,OBJ
7118,الطريقة الوحيدة لتعبرك امك فيا أنو تحكيا عالواتس اب -- #عشنا_وشفنا,NEG
7119,توفيت إلى رحمة الله السيدة أمل عبد الرحمن شمعة زوجى صديقى وأخى تامر دويدار صلاة الجنازة غداً بعد صلاة الظهر بمسجد الحصرى 6اكتوبر، ادعوا لها,OBJ
7120,"اللي بيتحدوني اني اجيب سيرة ده او ده انا مش محتاج اثبتلك حاجةاكبروا بقى على عبارة""اتحداك تعمل كذا""خسرت التحدي يا سيدي مبسوط؟",OBJ
7121,الوطن | الاستفتاء قراءة فى الحقائق والنتائج | عمرو حمزاوي:,OBJ
7122,#فيديو طفلة صينية تقرأ #القرآن بطريقة تأسر القلوب #كيك #,OBJ
7123,7_3 مستعمل,OBJ
7124,ليه المعتصمين اللي في رابعة ما يسلموش المطلوب القبض عليهم ويشيلوا الدشم والمتاريس ويفتحوا الطريق؟,NEUTRAL
7125,تهنئة لكل طالب وطالبة قضوا ما يزيد عن 150 يوماً معتصمين وواجهوا كل انواع التنكيل #جامعة_النيل,POS
7126,علمونا نطفي الأغاني اما الأذان يأذن لاكن في الأقامة عادي #عندنا_في_مصر,NEUTRAL
7127,#لحس #شهوانية #مساج #محنة #خليجي # قطر #أبوظبي #الكويت #سوهاج,OBJ
7128,فوائد الإلحاد مقال كتبته منذ فترة في الشروق و تعرضت فيه لمغبة التنفير من الدين على يد من يتكلم بإسمه,NEUTRAL
7129,المستشار القانوني لمرسي: انتخابات مجلس النواب ستبدأ في 28 أبريل يعنى بالعربي طظ في الشارع و المعارضة و جبهة الإنقاذ !,OBJ
7130,شاركونا على تويتر يا شباب #خلق_جميل تعالوا ننشر على الهاشتاج ده أخلاق نحب نراها فى مجتمعاتنا و يتخلق بها,POS
7131,في ناس غاويا كدب وكمان بتخاف فيديو متفبرك تماما مندوبتنا في ليسيه الحرية مادخلتش اللجنة أصلا بس حركات مفضوحة,NEG
7132,"#اليوم_السابع | ""#المصريين _الأحرار"" يقرر رسميا دعم ""#السيسى"" في انتخابات الرئاسة",OBJ
7133,": #الجنوب #أبها #النماص #مطر """,OBJ
7134,#عاملان إثنان يتجاذبان #الجنان : #الحزن و #السرور على أن قطرة #حزن في عمقها توازي #بحر #سرور في اتساعه - #مي_زيادة,NEG
7135,متابعات : ضبط منسق الطلاب الإخوان بجامعة قناة السويسالبديلتمكنت قوات أمن الإسماعيلية #الاخوان #يكفي,OBJ
7136,ليو #ميسي يهدي هدفه ضد فياريال لتيتو فيلانوفا !,OBJ
7137,شاهد - آليات التعاون لدعم الاقتصاد المصري معبدالله غراب ـ في السادة المحترمون # #,OBJ
7138,#يوميات #انسان #سوري ؛ هذه #الصور اصبحت من ابجديات #الحياة في #سوريا ويبدوا ان #العالم اعتاد عليها والفها ! #حمص #حلب …,OBJ
7139,فخور أني مصري اولا و اخيرا,POS
7140,#حمزة يطالب بإلغاء قانون #التظاهر والإفراج عن #دومة,OBJ
7141,يعني ايه هجره ! يعني تطلع من #المنيا ع #٦_اكتوبر وبعدين ع #طنطا وع #المحلة_الكبرى وبعدين ع #المنصورة واخيرا #دمياط,OBJ
7142,لن نفرط في #يوسف و #قمر #الاهلي,OBJ
7143,الرضا بماا كتبه الله لك~ يجعل لك الحياة كما تريد♡,POS
7144,الجولة الانتخابية للدكتور عبد المنعم أبو الفتوح أثناء مرورها بموقف الميكروباص بالحي العاشر - مدينة نصر ونقاش حولة,NEUTRAL
7145,رجاء إذا كنت ضد تهميش الصعيد في الدستور الجديد ومع تنميته يبقى اتصل ب وساعدنا نوصل صوتهم,OBJ
7146,لا تجبر الإنسان ولا تخيره يكفيه ما فيه من عقل بيحيره اللي النهارده بيطلبه ويشتهيه هو اللي بكره ح يشتهي يغيره عجبي !! #صلاح_جاهين,NEUTRAL
7147,يكتب بدمه حياه تانية لاوطانه #باسم_محسن,OBJ
7148,احيي الشيخ حسن عبد البصير امام مسجد سيدى جابر الذي رفض تعليمات الأوقاف بنفاق مرسي في خطبة الجمعةتعلموا الاستقامة أيها الاخوان الكاذبون,NEUTRAL
7149,#خلق_جميل غض البصر,POS
7150,ممنوع دخول الملتحين و المنقبات هذا وجه مصر العروبه في عهد السيسي الذي يحفظ و ابنائه القرآن,OBJ
7151,مؤتمر اللجنه العليا للإنتخابات لم يقدم جديداوعدم اعلان موعد الإنتخابات والإجراﺀات التنفيذيه يثير القلق لدى الكثيرين من الإلتفاف على الثوره,OBJ
7152,___ ما فيش خالص فيه إخوانهم وضمائر اخرى ولكن مافيش اخوان بعدها اي شيء غير دول سورة ق وسورة الإسراء لو لقيت قوللي,OBJ
7153,لتفاصيل أدق - يرجى زيارة: #ولاية_الانبار _ ------------------------ #الشعب_يقول_كلمته #السودان #الفرات #اسيوط #انتخبوا_,OBJ
7154,#الأم_المثالية … تُخفي دمعتها عن أطفالها حتى لا يدخل الحزن إلى قلوبهم تظهر ابتسامتها لصغارها وإن كان قلبها يعتصر الألم…,OBJ
7155,ربنا يرحمك #محمد_الجندى,OBJ
7156,#ثورة_25_يناير| السفير ابراهيم يسري : اسرائيل كانت تخشى من صعود الاسلاميين للحكم وتحالفت مع قوي داخلية,OBJ
7157,#اكتب_رساله_لشخص_دون_ذكر_اسمه يالمقابر خبري ذاك الحبيب اللي خذا له بين سكان قلبي ما نساه و كفي ترتفع له ياعسى قبره نعيم ياعسى قبره نعيم ,OBJ
7158,العملُ في القطاع السياحي لا يستهوي السويسريين #رويترز,OBJ
7159,بحبك أرسلها لزوجتك أرسليها لزوجك - جرب و هتدعيلى,OBJ
7160,#السعودية #الرياض #الامارات #دبي #الجبيل تسويق 11:19:41,OBJ
7161,#السعوديه #الكويت #الامارات #قطر #البحرين #الرياض #دبي #جده #الدمام #عيد #الاضحي خمس الاف بـ 200 ريال,OBJ
7162,مصحينى من النوم عشان يقولى هى عاوزه #يوسف المؤمن مش بتاع النسوان,OBJ
7163,حذار يا #عدلي_منصور ان تفرج عن #دومة كما طلب منك #ممدوح_حمزه ومن وقعوا ع بيانه من المهزأين الذين يطلبون التفريط فيما لا يملكون ولاتملك انت,NEUTRAL
7164,أحاول أن أتعافى من صدمة مذبحة #رابعة ووفاة هذا الكم الهائل أمامي من الشهداء لكن الانهيار يعاودني كلما سمعت كاذبا يتحدث عن…,OBJ
7165,فترة إنتقالية قصيرة لن تفيد سوا الأحزاب والمجموعات القائمة حالياً والنتيجة ستكون إنتخابات غير ممثلة لاتعكس رأى الأغلبية الصامتة,OBJ
7166,قال لي الطريق مفتوح عدى البيبان دي حياه ماتجوزشي غير لطموح #دينا_الوديدي,OBJ
7167,الإخوان انتقلوا في ظرف نص ساعة من تكذيب خطاب البنك المركزي لأن النهارده السبت إجازة البنوك إلى تحليله لإثبات انه بيأيد كلام مرسيألا تنبهرون,NEUTRAL
7168,ارجو من الناس اللي شايفة الخطاب مجرد مادة للحلقة ان ينظروا لما بعد الخطاب نكرر: حرصا على سلامة الناس لا يوجد حلقة الاسبوع ده,OBJ
7169,7 تأجيل ودية #دمياط و المريخ 24 ساعة بسبب حادث رئيس النادى #,OBJ
7170,نجاح عملية إنتاج رئة بشرية داخل مختبر علمي #شاهد التفاصيل من هنا:,OBJ
7171,#المصريون | رئيس #الوفد يقرر عودة المفصولين من خلال تقديم تظلم أكد المتحدث الرسمي لحزب الوفد المستشار بهجت,OBJ
7172,"__: _: نسب نبينا محمد صلوات ربي وسلامه عليه #نشر_سيرته #""",OBJ
7173,عاجل #حريق هائل بمصنع #نسيج في #المحلة_الكبرى أون تي في,OBJ
7174,انما بعثت لاتمم مكارم الاخلاق دي كانت مهمة الرسول الشيخ وجدي غنيم عدى عليه الحديث ده؟,OBJ
7175,واللي كلامه جميل لكن في فعله قليل ليغني في المواويل ليفووق و يسمعلهاااااا #دينا_الوديدي,OBJ
7176,678 #الراتب_مايكفي_الحاجة #الاتحاد #الهلال #النصر #الاهلي #مرسي,OBJ
7177,اليوم السابع | رئيس الإدارية العليا: لم نصدر حكما ببطلان عضوية حمزاوى,OBJ
7178,الغاء المكمل والتغييرات في قيادات الجيش قرارات تستجيب لقاعدة مستقرة في الدولة المدنية وهي خضوع المؤسسة العسكرية لإشراف المدنيين المنتخبين,NEUTRAL
7179,2011 احترامي ليك دعبدالمنعم من عضو في حملة دالبرادعي,OBJ
7180,جريدة الأهرام: محاكمة 6 من رجال الشرطة في حلوان لتعذيب مواطن حتى الموت أسلوب متكرر رسالة لوزير الداخلية: أنت المسئول,NEG
7181,هل الكتابة مجدية أصلا؟ إجابة من توفيق الحكيم وتطبيق من ناظم حكمت في فن مكافحة الغائط,OBJ
7182,اغلاق كل الساحات والميادين الكبرى لمنع صلاة العيد وصمة عار على الانقلاب وحسابهم فى الاخرة عسير,NEG
7183,ياريت بس الإخوان يوحدوا الكذبة هوه مرسي جامد قوي وبيحبط مؤامرات شرسة؟ ولا مغلوب على أمره والدولة كلها ضدهكدب مساوي ولا صدق مجعرف يا إخوة,NEUTRAL
7184,الببلاوي وجه بضرورة التعامل بحزم مع العناصر التخريبية #السادة_المحترمون,OBJ
7185,هل سمع أحدكم من يوم ولد بصدور أحكام بالإعدام على أكثر من 1000 شخص في شهر واحد؟ #مصر #السعودية #مرسي #السيسي #قطر #الامار…,OBJ
7186,لأن وزير الداخلية لم يقدم حتى الان طلبا واحدا للنيابة لمراقبة ‏1/1,OBJ
7187,يا شعب مصر العظيم أيها القائد والمعلم ؛ كم أنا فخور بشرف الانتماء لك,POS
7188,أنا واثق أن كلنا عايزين نفتح عينينا و نلاقى النهارده 30 يونية,OBJ
7189,#رصد| مجهولون يشعلون النيران في سيارتين بـ #المحلة_الكبرى أشعل مجهولون - صباح اليوم الأحد - النيران في سيارتين,OBJ
7190,19850 حزب مصر الحرية مشارك في قائمة الثورة مستمرة ب ٢٢ مرشح في والقائمة موجودة في أغلب دوائر الجمهورية,OBJ
7191,#تصريح_بوتين #روسيا #موسكو #بوتين 42,OBJ
7192,إلى كل مَن يعتقد أن الثورة المصرية قد انحسرت أو انتهت، إلى كل مَن يحلو له ترديد أن الثورة لم تغيّر الناس,NEUTRAL
7193,محمد_مرسي بميدان #رابعة_العدوية وقت الحملة الإنتخابية هل يستطيع السيسي أن يخرج من مخبأه لترويج لحملته؟,OBJ
7194,#ذات_مومنت لما موبايلك يغطس في البطنيه وتقعد ادور فيه ما تلقشي واخر حاجه تنفض البطنيه يقعد الموبايل ايتخبط فيالوطى :/ اصلا عادي,NEG
7195,ميدان المحكمة,OBJ
7196,وبعدين تهمة زعزعة الاستقرار دي لسه موجودة؟ زعزعة؟!,OBJ
7197,موعد صلاة المغرب-#بوسطن(وأقيموا الصلاة وآتوا الزكاة واركعوا مع الراكعين),OBJ
7198,النضآرآت بقت موضة ! تقويم اﻷسنآن بقي موضة برضو!! مش بعيد بكره تلاآقي صحبتك جآيالك بكرسي متحرك تفوليلهآ سلآمتك اتشليتي ! #مرار_طافح :),NEG
7199,عرض الاسبوع 10 ألاف متابع #درر #حكم #حكمه #حكمة #ابيات #النصر #الهلال #الفتح #كلمات #كلمة #بوح #الاتحاد [2285554],OBJ
7200,#واحد_فاضي #الهلال #السعودية #النصر #النصر_الهلال #غرد_بصوره #الرياض #زيادة_المتابعين #رتويت #هاشتاق_خاص [2595719],OBJ
7201,ولما تبص #حواليك هتعرف انك #احسن من ناس #كتير عشان كده #لازم تقول #الحمد_لله,POS
7202,تحركات مابراهيم محلب في افريقيا #في_حاجة_صح,OBJ
7203,ركن لمؤلفات على الصلابي التاريخية,OBJ
7204,ايه رأيكم النهارده في حلقة النجمه #غادة_رجب مع النجوم #فيفي_عبده و #هشام_عباس ف برنامج #احلي_مسا علي قناة,OBJ
7205,شكرا لك عمرو واكد لتواجدك معنا في #مجلس_مهيرة عبر تويتر وبالتوفيق لك والشكر موصول لكل المغردين اللي شاركونا بار,OBJ
7206,قرر المكتب السياسى لحزب الوسط قبول دعوة الدكتور مرسى للاجتماع بمرشحى الرئاسة الوطنيين والقوى السياسية اليوم السبت 5م,OBJ
7207,عمرو موسي وسامح عاشور ومنى ذو الفقار فى صدارة لجنة الدستور البقاء لله فى ثورة 25 يناير,NEG
7208,للأمانة الفيديواللى انتشر مش من أعتصام رابعة الفيديو من سيناء حسب الوصف اللى مع الفيديو ونازل من 3 أسابيع …,NEUTRAL
7209,دانيال وإخوانه,OBJ
7210,قبل اعلان اى نتيجة هذا الاستفتاء مزور وباطل وعلى دستور باطل انتجته لجنة تأسيسية باطلة حصنها مرسي لانها غير قانونية سنسقط دستور المرشد,OBJ
7211,علاء الأسواني: لقد حافظ الرئيس مرسي على اعلام مبارك الفاسد وراح يستغله لمصلحته المقال كامل … …,NEG
7212,_ # النهارده الوسط وضح للي ماكنش عارف ان الأهم عنده هو حماية مصر وثورة مصر مش الجري ورا كرا,OBJ
7213,جريمة الأهرام,NEG
7214,متى يارب يحكمنا رئيس يوصل الغاز إلى الشعب بسعر مخفض ويضرب إسرائيل بالغاز المسيل للدموع؟,OBJ
7215,سبحانه الله أبراج الكويت تتوضئ للصلاة #جمعة_مباركة منقول من واتس اب الوالده,OBJ
7216,احسلك تبعد وتسبنى اصل انت هواك راح يتعبنى #دينا_الوديدي,OBJ
7217,دي نسخة أوضح من المعصرة على بوابة الشروق وبإذن الله بكره يوم أجازتي هانزل لكم مساءا مقتطفات منها زي الأسبوع اللي فات,OBJ
7218,عملت محضر ؟,OBJ
7219,تصويت جماعي برعاية الاخوان داخل 4 لجان بمدرسة الحوامدية الاعدادية المشتركة وبتواطؤ القضاة المشرفين,NEG
7220,التاريخ حافل برؤساء استقالوا وانتهت حياتهم السياسية تماما بسبب واقعة فساد واحدة وفي مصر يدفعون بمرشح ضده 35 واقعة فساد لم يحقق فيها احد,NEUTRAL
7221,#السعودية #الرياض #الامارات #دبي #الجبيل تسويق 11:09:54,POS
7222,سيتم ختراق موقع نور تابع لوزارة التربية وتعليم وسيتم تحويل اسم موقع الى منضمة جيوش الهكر #ثورة_الانترنت,OBJ
7223,باطل وقبض الريح! - بلال فضل - بوابة الشروق بلال بيقول كلام زين- يميل للمقاطعة ويشرح لماذا-عشت يا رفيق,OBJ
7224,بنتعلم منك يا باشا,OBJ
7225,صحيفة الشرق الأوسط/ العقوبات على #روسيا ستستهدف صناعات الدفاع وأفرادا وشركات - عبر تطبيق نبض,OBJ
7226,"- هل كُل الأساطير خلفه ؟ أو "" #ميسي "" من كوكب أخرْ ! …",NEUTRAL
7227,#هننضف_لو بطلنا نشوف عيوب الناس و شوفنا عيوبنا,OBJ
7228,علاج السكري #اف_نتشورال #السعودية #العراق #اليمن #مصر #قطر #الكويت #عمان #سوريا #ليبيا 5,OBJ
7229,بسمة أمل - كن مرحاً مهما كانت الصعاب,OBJ
7230,كلامي لم يتغير من يستغلون الإسلام سياسيا هم من صاروا أكثر كذبا و فحشا,NEG
7231,السنين الحلوه بتعدى قوام و آنتآ آسمك فى آلتآريخ بالنور مكتوب #أبو_تريكة,POS
7232,و أنا أيضا أين قرأت هذا ؟,OBJ
7233,رحم الله الأستاذ سلامة أحمد سلامة، قلم الضمير والإنسانية والتسامح وحب المساواة تعلمت من كتاباته ومنه الكثير ستفتقده مصر في لحظة صعبة,POS
7234,_97: ههههه عادي مالها ال14 سنه :) أجدع ناس و فخور جداً بيكم,POS
7235,# اليوم د عبد المنعم أبو الفتوح ضيف الاعلامي / محمود سعد في برنامج ( في الميدان) بقناة,OBJ
7236,سي بي سي:جنايات #شبرا_الخيمة تقضي بمعاقبة سارقي سيارة القيادي الإخواني #محمد_البلتاجي بالسجن 10سنوات مع الشغل شايفه التعريص وساخه,NEG
7237,_ لا ده نتكاتف فيه رغم اى خلافات أو أخطاء حدثت,NEUTRAL
7238,اعلام العار تفرغ قبل غانا ومصر لشحن الناس للاحتفال ربنا افسد احتفالاتهم لم يحزنوا لخسارة مصر حزنوا لان فرصة نفاق كبيرة راحت عليهم,NEG
7239,#صباحي : العدالة الانتقالية تشمل الدماء المهدرة منذ #25_يناير حتى اليوم,OBJ
7240,#عدلى_منصور :مصر أخلصت فى الحرب والسلام سلام المنتصرين وأخلصت للسلام الذي التزم به الطرف الأخر,POS
7241,مين ليلى عبد اللطيف؟,OBJ
7242,"عاجل التأسيسية تقر محاكمة المدنيين أمام القضاء العسكرى فى الجرائم التى تضر بالقوات المسلحة"" هع هع هع",OBJ
7243,مصر تستجدى روسيا لاعادة السياح بكره تشوفو مصر,NEG
7244,هامش للديمقراطية ــ مراجعات أخرى ضرورية لليبراليين ولليسار - عمرو حمزاوي - بوابة الشروق,OBJ
7245,_ #عدلى_منصور #سيناء #القدس اسمها مدينه القدس وليست القدس الشرقية ياجاهل,OBJ
7246,صورة وشهادة الزميلة داليا رضوان عن واقعة الإعتداء عليها من قبل الداخلية بسبب دبوس عليه 6 ابريل #الداخلية_بلطجية,NEG
7247,"نشرت 10 صور على فيس بوك في الألبوم ""إجتماع الدكتور مع فريق محافظة الغرب""",OBJ
7248,أطالب بمرسوم عزل سياسى لفلول الوطنى,NEG
7249,#كس #موجب #مخانيث #بكارة #بنات #شهوانية #المغرب #أسوان,OBJ
7250,وقالت مصادر لـفيتـو إن الإعلامي #يوسف_الحسيني،قد خرج عن السياق وناقش الرئيس في #مصر # #الإمارات #السعودية #لبنان,OBJ
7251,_: السماح بعبور أهالى #سيناء من كوبرى السلام خلال ساعات حظر التجوال بمدن القناة ,OBJ
7252,#كلام_وسط_البلد بمناسبة عيد تحرير سيناءهل الأعمال الفنية اللي تناولت انتصاراتنا الحربية جت على المستوى المطلوب؟ هل وضحت …,OBJ
7253,وهذه الاحداث من شأنها إدخال البلاد فى فوضى وفتنة طائفية، و دفع المجلس الاعلى إلى اتخاذ قرارات تعطل عملية التحول,NEG
7254,واحشني قوي و انا مقصر معاك عندك حق :) كلم شادي و الشباب و خلينا نتقابل يوم الجمعة و العشاء عليا,POS
7255,# تقريبا دي اكتر حاجة قريتها جسدت المذبحة اللي حصلت لاقرب ما يمكن #مذبحة_بورسعيد,NEG
7256,المراجعة النهائية قبل التصويت على الدستور: لهذه الأسباب سأصوّت بغير موافق:,OBJ
7257,الانقلاب ينهب اموال الناس من البنوك وغدا يرحل ويترك المجتمع خرابة من يرد للناس يومئذ فلوسهم,NEG
7258,يا جماعة الفولورز مش كل حاجة انه عبء جسيم عنكم انتم ازهدوا عشان انا اعيش #جمعية_الأقل_من1000_فولورز,OBJ
7259,الوطن | خواطر للوطن | عمرو حمزاوي:,OBJ
7260,#عبد_الرحيم_علي: اسألوا #البرادعي عما فعله في #العراق #البرادعى_طلع_جاسوس #باسم_طلع_حرامي #تخابر #خونة,NEG
7261,#حط_صورتك_وانت_صغير كلش مو انا الحين 😂😂😂,OBJ
7262,#عاجل | هجوم مسلح على سيارة شرطة وإصابة ضابطين ومجند بمدينة #العريش بشمال #سيناء,OBJ
7263,اللهم ارزقنا بر والدينا و ارزقنا الإخلاص لوجهك الكريم فى كل أقوالنا و أعمالنا يا رب العالمين,OBJ
7264,ننعي الي الانسانية رمزا متألقا للنضال في سبيل الحرية والنهضة والكرامة الانسانية القائدوالمجاهدوالمفكر العربي احمد بن بيللا زعيم ثورة الجزائر,POS
7265,جنود السيسي أحرقوا معتصمي النهضة وهم أحياء واقرؤا شهادة شاهد العيان وشاهدوا الصور #مصر,OBJ
7266,برلمان مشكوك في شرعيته سينتخب لجنة نصفها منه أي غير محايدة لوضع دستور لمصر وليس للأغلبية الدستور مصدر السلطات وليس العكس المتاهة مستمرة,NEG
7267,سرقة 3 سيارات شرطة وإحراقها ووضعها على مزلقان السكة الحديد بني سويف,OBJ
7268,هاش #احلم_بدولة يورد الالاف الاماني من عقول الحالمين ولأبناء الحالمة نصيب ، احلامنا كتبت فهل من مستجيب #بكفي_حصار #اضبطوا_شركاء_المخلوع #مصر,NEUTRAL
7269,#مترو و #بی‌آرتی دراین چهارسال گذشته چه خدمت مفیدی اضافه کردن که الآن دارن #بلیت‍‌شون رو گرون می‌کنن؟,OBJ
7270,#المجد_للمبتسمين #المجد_للمبتسمين_صباحا,POS
7271,#الأعلى_للجامعات يقرر السماح لقوات الأمن بالتواجد داخل #الجامعات لتأمين الامتحانات #محمد_ع,OBJ
7272,إستفتاء مارس مانفعش طنطاوي وقد كان أكثر شرفا وأشرف عليه قضاء حقيقي فما بالك بإستفتاء ملعوب في أساسه وتفاصيله ومبني على كذب رئاسي فاضح,NEG
7273,عاجل : خمس الاف متابع خليجي بـ 200 ريال #الامارات #ابوظبي #دبي #قطر #الدوحة # #حمد #تميم #الكويت #السعودية 593,OBJ
7274,#محمد_محسن فى الساقية يوم الخميس,OBJ
7275,مين اختار يعيش حياته ومين اختار يحب مين #شيرين,OBJ
7276,عندما قابلت الرئيس عدلي منصور طلبت منه إسقاط ديون الفلاحين،العفو عن سجناء الرأي،رفع نظام الكفيل و تحسين ظروف المصريين في #السعودية #مصر,OBJ
7277,لا شك ان فهمى هويدى أخطأ ومن الاخطاء ما يصل الى مرتبة الكوارث لكنه يمتلك ارثا طيبا يسمح لنا بعتابه دون عقابه,NEG
7278,لو السيسي قال للشعب ينزلوا مظاهرات هيعمل اخطار وللا هتعملوا معاه ايه #مصر #,OBJ
7279,اللي ما يعرفش يقول عدس,OBJ
7280,#دعوة_الصائم_لاترد اللهم لاتجعل حظنا من صيامنا الجوع والعطش اللهم اجعلنا ممن يصومه ويقومه واجعلنا فيه من المقبولين ،اللهم,OBJ
7281,لورانس رايت وجيرالد رافشون عن كامب ديفيد وهوليوود، و سامي يوسف عن الإسلام والفن آخر كلام ١١م,OBJ
7282,شاهد - ذهنية النظام د نادر فرجاني في آخر كلام #,OBJ
7283,تكريم الجنزورى وا?ستعانة بخبرته كمستشار رسالة الى كل رجال العهود السابقة ان مصر فى حاجة الى خبراتهم وأنه ? تهميش و? إ,NEG
7284,متحمسين جدا للشخصية الجديدة على #حمد_العماني بعد نجاحه في شخصية #يوسف في #توالي_الليل الجمهور ما راح…,POS
7285,المصريين,OBJ
7286,اليوم بقالي سنه تقريبا ع #تويتر انا واحده من الي اضحك عليهم ف #25_يناير وسبب رئيسي من نشأة الحساب اني افهم ابعاد المؤامره من اصحاب الفكر,NEUTRAL
7287,اما قصة المصحف اللي ضاع مني ف #رابعه_العدويه ف كنا فرمضان ماشيبعدين كنت بقرا فيهوحطيته جنبي وقمت اوزع,OBJ
7288,د أبو الفتوح: يجب أن ندع الديمقراطية في مصر تسير أيا كانت نتائجها و الديمقراطية عملية تطور و تصحح من نفسها,OBJ
7289,معاهدة القسطنطينية دي من القرن اللي فات و ملزمة و مصر تتعرض لعقوبات دولية تصل الي حد فتحها بالقوة لو خالفتها لانه مجرى عالمي,OBJ
7290,یکی نشسته جلو من زیپش بازه #مترو,OBJ
7291,(مشروع مميز) المصلى المتنقل شاهد نبذة عنه !! ٥ دقائق #رمضانيات #المصلى_المتنقل,OBJ
7292,رسالة اصدقاء #الشهيد_عبدالله_نوارة من معهد الخلفاء الراشدين #دمياط الجديدة #أنا_مش_رقم #الحرية_للطلاب …,OBJ
7293,في محطة #مترو المطرية القبض على مشتبه فيه باغتيال أمين #شرطة,OBJ
7294,على أساس إنه ما كانش بيعمل اللي أمريكا عايزاه هو كمان يعني؟,OBJ
7295,قصة الأندلس - حلقة 25 - الحب #2_ #عمرو_خالد,OBJ
7296,#ولاد_البلد #المنصورة #مصراوي بالفيديومصرع سائق على يد أمين شرطة بالموقف الجديد ـ #بطلخاوتعزيزات بمحيط قسم الشرطة,OBJ
7297,#ليبيا: ميناء #الزويتينة لن يفتح قبل تقييم الأضرار التي لحقت به #,OBJ
7298,شكراً جزيلاً على تعليقاتكم الجميلة ويا رب يعجبكم الفيلم إنتم كمان,POS
7299,عضو في الكنيست: لابد أن يكون في كل بلدة يهودية عربي واحد على الأقل وإلا فماذا أفعل لو تعطلت ثلاجتي يوم السبت؟,OBJ
7300,"يا حكومة البطىء ""أرجوكم سرعوا (المارش) شوية #يوسف_الحسيني",NEG
7301,المنافسة مسالة طبيعية جانبها السلبى هو تفتيت الاصوات بين القريبين من بعض فى افكارهم,OBJ
7302,#السيسي_رئيسي_2014,OBJ
7303,"صباح الخير على كل قراء ""بوابة الشروق"" الصورة لـ""معبد هابو"" بـ #الأقصر #غرد_بصورة",OBJ
7304,"من ميدان التحرير دعبد المنعم ابو الفتوح للجزيرة مباشر: "" الفوضى الأمنية مقصودة وخطورتها على الاقتصاد كبيرة للغاية""",OBJ
7305,إجلاء أكثر من ألفي شخص تحسباً لإعصار الفليبين,OBJ
7306,لما_كان #عمرو_دياب,OBJ
7307,الاعتقالات وباء وانتشر فى مصر والحبس الاحتياطى فيروس يلاحق المعتقلين,NEUTRAL
7308,"من أجمل ذكريات الطفولة أنك تنام في أي مكان في المنزل وتستيقظ وأنت في سريرك ""ربِ ارحمهما كما ربياني صغيراً""",POS
7309,شرحت فكرتي بصورة تفصيلية، المواثيق والعهود الدولية ملزمة لمصر وهي بالفعل دولية ومن ثم لمجال للحديث عن تدويل أو استقواء بالخارج,OBJ
7310,عرض الاسبوع 40 ألف متابع #شوارعنا #فن_تتقنه_النساء #ذلك_الشخص #شي_ودك_تجربه #بوح #درر #عجبني #حلو #مكه [2054574],OBJ
7311,سخيفة #فيفى_عبده,NEG
7312,"#الدراما_المصرية لما حد يلاقي واحد تعبان وبيموت لازم يقوله ""متموتش وتسيبني"" تحس إنه ح يقوم يقوله: خلاص المرة دي عشانك بس المرة الجاية حموت!",OBJ
7313,القبض على المتحدث باسم حزب #الحرية_والعدالة #محمد_ع,NEG
7314,لا تدعا روتين #الحياة يأخذ كل منكما بعيدا عن الآخر فكسر حدة الروتين بالتجديد يعمل على عدم شعوركما بالملل ويجعل الحياة أكثر إشراقا,OBJ
7315,معنى هام جداً نحتاجه بشدة في هذه الأيام في بلادنا,NEG
7316,"ارفع كل رايات النصر إحنا شباب بيحرر مصر هتاف ""جمعة الخلاص"" تحت الأمطار بدمنهور",OBJ
7317,في بنات مستحيل تحط صورها على الفيس لو هيقتلوها ، بس تويتر عادي !! عن #الازدواجية اتحدث,NEG
7318,٢ بابا الأزهر وشيخ الكنيسة دعامتان لعصابة الانقلاب ترزى الفتاوى علي جمعه حاضر دائماً لعبوا علي الغرب لكذبة حرق الكنائس واضطهاد الأقباط,NEG
7319,#كمل_جميلك هههههههههههههههههههههه #عبدالله_بدر #إلهام_شاهين,OBJ
7320,للمشاركة في برنامج #استديو_تغاريد قم بتسجيل اسمك في موقع البرنامج #قناة_تغاريد,OBJ
7321,المشير #السيسي يزور الكاتدرائية المرقسية ويهنئ الإخوة الأقباط بعيد القيامة المجيد …,OBJ
7322,حمزاوى: تجاوزات المرحلة الأولى لا ترقى للطعن فى نزاهة الانتخابات,OBJ
7323,شاهد - آخر كلام: قراءة في رؤية ناعوم تشومسكي لسياسة الولايات المتحدة تجاه مصر #,NEG
7324,صباح خالي من الحظر,OBJ
7325,الغاء الاعلان الدستورى المكمل الذى كنا ضده منذ لحظة صدوره خطوة ايجابية ، لكن نرفض انفراد الرئيس وجمعه بين الصلاحيات التنفيذية والتشريعية معا,NEUTRAL
7326,أبو الفتوح : لا يوجد الأن مواطن مصرى شريف لا يذهب الأنتخاب بعد الأن,NEUTRAL
7327,#اكتب_عبارة_على_باب_قلبك ',OBJ
7328,الأهم من تشكيل لجنة الخمسين ان يصاغ الدستور بطريقة موضوعية #السادة_المحترمون,OBJ
7329,ان سرت في وادي ظل الموت ﻻ اخاف شرا ﻻنك انت معي الوعود اﻻلهية كثيرةحاول ان تتذكرها واقرأ معي سفر يشوع الاص…,OBJ
7330,_ ميز حسابك باقل الاسعار #الهلال #الاتحاد #النصر #الاهلي #الشباب #تبادل_رتويت 58,OBJ
7331,استشهاد جنود مصريين على الحدود بنيران صهيونية جريمة غير مقبولة دماء هؤلاء الشهداء تستدعى موقفا جادا حفاظا على كرامتنا وصيانة لحدودنا,NEG
7332,شاهد - آخر كلام: أحداث مصر اليوم 31/03/2011 #,OBJ
7333,#الدون #الكوماندور #كريستيانو_رونالدو #7 مقارنة توضح الكثير ✨✨🌟 454,OBJ
7334,#كامب_ديفيد منطقة (أ) بين قناة السويس والخط 58 كم غير مسموح لمصر بوجود أكثر من فرقة مشاة ميكانيكي واحدة,OBJ
7335,التظاهر السلمى أحد مكتسبات ثورة ينايرمقدرات ومنشآت الوطن ودور العبادة ملك لنا جميعايجب الحفاظ عليها وعدم المساس بالارواح,OBJ
7336,د علاء الأسواني يكتب:أعلن المتحدث باسم وكالة الفضاء المصرية أن المركبة آمون سيتم اطلاقها الى الفضاء الخارجي يوم,OBJ
7337,شبكة رصد الإخبارية/ #رصد| #عاجل #مصر | نقلا عن وكالة الأناضول : إحالة أوراق 638 - عبر تطبيق نبض,OBJ
7338,#الهولوكوست أبشع جريمة عرفتها البشرية في العصر الحديث,NEG
7339,من ترك شيئًا لله عوضه الله خيرًا منه,OBJ
7340,أين المجلس الاستشاري الآن؟ ألم يدرك أعضائه بعد خطأ الانضمام إليه؟ أين الحكومة وصلاحياتها الواسعة؟ أخطاء تتراكم ودولة نريد حمايتها في أزمة,OBJ
7341,بعد الفاصل دعلاء الأسواني ضيف برنامج العاشرة مساءً مع الاعلامي الاستاذ وائل الابراشي على قناة دريم,OBJ
7342,احسن ميلف فى مصر #فيفي_عبده_الام_المثالية,POS
7343,#المملكة #جدة #جده #الرياض #الدمام #الخبر #ينبع #الشرقية #مكة #المدينة_المنورة #السعودية 7 #1فاضي,OBJ
7344,الاحتفال بـ هذي الطريقه بأذن الله ستكون حاضره غداً امام جماهير ميونخ… مفضله #ريال_مدريد #الكالما ️,OBJ
7345,"3 تصدق؟ انت ماتفرقش حاجة عنهم؟ لاني ولا قلت فصيل ""وتني"" و لا ناديت بعدم ""الاكساء""ولا طالبت بالمصالحة",NEUTRAL
7346,علاقتى بالمذاكرة زى علاقتى بكيس الشيبسي #الجامبو افتح اقفل وكل مرة زى #اول_مرة :),OBJ
7347,للوطن وللديمقراطية ولدولة مدنية هي حق لنا جميعا: 1) عارضت الإعلان الدستوري المكمل منذ اللحظة الأولى وأؤيد قرار رئيس الجمهورية القاضي بإلغائه,NEUTRAL
7348,امل محمود فى ذمة اللهرحلة عطاء ومقاومة باسلة ستبقى فخرا لجيلنااالهم اجزها خيرا عنا وبواسع رحمتك ادخلها واسع جنتك,POS
7349,الاعتداء على الثوار غير مقبول ويعبر عن سياسات تنتمى للعهد البائد نطلب محاسبة المسئولين عن جريمة أمس وسرعة الاستجابة لمطالب الثورة,NEUTRAL
7350,للأسف لا معلومات إلى الآن عن هاني سمير لوقا، بقية الأسماء في النيابة، محمود القرش في طرة وعرض على النيابة وسيعرض غدا مرة أخرى,OBJ
7351,سأكون معكم الآن على المنتدى لمناقشة ما جاء في الحلقة السادسة من برنامج قصة الأندلس,OBJ
7352,#غرد_بذكر_الله #اذكر_الله #حصن_المسلم,NEG
7353,التعليم في مصر ولله محتاج يتدمر من القاعدة ويتعمل له اعادة تدوير #كلام_و_كلام #يوسف_الحسيني #السادة_…,NEUTRAL
7354,شاهدة عيان: بضع مئات من الإخوان يحتشدون في المهندسين و و يغلقون شارع جامعة الدول العربية يحرقون الإطارات و يروعون الناس #مصر,OBJ
7355,": دفعولك كام يا ساويرس الرد : "" حد قالك انى مزنوق """,NEUTRAL
7356,2525 أنا برضه اللي بتكلم زي عمر سليمان؟ ده شكله متعلم منكم وبكل أمانة أنا كنت أحترمكم أيضاً ولكن كفاية وهم لحد هنا,NEUTRAL
7357,_ يسعدني أن المرة الوحيدة التي سأظهره فيها في رمضان ستكون مع الأستاذ,POS
7358,(وإنما الأمم الأخلاق ما بقيت فـإن هُمُوُ ذهبــت أخـلاقهم ذهــبوا) #خلق_جميل #خلق_جميل,POS
7359,قناة الحافظ اسم على مسمي، انا حافتح قناة ليبرالية اسميها الفاهم,OBJ
7360,سي بي سي:جنايات #شبرا_الخيمة تقضي بمعاقبة سارقي سيارة القيادي الإخواني #محمد_البلتاجي بالسجن 10سنوات مع الشغل #,OBJ
7361,مدينة #السادات كانت كل المباني فيها تقريباً (مباني المدينة أو الجهاز) عليها سخانات شمسية,NEG
7362,هناك طريقان لنشر الضوء إما أن تكون شمعة أو تكون المرآة التي تعكس ضوءها أي الطريقين تختار ؟,OBJ
7363,الانقسام بين القوى الوطنية طبيعي ولكنه حدث قبل إنجاز اهداف الثورة فاستفاد منه النظام القديم يجب ان نضع الثورة قبل المصلحة السياسية,NEUTRAL
7364,الاعلان الدستورى بكل أبعاده وتداعياته ألم يكن يستحق الحوار ؟,OBJ
7365,د/ عبد المنعم أبو الفتوح: لا يحق للسلفيين او الاخوان او الازهر أن يتحدثوا باسم الاسلام ولكن يمكن لكل منهم أن يقدم,OBJ
7366,أوصيكم بقراءة هذا المقال شيخ المجاهدين في البيكادلي! بقلم خلف الحربي #العريفي_مصيف_في_لندن,OBJ
7367,مقال علاء الأسواني اليوم في جريدة النيو يورك تايمز,OBJ
7368,وجود #ميدو في مركز المدير الفني قادر انه يخليك مطمن علي #الزمالك لأنه مدير فني بعقليه المشجع خايف علي الزمالك و …,OBJ
7369,"اليوم شارك دعبد المنعم أبو الفتوح فى اطلاق مبادرة ""الثورة اولاً"" لإنهاء الانقسام حول الدستور والانتخابات",OBJ
7370,بيان صادر عن جبهة الضمير (بمناسبة مناقشة قانون السلطة القضائية بمجلس الشورى اليوم): تتوجه جبهة الضمير للسادة,OBJ
7371,الوطن | ماذا تنتظرون؟ | عمرو حمزاوي:,OBJ
7372,أيوه ولا آلو أبلج ولا لجلج؟,OBJ
7373,321 لم يحدث فى التاريخ أن مسيحى حتى قذف طوبة على جامع لأنة يرأة بيت للصلاة,OBJ
7374,693: النِعمة تحتاج للشكر،، وَالبَلاء يحتاج للصبر،، وَالذنَب يَحتاجُ للإستغفار،، (فمْن شكرَ و صَبر وَ اسْتغفَر نَال #السعادة) 50,OBJ
7375,"#يوسف_الحسيني احرق دم الاخوان وادبح بدل الخروف اتنين وأنصر الغلبان #السادة_المحترمون """,OBJ
7376,"#الشروق تعليقًا على فتوى ""برهامي"" لميس الحديدي: المواقع السلفية مواقع جنسية وحزب النور: دعم الشرعي #مصر",OBJ
7377,# أفضل عشرة مواقع #تبادل_رتويت #لايكات و #متابعين مجاني …,OBJ
7378,انا عشت اول سنة في تويتر ببضن عالناس كلها #اعترافات_ليلية,OBJ
7379,#شاهد معنا الان برنامج #الطبيب مع الاعلامية #ايناس_الليثي على #قناة_المحور,OBJ
7380,#اوعى_تنسى #الأقصى_في_خطر,OBJ
7381,#يوسف_الحسيني السياسة هي النجاح أو الفشل ، أما الدين فلا فشل فيه #نقطة_لقاء #,OBJ
7382,القضاة والمحامون يعلقون العمل بمحاكم الإسكندرية ودمنهور اعتراضاً على قرارات الرئيس,OBJ
7383,الأدمن: اتفرج على احلى مقاطع #امريكا_بالعربي حلقة,OBJ
7384,الشعب المصري يقرر ولا يطالب دعبد المنعم أبو الفتوح خلال مداخلة هاتفية مع يسري فودة,OBJ
7385,سيكتب التاريخ ان حركة 6ابريل ( بشقيها ) ضمت مجموعة من انبل واشجع شبان مصر كانوا طليعة الثورة ولازالوا يناضلون من اجل العدل والحرية,NEG
7386,#لماذا_العرب_متأخرين_عن_الأمم امه اقرأ لم تعد تقرأ امه تحيتها السلام عليكم ترددها قولا فقط ولا تدركهاولا تعمل بها الا من رحم ربي,OBJ
7387,"هل تعرف معنى اسم الله الصمد ؟ ""الصمد"" الذى يُقصد إليه فى قضاء الحوائج ""الصمد"" لا يحتاج إلى أحد و يحتاجه كلُ أحد",POS
7388,بعد سقوط الانقلاب سيكتب التاريخ أن مصر عاشت أسوأ وأسود أيامها من 3 يوليو 2013 والى يوم السقوط القريب ان شاء الله,OBJ
7389,* سعودي يستهبل على ذيب شوفوا وش صار له ~☺ !! ياشيييين الهيااااااااط بسسس ☻ #فيديو,OBJ
7390,هل تتحقق امنية علاء عبد الفتاح حين خرج من السجن و قال حنشوف بدين بيلعب في مناخيره في القفص؟,OBJ
7391,و لعل أسوء ما في هذا اليوم غيابك يا #باسم :-( = =,POS
7392,تم سرقة الصفحة الرسمية الخاصة بي على الفيس بوك : وجاري إنشاء صفحة جديدة,OBJ
7393,#نصف_الدنيا تأجيل #محاكمة_مرسي بأحداث #الأتحادية ل 3 مايو,OBJ
7394,شبكه اخبار #المحله| اعاده | فيديو مع اصحاب المحلات بالعباسى الجديد المتضريين من انشاء الكوبرى الجديد بميدان الشون,OBJ
7395,مصرىأولا و قبطي فخور و انت إيه و مين؟,OBJ
7396,يقولون #الدولة_الإسلامية_في_العراق_والشام المسؤولةعن #قطع المياه عن #حلب و #الحقيقة أن #جبهة_النصرة وحلفائها من قطعها,OBJ
7397,بلاغ للنائب العام ضد الرئيس مرسي يطالب بالتحقيق معه فى منع دخول قضاة الدستورية المحكمة,OBJ
7398,يسقط الرئيس عدلي منصور مقال اليوم مع خالص التحية وكل سنة وإحنا بندعي أننا طيبين,OBJ
7399,الأسواني : هل قتلت اسرائيل الفلسطينيين بالرصاص وهم يشيعون موتاهم الى قبورهم ؟! المقال كاملاً >> … …,OBJ
7400,ازاى ملكش دعوة بلبس البنت البنت اللى بتلبس لبس ديق هى اللى بتتحرش بالراجل,NEG
7401,شاهد - دسعد الحسيني: نترقب ما سوف يتم من بيان المشير #22 #,OBJ
7402,الإحباط طاقة جبارة يمكن أن تكون سلبية و يمكن أن تكون إيجابية,OBJ
7403,أحبكَ ربي جميل الصّفاتِ كريم العطايا وجزل الهِبات ِ فأنت الرحيم اللطيف الحليم وأوّل حُبّ يَـلُـمُّ الشتاتِ #أحبك_ربي,POS
7404,دأبو الفتوح يؤكد: مرشد الاخوان المسلمين سيصوت لى فى انتخابات الرئاسة!!!,OBJ
7405,سعدت بمحادثة #صاحب_السموالملكي_الامير_نواف_بن_فيصل هنأته ليس بالمدينةالرياضيةأوبنجاح حفل افتتاحها #هنأته على تشريف #الم…,POS
7406,#اكتب_عبارة_على_باب_قلبك,OBJ
7407,يلتقى د عمرو خالد معكم يوم الخميس القادم باذن الله بمسجد المجمع الإسلامى بالشيخ زايد بعد صلاة العشاء و لقاء جديد,OBJ
7408,#بيقولك_أعرف_بلدك القاهرةلقا، الأديان في مربع واحد هكذا أراد الله مصر واهلهاآمنين باذن الله #اخوان_ابليس,NEG
7409,اقرا ؟ خطر مشاهدة الافلام الاباحية _تفتك الدماغ,NEG
7410,#تخيل_لو_تويتر_اتقفل كله هيرجع للفيس !!,OBJ
7411,#طيب_نفسي كل الناس تبقى على طبيعتها و ميكدبوش على بعض #كيوت_أوي_أنا_في_نفسي,OBJ
7412,"الإخوان يمارسون الشحاتة بمنطق ""إنتو كفار وهتروحوا النار بس أبوس إيديكو ساعدونا يا كفار عشان ربنا ينصر الإسلام""",NEG
7413,إنهم يكتبونني,OBJ
7414,بيع متابعين #السعودية #الكويت #برشلونة #النصر #الهلال #الإتحاد #الإمارات #الرياض #الدمام #بوح #عمان #دبي #جدة 005,OBJ
7415,تولِّى #السيسي رئاسة مصر معناه انتهاء الحكم العسكري,OBJ
7416,بسمة أمل - تعلم الرضا عن الله,OBJ
7417,وزعلانين اذا رفعنا سعر التذاكر .. غصب عنك تدفع وانت ساكت عشان تشوف الاتحاد وجمهوره,NEG
7418,#انتخبوا_البرص,NEG
7419,الجمعية التأسيسية تنفي صحة كل ما نشر في الصحف حول اى بنود تم نشرها عن الدستور فى الصحف #مصر,OBJ
7420,8 :) كان حي الطبقة المتوسطة العليا في #مصر و ذهب اليه الكتاب و المثقفين المصريين بحثا عن مزيج نادر يتفق مع طبيعته,POS
7421,لو أنت من الناس اللي لم تؤيد أو تسكت عن ظلم أو فشل سواء في فترات #مبارك أو #المجلس_العسكري و #مرسي و #السيسي، قول,NEG
7422,⊙ لأول مرة في تشيلسي تتحقق جائزة أفضل لاعب شاب بالموسم منذُ أن فاز تيري بـ لاعب الموسم عام 2005  #تشيلسي ٰ …,OBJ
7423,شوفتوا المخدرات ممكن تعمل ايه في الإنسان #عمرو_خالد,OBJ
7424,الإلحاد والردة مرة أخرى (1) - باسم يوسف - بوابة الشروق,OBJ
7425,في دلجة بيتم توقيع جزية على الأقباط وكأن مفيش دولة #يوسف_الحسينى #الساده_المحترمون,OBJ
7426,اللهم احرسني بعينك التي لا تنام، واكْنُفْني بركنك الذي لا يُرام، لا أهْلِكُ وأنت رجائي، رب ! كم من نعمة أنعمت بها,POS
7427,7 #شخص_تتمنى_له_عاما_سعيدا_2014,OBJ
7428,من تظاهروا دفاعاعن الدستور والعدالة الاجتماعيةوالقصاص للشهداء شرفوا ثورتهم،والذين تصدوا لهم بالعنف أهانوا جماعتهمستبقى الثورة سلمية وستنتصر,OBJ
7429,شاهد - آخر كلام: حصار الاتحادية وماذا بعد؟ محاولة للفهم #,OBJ
7430,لكل عملة وجهان الانقلاب الدموى قتل واصاب واعتقل مائة الف مصرى لكنه كشف المعدن الحقيقي لاعظم شعوب الدنيا شاهده العالم باعجاب اليوم,NEUTRAL
7431,الشعب لن ينكسر 93 يوما منذ الانقلاب العسكرى رصاص وخرطوش وغاز وضرب وسجن كل ذلك لم يقلل الحشود سننتصر,OBJ
7432,تحية وتقدير لچورچ اسحاق ستبقى دائمًا رمزًا للشجاعة والوطنية وإنكار الذات الثورة مدينة لك بالكثير,POS
7433,"#لو_ده_جنان_اتجنن لما تلاقي فى الامتحان سؤال مش عارف اجابته اكتب "" أنا سعيد إنك سألتنى السؤال ده "" :)",OBJ
7434,مفيش حاجه اسمها #عيب فى حاجه اسمها #حرام الخوف بيكون من #ربنا مش الناس !,NEUTRAL
7435,"#رصد| أصحاب محلات العباسي الجديد بـ #المحلة_الكبرى : المحافظ استهزأ بينا و بيقولنا ""نبقى نعملكم",OBJ
7436,#الشبراوية_مع_الشرعية|#حاميها_حراميها الآن من مسيرة #شبرا_الخيمة أمام مسجد الدالي #العز_بن_عبدالسلام,OBJ
7437,"#الموجز ""#مصر_القوية"": حكم #جنايات_المنيا اليوم هو الأقصى فى تاريخ #مصر",OBJ
7438,2- وبعد جهود مضنية لي ولشخصيات عديدة، تم كسر الحاجز الثلجي بين و وإذابته، كما يتضح من شكل,OBJ
7439,#سوريا_فى_القلب سبحان من وضع في قلب العربي سوريا و اليمن والصومال ومصر وليبيا وتونس والبحرين والكويت بلاد العرب في ال,POS
7440,_: عاجل: حبس البير صابر 3 سنوات وكفالة 1000 جنيه في قضية ازدراء الاديان,OBJ
7441,أحداث #المسجد_الأقصى تشير إلى قرب اشتعال انتفاضة جديدة #,OBJ
7442,كسرنا الشرطة وقادرين على كسرها تاني وثالث وعاشر #السادة_المحترمون,OBJ
7443,ما مشروعية الثورة وما الموقف من أولي الأمر بين الطاعة لهم والخروج عليهم وما أساس الخلاف بين فقهاء الثورة وفقهاء السلطة؟,NEUTRAL
7444,10: #اكتب_عبارة_على_باب_قلبك لا يسكنه الا المتميزون وفي النهايه يخذلونگ,OBJ
7445,== #قحبة #حب #بكارة #زب_كبير #مساج #دلوعة #تونس #بيروت,OBJ
7446,ندوة بالقاهرة وندوتان بالأسكندرية للدكتور علاء الأسواني >>التفاصيل>> >> الأدمن,OBJ
7447,#خريجات_جامعيات_قديمات_عاطلات #ظلم #حرمان #طموح #الم #قهر #معلمات,NEG
7448,عندما يكون طموح انسان أن يبوس البيادة او يجلس تحتها حتى لو باع كرامته وشرفه وأهله ثورة دى ولا انحطاط,NEG
7449,شبيسى ليز اللى كان عليه طماطمية كبيرة #مقدرش_انسى,POS
7450,-نوران ازيك -الحمد لله -وحشانى مابتسأليش ليه -وانتِ مش وحشانى ،انا اصلاً مابطئكيش ،ولا انتِ ، ادخلى فالموضوع عاوزه منى ايه ؟! #فى_عالم_موازى,OBJ
7451,احصائيات التوحد في السعودية الأعلى في منطقة مكة المكرمة يليها الرياض,OBJ
7452,#مصر_القوية | #حدث_في_مثل_هذا_اليوم 28 أبريل 1989 الرئيس الفرنسي شارل ديغول يستقيل من منصبه ويعلن اعتزاله للعمل,OBJ
7453,#كلمة_بكره_اسمعها قومي زاكري,OBJ
7454,رحم الله شهداء الواجب الوطنى على حدودنا، وادعو لجنازة شعبية حاشدة ضد الارهاب والطائفية الدم المصرى حرام,NEUTRAL
7455,بالضبط نفس الكلام ينطبق عشان كده بنقول التهم دي استخدامها = قصر لحرية التعبير لينا كلنا!,OBJ
7456,خمس الاف متابع بـ 200 ريال #سلمان_العودة #تغريدة #اقتباس #طارق #السويدان #طارق_السويدان #أعجبني #العريفي # 337,OBJ
7457,أفضل لاعب يالعالم يرد على المشككين بهدف آخر من ماركة #رونالدو و يعلن نفسه من الشهر الرابع أقوى المرشحين للكرة الذهبية,POS
7458,"تناقش حلقة الجمعة من برنامج ""آخر كلام"" مستقبل السودان ضيوفها ياسر عرمان نائب الأمين العام للحركة الشعبية لتحرير",OBJ
7459,بدون استعادة الأمن وتصحيح المسار سنظل ندور حول انفسنا غارقين فى الصغائر غافلين عن التدهور الإقتصادى والإستقطاب الإجتماعى,NEG
7460,"تعرضت لحفل تعذيب فى ""النهضة"" على أيدى ""الإخوان"" لرفعي صورة ""السيسى""",OBJ
7461,الإعتراض على الإخوان لا يعني دعم الفلول هو لو ما كانش جالنا حسني مبارك كانت بلوتنا تبقى كده؟ هو اللي جرفها وهانها وخربها,OBJ
7462,جزاك الله عنا خيراً يا رسول الله #الحبيب,POS
7463,جولة #السوري الحر بدرعا || جولة مع أمير الإقتحام #جبهة النصرة في تل الجا: عبر,POS
7464,المقاطعة الشاملة للانتخابات كان يحب الحشد لها حتى تكون مؤثرة اما المقاطعة الفردية فهى اجمل هدية نقدمها للفلول هم يشترون الاصوات ونحن نبددها,NEUTRAL
7465,"أسرة مسلسل ""السيدة الأولي"" تنتقل للتصوير باستوديو الأهرام بطولة #غادة_عبدالرازق و #ممدوح_عبدالعليم #",OBJ
7466,يخربتك يا #مارك عمل #اللايك بصوت لسة عاملها حالا جربوها كدة,OBJ
7467,حقيقة 2: خامة صوت آخرين غير حليم وإمكاناتهم درجة أولى لكنهم بالجهل و الكسل حولوها إلى درجة تانية درس عظيم لمن يتفكرون #,NEUTRAL
7468,#أوباما يدين انتهاك #حقوق #المسلمين بـ #ميانمار #أمريكا #أراكان #خبر,OBJ
7469,ازاي البرادعي يقول ان الهولوكوست مأساة انسانية و ان بوذا ممكن يكون نبي و ان السلفيين متطرفين و يطالب بعودة اليهودايه؟ده عصام العريان؟,NEG
7470,#دكتور_جميل_القدسي_الدويك #قطر #القمح #المبرعم #يعطي #طاقة #اكبر دكتور ايهما افضل للمكتئب عشبة القمح ام,OBJ
7471,راشد او مطلق ولد خالها أو ولد عمها بعدين تنتقل للإحتراف الخارجي ☺️ هههههههههههههه…,OBJ
7472,5 ألم أقل لكم إنها ممارسة فاضحة لازدواجية المعايير وتخوين المعارضين أملي أن لا تبتلع بعض قطاعات الرأي العام الطعم مجددا,NEG
7473,آخر كلام: د عبدالمنعم أبو الفتوح - موجة الثورة الثانية,OBJ
7474,"مقال #عمرو_حمزاوي ""مرحلة جديدة من تزييف الوعي"" مسموعا من موقع #اقرأ_لي",NEG
7475,اللجنة التأسيسية باطلة والاعلان الدستوري باطل والدستور نفسه باطل والاستفتاء سيكون باطلا أقسمتم على طاعة المرشد ونحن أقسمنا على حماية الثورة,NEG
7476,"نيابة #أكتوبر تأمر بحبس ""محرز"" 15 يومًا بعد تسلم تحريات #الأمن الوطني - #البديل للتفاصيل",OBJ
7477,من يعطل القانون مجرم ولا حرج في سبه,OBJ
7478,شاهد - آخر كلام: يسري فوده في ضيافة باسم يوسف #,OBJ
7479,تقوم مؤسسة نبني بتنظيم معرض لملابس المستعملة والجديده في منشية ناصر يوم ٤ مايو،للتبرع الاتصال 01008880090,OBJ
7480,وكان العالم اصبح يقتضى بك ياعالمى #ميدو_مدربا_للزمالك ثم #سيدورف_مدربا_للميلان واخيرا,OBJ
7481,‏ الأسواني:ماذا فعلوا الأخوان رداًعلى سحل فتاة وتعريتها وقتل العشرات من قبل العسكر الذين كانوا متحالفين معهم آنذاك؟>,NEG
7482,انتهاكات الانقلاب القمعية فى جامعة الاسكندرية وصلت مداها باصابات واعتقالات انقذنا يا عزيز يا جبار من طغمة الاستعمار,NEG
7483,الإنسان الناجح، هو من يظل يبحث عن عمل، بعد أن يجد وظيفة#عمرو_خالد,OBJ
7484,#هلا_فبراير_مع_عبدالعزيز_كسار #هلا_فبراير,OBJ
7485,روحي اقرأي وانت تعرفي أن كلامك غير مضبوط,OBJ
7486,بل لغربتي عن ذاتي الكاتبة والباحثة مع كثافة تدفق تفاصيل الانتخابات,OBJ
7487,عرض الاسبوع 36 ألف متابع #وش_أكثر_شي_يسهرك #صيام_الإثنين #خد_موقف_من #صلاة_الوتر #فى_تويتر_تلاقى #الدمام [860889],OBJ
7488,قصدك اللى مش عليه,OBJ
7489,من قام ليلة القدر إيماناً واحتساباً غُفر له ما تقدم من ذنبه قف بين يدى الرحمن وأطل الوقوف وقل يا رب أتيتك بذنوب كثيرة و أنت العفو الكريم,POS
7490,دكتوراه فخرية فى القانون من كلية ترينيتى العريقه فى دبلن تكريمى هو تكريم لكل مصرى,OBJ
7491,#مباشر_مصر #المنصورة اندلع حريق هائل بمسجد السلاب الكائن فى شارع المشاية بمدينة المنصورة منذ قليل دون معرفة …,OBJ
7492,#فلل للبيع في #طرابزون #تركيا بأسعار تبدأ من ٥٠٠ الف ريال سعودي #عقارات #استثمار #عقار #الكويت #السعودية #الامارات,OBJ
7493,#عن #جواز_الصالونات اللي بيتعب الاعصاب,NEG
7494,الهيئة_العامة #سوريا #ملخص أهم أحداث حمص المحتلة ليوم 27/ 4 / 2014 حتى الساعة,OBJ
7495,مش ذنبي إنك دخلت السياسة بعد الثورة وماسمعتش عن عرض جامعة الأزهر اللي شباب الإخوان لبسوا فيه أقنعة واتحبسواراجع الأرشيف قبل ما تفتي,OBJ
7496,ما هي صفة مكتب الارشاد ليجتمع لبحث حكم المحكمة الدستورية، هو مرسي واخد بكرة مرضي؟,NEG
7497,هل اعتدى #الاخوان على الكنائس كما فعلت شرطة العادلي؟هل كمموا الأفواه وصادروا حريتكم وأنتم تسبونهم وتسخرون منهم ومن رئيس…,OBJ
7498,سامي عنان يعتذر عن ما بدر منه من أخطاء خلال المرحلة الإنتقالية # #,OBJ
7499,الآن: أ حمدين صباحي بعد إعلانه نيته الترشح للرئاسة في آخر كلام على 12053 - 12398 #,OBJ
7500,التوحد و ثورة جديدة,OBJ
7501,المفاصلة بين الشعوب العربية وطغاتها الفاشيين مثل #الأسد و #السيسي حربُ وجود لا حدود فلا مجال فيها للحلول الوسط أو التلاقي ف…,NEG
7502,ما هو حجم المأساة التى ستحرك الشعور بالمسؤولية والإحساس الانسانى لدى من هم في السلطة ليظهر أحدهم ويخاطب الشعب بشجاعة ومصداقية ؟,NEUTRAL
7503,اختار نشاااطك في قافلة #حطم_اصنام :) و قلناا اى فرع !!! #اسلوب_حياة,OBJ
7504,مشاغل #الوقت تاخذنا عن #الطاعه والناس ماتت ولا قضت مشاغلّها يارب لطفك بنا لا قامت الساعه في يومٍ #النفس تبكي من عمايلها,OBJ
7505,من أقوال أبو الفتوح: ليس هناك مجال للحرية بالمعنى المطلق، فلابد أن تنتظم تلك الحرية مع قيم المجتمع ومبادئه وأعرافه,OBJ
7506,اهلا بكم في فرع وسط البلد اوقات الدوام الرسمي للفرع من الساعه 8 صباحا وحتى الساعه 10 مساءا # #العلاونة_للصرافة #وسط_البلد,OBJ
7507,تأثرت بشدة حينما علمت أن شباب في عمر 13 و17 طلبا من والديهما أن يعانقاني للتعبير عن حبهما لي الآمل يكبر,OBJ
7508,محمد فوزي شاعر المنصوره الحريه للجدعان #الحريه_لطلاب_صيدله_المنصوره,OBJ
7509,د علاء الأسواني: هل نذكر معاً المطالب التي خرج من أجلها الملايين ؟! أقرأ المقال كاملاً على هذا الرابظ:,NEG
7510,تهنئة من القلب لكل مصرى ومصرية بإقرار حق المصريين فى الخارج فى التصويت كلنا مصريون,POS
7511,تدوينة عن معركة الجمل: متى نحاسب المسؤولين عن قتل وإصابة آلاف المصريين:,OBJ
7512,كان رسول الله - صلى الله عليه وسلم - أخفَّ الناس صلاةً على النَّاس، وأطول الناس صلاةً لنفسه #نشر_سيرته #,OBJ
7513,حزب النور سيشارك فى لجنة الدستور حزب النور يعمل دوشة فى كل موضوع وفى الاخر يطلع عيل,NEG
7514,اندية الدورى تقاضى اتحاد الاذاعة والتليفزيون للحصول على اموالها الضائعة ودرية تقولهم: فتشنى فتش!!,OBJ
7515,سمحت الجمعية لأربعة من المنسحبين بالعودة على الرغم من ان لائحتها تستوجب فصلهم--يعني جمعية بتف على لائحتها,OBJ
7516,#حلب:: #الشيخ_نجار: قوات #الأسد تقصف المدينة الصناعية ببرميلين متفجرين #أنقذوا_حلب #_ #,OBJ
7517," #الإخوان يفرشون ""ملاية #رابعة"" للنظام ونشطاء: صامدون ونحن نائمون #مصر #الإخوان #الإرهاب #الحكومة",OBJ
7518,الليلة في الاسكندرية العرض المسرحي المترجم للفرقة المسرحية الفرنسية التي تقدم رواية شيكاجو للأسواني،التفاصيل >> …,OBJ
7519,رمز الجد والسخرية,NEUTRAL
7520,_ 25 # تدعون للدين وتنشرون الأكاذيب، لم أكن أبدا عضوا بالوطني انتم تتاجرون بالدين,NEG
7521,البوابة نيوز: #أردوغان: التنصت على الآخرين ليس من أخلاق الإسلام:,OBJ
7522,#يوسف_الحسيني مصر اتخذت قرار بالوقوف في اتجاه معاكس للإرادة الامريكية لأول مرة منذ 40 علما كاملة و في تحد واضح لوجهات نظر الك…,OBJ
7523,ضيف ايه بس انت صاحب بيت :),OBJ
7524,لماذا تحول الباحث المتميز في العلوم السياسية من تأييد مرسي إلى معارضتهمقال رائع لا ينصح بقراءته لجميع أنواع الخرفان,NEUTRAL
7525,هل نحن فقراء فعلاً ؟,OBJ
7526,هاهاهاهاهاها,POS
7527,المشهد المصري الراهن مع علاء الأسواني و بلال فضل في آخر كلام ١١م,OBJ
7528,اصحاب المحلات فى شرم احتفلوا بالانقلاب واذاعوا تسلم الايادى اليوم تظاهروا ضد الانقلاب بكره تشوفو مصر,NEG
7529,اسمعي اللقاء كاملا وسيبك من الكلام المقتطع من سياقه:,OBJ
7530,"إذا تتوقع إنتصار #تشيلسي اليوم ضد ليفربول "" ريتويت"" #ليفربول_تشيلسي",OBJ
7531,1 تم الاستماع إلى أقوالي اليوم في البلاغ المقدم من أحد المحامين، وليس من قضاة، ضدي في ١٧ يونيو ٢٠١٣ بزعم أن إحدى التغريدات بها إهانة للقضاء,NEG
7532,مبروك ومبروك - ولكل الزملاء واشكر كل من ساهم بانجاح هذا الانجاز الراقي اليوم #نقابة_الصحفيين,POS
7533,إنهاء كامل للطوارئ دون استثناء,OBJ
7534,رفض الخديوى عباس حلمى الثانى ملك مصر طاعة الانجليز وخيانة الاتراك فى الحرب العالمية الاولى فعزلوه,OBJ
7535,شاهد - آخر كلام: طبيعة قنابل الغاز وكيفية مواجهتها #,OBJ
7536,إحنا إعلام نكدي والمسئول الأول عن حالة الكأبة الموجودة على وشوش المصريين …,NEG
7537,خروج الأقباط في الثورة ازعج نظام مبارك وقد تم تنفيذ مذبحة ماسبيرو من اجل ترويع الأقباط ليعودوا الى وضع الأقلية لكن المذبحة فشلت في هدفها,OBJ
7538,#الكويت #السعوديه #البحرين #قطر #ا?مارات #عمان #العراق #مصر #تونس #الجزائر #المغرب #ا?ردن #السودان #لبنان 21,OBJ
7539,"#محافظ_القاهرة: إزالة العقارات المخالفة بالقرب من ""#المحكمة_الدستورية"" لحماية المواطنين",POS
7540,#تحيا_مصر # #Ä #سأنتخب_السيسي !!!!!!!!!!!,NEUTRAL
7541,للقضاء على الزحام ممكن يعملوا ترام ويلغوا تماماً ميكروباصات الأجرة ويوفروا اي عمل بديل لسائقي الميكروباص عشان ما يتقطعش عيشهم,OBJ
7542,أتذكر البرلمان الإسلامي الذي طالب بقتل الذين يتهجمون على وزارة الداخلية كما تدين تدان,NEG
7543,في #يوم_المرأة_العالمي نتذكر ليلى خالد ، فلسطينية مناضلة ضد الإحتلال الإسرائيلي وأول إمرأة تقوم بخطف أكثر من طائرة …,POS
7544,الله حي التانى جاى 16-01-2011,OBJ
7545,الآن والقائمة الوطنية الموحدة تبدو هدفا بعيد المنال، لا بديل عن ضمان التنسيق السياسي بين الأحزاب والقوى الوطنية,OBJ
7546,"هام: على السلطة الحاكمة أن تحترم الشعب المصري وتخبرنا عن خارطة الطريق إذا صوت غالبيتهم بـ ""لا"":",OBJ
7547,لا يجوز في مصر الثورة أن يُحرم الوطنيون الشرفاء أي من حقوقهم السياسية سواء بأحكام ظالمة في العهد البائد أو تحت دعاوي تحتاج لتوثيق,NEUTRAL
7548,نقطة ضعفي الحلويات والمكسرات البشامل الاكل عموما,NEUTRAL
7549,اكتف بالعمل ودع الآخرين يتكلمون,OBJ
7550,وترجمنا في مجلس الشعب إسقاط العسكري بمشاريع قوانين لتبكير الرئاسة لا تحتمل مصر المزيد من الدماء والقتل على العسكري الرحيل,OBJ
7551,حفل خيري يذهب دخله لمساعدة الأطفال في عزبة خير الله....,OBJ
7552,ماذا تفعل المعدة اذا فاجأها الكبد بضربة قاتلة؟ انها مصر ضرباتنا القاتلة تأتينا ممن كانوا أهلنا وجيراننا وابنائنا,NEG
7553,حسب الأنظمة والإجراءات المتبعة في الداخلية أجبر هؤلاء على تقبيل أحذية الضباط يوم الأربعاء الفائت #البحرين #اعتقال …,OBJ
7554,شاهد - آخر كلام: عام على مذبحة ماسبيرو #,OBJ
7555,يا رب لك الحمد أن جمعت شمل أسرتي,POS
7556,احاااه على ده انفجار انا اتشقلبت من ع السرير #المعادى,OBJ
7557,سيتم اليوم الإعلان عن مزيد من العقوبات بحق #روسيا بسبب موقفها في #أوكرانيا #أمريكا,OBJ
7558,"13 ""جولة ميدانية مدينة نصر - الحي العاشر""",OBJ
7559,عقود الفُل و اللهو في الحديقة وشجرة الجوافة و زهر الليمونهل تذكرين؟! عيناك تبزغان من قلب الصمت نجمتان و حياة #كلام_لها_وحدها #كلام_في_الحب,OBJ
7560,الليلة 11 مساءً #السادة_المحترمون، مع #يوسف_الحسيني على # ضيف الحلقة محمود بدر …,OBJ
7561,اه يا مجلس يابن الحرام قتلوا #الألتراس الأحرار علشان هما من #الثوار يسقط يسقط حكم #العسكر,OBJ
7562,قطار تحرير العالم العربي من الاحتلال المحلي غادر المحطة ولن يتوقف أبشروا، الحلم يتحول سريعًا إلى حقيقة,OBJ
7563,خريطة المسيرات والتظاهرات للإحتشاد في ميادين مصر اليوم # #,OBJ
7564,(اللهم أعوذ برضاك من سخطك، وبمعافاتك من عقوبتك، وأعوذ بك منك، لا أحصي ثناءً عليك، أنت كما أثنيت على نفسك) #اللهم,OBJ
7565,"#الشروق | #مصر فى المركز الأخير ""عالميًا"" فى جودة المدارس وكفاءة التعليم الأساسى # #…",OBJ
7566,من حق الطلاب يعملوا مجلس طلابي ويمارسوا العمل البرلماني بحرية تامة ترسيخ مبدأ ال #ديموقراطية #لو_أصبحت_وزير_التعليم,OBJ
7567,ده كان كلامـــــــــي في الشوط الاول #الزمالك #الزمالك_الافريقي #الاهلي #بتروجيت #مصر,OBJ
7568,وماحدش هيضيع البلد غير الجبان والواطي والحقير عديم الذمة اللي عمره ما بيقبل على نفسه ما يقبله على غيره من كتر ما هو خائف وجبان,NEG
7569,البيان الصحفي ليوم الجمعة 11نوفمبر2011البرلمان القادم تتضاعف أهميته لأنه سيضع الدستور,OBJ
7570,من ذكريات صفحتنا || 10 سبتمبر 2011,OBJ
7571,د أبو الفتوح في العاشرة مساء : لن نقبل مستبدا يحكم مصر,OBJ
7572,طبقاً لقوانين الطبيعة أي تنظيم بيكذب ويصدق كذبه يبقى لازم يخسر وبسرعة,OBJ
7573,ابراهيم عقل نموذجا! #,POS
7574,عندكم (نت) سرعة هدف لويس ليال ، #الاهلي #الاتحاد,OBJ
7575,مين بين كل الناس اللي اتصدمت في تأييدهم للسيسي صدمتي في #حمدي_قنديل لا توصف!! وتأكيد على مبدأ: #أوعى_تتفاجيء !!,NEG
7576,صناعة الكذب ! #الجزيرة,NEG
7577,9: #النصر #متصدر_لاتكلمني #بعترف_أني #عيد_الحب #غرد_بصورة #اليمن #حضرموت #تصويري #دوري_جميل #الهلال ,OBJ
7578,#اعترافات_ليبروفاشي_خليجي (#الفاشية) تظهر واضحة وضوح الشمس في التنظيم الهرمي #الاخواني الذي أسّسه #حسن_البنا (الأسر، المناطق…,NEG
7579,يرجي من الصحفيين والإعلاميين عند تعرضهم لانتهاك أو قبض او اعتداء التواصل علي الخط الساخن بمؤسسة حرية الفك,OBJ
7580,الاخوان سيضاعفون اعتصاماتهم الإجرامية وغاراتهم المسلحة لأنهم تحت حماية امريكا وحكومتنا تتفرج وتحدثناعن اهمية التسامح طبقوا القانون اوارحلوا,NEG
7581,#الثورة_العراقية :: الانتحابات(بالحاء) العراق :: تفجير عدد من المراكز الانتخابية في مختلف المحافظات منها الانبار,OBJ
7582,أحب السفر إلى أمي في العيد نفس الطريق الذي قطعته ألاف المرات محشوراً في بيجو 504 سبعة راكب مليئاً بالأحلام,OBJ
7583,خدم السفاره الأمريكيه في جمهوريه مصر العربيه #ابوالفتوح #حمدين_صباحي #باسم_طلع_حرامى وبتاع حزب الوسط,OBJ
7584,الإخوان يكتبوا بالانجليزي عشان يستقووا بالخارج مافيهاش مشكلة لكن لو انت عملت كده تبقى عميل,NEG
7585,القوى الثورية تدعو لمسيرات إسقاط الإعلان الدستوري الثلاثاء,OBJ
7586,الأسواني: لو أن صحيفة مصرية نشرت واقعة تؤكد أن أحد قيادات الاخوان قد تحرش جنسيا بأحد شباب الاخوان >> المقال كاملاً>> …,OBJ
7587,"_ وتناسوا القرآن""لا يجرمنكم شنآن قوم"" و""لاتقعدوا معهم حتى يخوضوا في حديث غيره""وتحولوا لاسلوب واحدة بواحدة وهم من نشروا الفيلم",OBJ
7588,3 شكرا للتعديل,NEG
7589,قانون الضرائب الذي يتم تطبيقه على اسرة ساويرس هل هو ذات القانون الذي يطبق على خيرت الشاطر وحسن مالك ام ان القانون يتعطل امام أثرياء الاخوان,OBJ
7590,"سعوديون يقاطعون ""المبيدات"" بعد ضجة ""مخاطر الفوسفين"" #السعودية #الفوسفين #الصحة",OBJ
7591,"تحالف بين #أنصار_بيت_المقدس و #الحرس_الثوري لتنفيذ عمليات ""إرهابية"" في مصر #مصر #الإخوان #المد_الشيعي #عمليات_إرهابية",NEG
7592,# بالصور أنصار مرسي يحرقون كنيسة ومدرعة للجيش بالسويس,POS
7593,إحالة #فاروق_حسني وزير الثقافة الأسبق للجنايات بتهمة الكسب غير المشروع,OBJ
7594," حبيبان نحن الى ان ينام القمر !  #جوهرة #محمود درويش """,POS
7595,د أبو الفتوح: من حق الشعوب أن تعيش بحرية و كرامة و أن تتمتع بثروتها و هي حق طبيعي لهم في مؤتمر التحول من,OBJ
7596,1 قبل ٣٠ يونيو وخلال الأيام الماضية سجلت أكثر من مرة أن الإخوان وحلفائهم في اليمين الديني سيرفعون من الأسهم المجتمعية لدعاة رفضهم الصريح,OBJ
7597,حرية الحركة الطلابية وحقها فى العمل السياسى جزءأصيل من الحريات العامة التى ناضلنا من أجلها منذ السبعينياتالثورة تفرض لائحة طلابية ديمقراطية,POS
7598,عندما اندلع التصفيق الحاد لتكريم مرسي لفتاة مسيحية في مسابقة المولد النبوي شعرت أن كثيرا من الحاضرين يصفقون لأنهم ينتظرون منها إعلان إسلامها,NEUTRAL
7599,يوسف الحسيني يشكر قناة الجزيرة عبر,OBJ
7600,اليوم محاكمة المتهمين في قتل متظاهري #الاتحادية,OBJ
7601,ارسم حزنك وتفريحك #محمد_محمود المجد للي كانوا هنا :) الفكرة لا تموت,OBJ
7602,أنا آسف نسيت وعدي بإني أنزل شوية حاجات من المعصرة بتاعة اللي فاتهاعمل كده كمان شويةموضوع الإستزراع الزراعي عمل لي إستغراب إستغرابي,OBJ
7603,«الداخلية» ترد بقوة على عمرو حمزاوي,OBJ
7604,الدين الداخلي في مصر يمثل كارثة وليس الدين الخارجي #السادة_المحترمون,NEG
7605,انا مبحبش الناس الأوفر انا مبحبش الناس عموما !! #اعترافات_ليلية,NEG
7606,سكرتير عام جامعة الدول العربية يدعو إلى عقد قمة عربية لمكافحة الإرهاب …,OBJ
7607,إلى حد البكاءِ على يديكِ، أحاول أن أغني، و أعرف أنني وطنٌ و منفى، و أني لست مني، و لكني، أحاولُ أن أغني، حين أبكي,NEUTRAL
7608,تلتقون بعد دقائق مع الدكتور عمرو خالد و الدكتور أحمد جمال الدين على قناة فى برنامج (هنا العاصمة) تقديم,OBJ
7609,اليوم اختبار حقيقي لمجلس الشعب اما ان يكون على مستوى المسئولية فيكتسب الشرعية و احترام الناس وأمان ان يتواطا مع العسكري فيخسر كل شيء,NEUTRAL
7610,ده على أساس إن مصر مستنية كل تويتة أكتبها هزار أو جد مثلا؟,OBJ
7611,#شخص_تتمنى_له_عاما_سعيدا_2014 _,OBJ
7612,_: سي بي سي:جنايات #شبرا_الخيمة تقضي بمعاقبة سارقي سيارة القيادي الإخواني #محمد_البلتاجي بالسجن 10سنوات مع الشغل # يحيا العدل,OBJ
7613,الندوة الأسبوعية للدكتور علاء الأسواني الخميس القادم - بمركز شبابيك بالمقطم,OBJ
7614,#جواز_الصالونات :3,OBJ
7615,شاهد - آخر كلام: علاء عبدالفتاح أيقونة الإرادة والمثابرة #,OBJ
7616,ثوار #عين_شمس موعدنا في الفاعلية الثانية لليوم الجمعة 2 مايو 2014 بعد صلاة العشاء من أمام مسجد حمزة بن عبد المطلب,OBJ
7617,"بالفيديو عضو بحملته الانتخابية: #السيسي لا يقابلنا لأنه ""مرشح غير عادي"" ويعشق لقب #المشير ولا يزال متمسكا به",POS
7618,#سوريا #ريف_دمشق الثوار يستهدفون مواقع قوات النظام على جبهة #المرج في الغوطة الشرقية بقذائف الهاون ويحققون اصابات مباشرة,OBJ
7619,ادعو المصريين الى مشاهدة توثيق مذبحة الاتحادية التى جمعها الاستاذ عمر طاهر سحل وضرب رصاص وتعذيب البنات لن تفلتوا من الحساب أيها الاخوان,NEG
7620,ضد الظلم مع باسم #ثورة_25_يناير #باسم_رئيسا_لمصر #انتخبوا_,NEUTRAL
7621,:) :) #هاشتاج #صاحب_يتصاحب تابعونا وكمان تقدروا ع صفحتنا ع فيس بوك وتويتر تشاركونا ومن رابط الاستماع فى أول,NEG
7622,باربارا وأولاد السوءقراءة في مذكرات المذيعة الأمريكية الأشهر باربارا وولترز وعلاقتها بالسادات,OBJ
7623,#إشتون | إسرائيل تخطط ﻹستنزاف الجيش المصري وتقويض قوته عبر جره إلى حرب بالوكالة ضد #غزة، والجماعات المسلحة في #سيناء! …,OBJ
7624,تفاقم أزمة #أوكرانيا يهدد واردات #القمح إلى الدول العربية,OBJ
7625,عضو في #مجلس #الشعب #السوري #ماهر عبد الحفيظ #حجار يعلن ترشيح نفسه #للانتخابات #الرئاسية,OBJ
7626,يوم الأحد الساعة 10ص أمام محكمة طنطا لرفض اعتقال المتظاهرين وزميلنا بالجبهة خالد الدويكنظام الإخوان مستمر في تصفية معارضيهم,OBJ
7627,#انتخبوا_ بقت مكتوبة ف كل شوارع #مصر,NEG
7628,والله يانجم إنت الوحيد اللي لما بيغني لمصر بصدقه ربنا يحميك ومبروك # #عيد_تحرير_سي…,POS
7629,#مشاهير ستصاب بالذهول عندما تشاهدوالدته #صافيناز وكمان شوف شرطها الوحيد علشان#صافينازتشتغل راقصه شاهد الصورعلىالرابط,OBJ
7630,هذه حقيقة رؤية ياسر برهامي ومعظم التيار السلفي للدستور وعلاقتهم بالشعب,OBJ
7631,الماظة:لابد من تسليط الضوء إعلامياً على مشكلة تملك المساكن وتحقيق العدالة بوضع نظام لتملك الشقق يراعي البعد الاجتماعي والمادي للعاملين,NEUTRAL
7632,يعتبر الأسواني موقفه من شفيق لحظة فخر في تاريخه يمتد الفخر لأولاده وأحفاده عندما وقف امام صبي مبارك وكشفه امام الشعب فاضطر المشير الى طرده,POS
7633,عبد المنعم أبو الفتوح فى الجزيرة مباشر مصر,OBJ
7634,الندوة الأسبوعية للدكتور علاء الأسواني يقيمها غداً الخميس 18 يوليوالساعة التاسعة والنصف مساء في مركز شبابيك بالمقطم والدعوة عامة الادمن,OBJ
7635,"  مؤتمر للرجل الشجاع الامين الحكيم #أردوغان ومن خلفة آية""انما المؤمنون اخوة"" كتبت على هيئة اشارة #رابعة",POS
7636,الحضيف الجبان يرتوت لتغريدة يتهم فيها الملك عبدالله بالإرهاب ثم يقوم بحذفها !! #رتويت #الارهاب,NEG
7637,_98 اهاإا اوك تصبح ع خير هههههههاإاي راح تشوفه ان شا الله يتصور مع #السوبر بعد #ثلاثية_الموسم,OBJ
7638,صورة أخري للقبض علي عصام العريان,OBJ
7639,#آخر_كلام #المشير عبد الفتاح #السيسي #رمز_النجمة ☆ و بالمناسبة دي أحب أشكر الإدارة الروسية على صفقة الطائرات,OBJ
7640,الأجهزة الأمنية تتمكن من القبض على مسئول قسم الأشبال لتنظيم الإخوان بسوهاج # …,OBJ
7641,انا مش طماع نبدأ بريتويت وربنا يسهل فى الفولو دا احنا داخلين على ايام مفترجه,OBJ
7642,عقل #ا نشهد…,OBJ
7643,علاج السكري #اف_نتشورال #السعودية #العراق #اليمن #مصر #قطر #الكويت #عمان #سوريا #ليبيا 4,OBJ
7644,يا حسرةً على الرجال! اقرأ المقال كاملا على بوابة #الشروق,OBJ
7645,ننعي فقدان مصر أحد علمائها الكبار الدكتور رشدي سعيد عالم الجيولوجيا البارز,OBJ
7646,لو أخطأت أي قناة فيجب على القضاء أن يحاسبها و لا تحاسب إداريا,OBJ
7647,شبل ضحا نقيبا ل #المهندسين ب #المنوفية,OBJ
7648,4: غايا وبيرنات اساسيآن يوم الخميس #لازم !,OBJ
7649,يا ترى إيه اللى بيشدنا كده فى مصررغم كل المشاكل الى حواليها دى؟ خفة دم شعبنا؟ طيبته؟ شهامته ؟ النيل و الشمس؟ مش عارفرغم المنغصات,POS
7650,#حمدين صباحي# في حديثه لجريدة الوطن سيوفر 200 مليار انا سمعت الكلام ده من مين قبل كده!!!!,OBJ
7651,وادي جزاء اللي ميشحنش موبايله من بدري :-( #النور_قطع,OBJ
7652,"الحمد لله كما ينبغى لجلال وجهه وعظيم سلطانه #اذكر_الله """,OBJ
7653,أشكرك,POS
7654,بين فسيفساء التكفير والتفكير مساحة ليست بالواسعة المنبسطة ولا هي ارض قحط وعرة #مصر #لبنان #تونس #الأردن #الإمارات #السعودية #العراق #فلسطين,NEUTRAL
7655,مجلس الأمن القومي يفضل حصار رابعة بدلاً من فض الاعتصام واستخدام القوة …,OBJ
7656,#ديموقراطية بلا معارضة قوية مثل القاطرة بلا كوابح… #وعي #سياسة #نهضة,NEG
7657,12 الكنيسة الرسولية بعزبة اسكندر بالمنيا والمركز الطبي وسكن الراعي الخاص بها,OBJ
7658,محافظ الأسكندرية فى جولة تفقدية لمنطقة ميامي لحل أزمة انقطاع المياه …,OBJ
7659,حتى الصين يطقطقون علينا بملابسهم 😒 شف ادمان #الواتساب وين وصل ويفز قلبي اكثر لامن شفت جاري الكتابه ول ول 😂👆 …,OBJ
7660,الحلقة ١٠ كاملة: مسلمون معتزون بثقافتهم الامريكية #,OBJ
7661,كيف تصنع ديكتاتور؟ 1 انقلاب 2 تسلم الايادى 3 كمل جميلك 4 رئيس مدى الحياة 5 الله وهب مصر الزعيم,OBJ
7662,#مبارك يصاب بارتفاع في ضغط الدم خلال جلسة إعادة محاكمته #الغد #مصر #القاهرة #حسني_مبارك,OBJ
7663,مش كل معارضتك فلول ولا إنتهازيين يا مرسى طمن شعبك بلاش تعمل ودن من طين وودن من عجين الأخوان حيغرقوك,NEG
7664,#مصر كما تريدها #أمريكا اقرأ المقال كاملا على موقع #الشروق #…,OBJ
7665,شاهد - آخر كلام: ثورة الشعب في تونس - السفير عبدالرؤوف الريدي إذا الشعب يوماً أراد الحياة فلا بد أن يستجيب,OBJ
7666,لتحالف الوطني لدعم الشرعيه بالقاهره نقاط الانطلاق 1 مسجد صهيب الرومي الشرابية 2 مسجد التقوى شبرا الخيمة (كوبرى …,OBJ
7667,الشعب هو البطل الوحيد!,POS
7668,إعادة لقاء تشومسكي، و إعادة حوار الشباب مع 'الحكماء' الليلة ١١م أون تي في # تمدكم القناة بالرابط بعد الإعادة,OBJ
7669,سي بي سي:#إبراهيم_محلب يشارك باحتفالية تنزانيا اليوم بمناسبة العيد الخمسين للوحدةنيابة عن الرئيس #عدلي_منصور #,NEUTRAL
7670,كلما اقترب موعد بدء الحملات الانتخابية، كلما تغيرت لغة الحوار والخطاب بين الأحزاب والسياسيين وأصبحت أكثر عنفا لفظيا,NEG
7671,# #لغز_الحياة #مصطفي_محمود #البرنس,NEG
7672,"السياسة #الشرعية التي يعمل بها #السلفيون في بلاد #الحرمين مزورة ومكذوبة على #الاسلام وان صفق لها كبار #العلماء واتحدى في ذلك""""",NEG
7673,طالما إنت مصدق إن الداخلية كانت بتغطي حمادة مش بتعريه ولا تسحله أنا كمان هاصدق إنكو بتبعتو ناس تغتصب البنات في التحرير وتقتل الناس في كل حتة,NEG
7674,ميغركيش العدد والله #انا اكتر انا اللى مش #اخوان وانا اللى مش #عسكر,OBJ
7675,2- يجب على قيادات الجيش تدارك الوضع بسحب بيانهم ضد الرئيس الشرعي وفرض عين على كل مسلم في مصر أن يقف خلف رئيسه الشرعى وأن يسعى ل…,OBJ
7676,بكيت على #لمى_الروقي وكأن لسانها يحاكيني ماظنك بالرحمن الرحيم ،، إن مت فهو بي ارحم وان عشت فهو بي أكرم ،، قلب المؤمن لا تنعدم…,OBJ
7677,1 وصلتنى رسالة من مشجع كروى الى طاهر ابو زيد: كنت لاعب متميز وللأسف ضيعت كل ذلك بولاءك للأنقلابيين بل أصبحت من قادة الانقلاب,NEUTRAL
7678,الشوكولاته والقهوه ، فيروز وحليم ، الشتا والليل ، وانت #حاجات_بتفرح,POS
7679,#عالم_بدون_مجاملات ابويا وهو بيقولى ادخل ذاكر هقوله انزل من على دماغى بقا يا حاج,OBJ
7680,"#قنديل لـ""#السيسى"": عليك تقديم برنامجك الانتخابى وعدم التعالى على الجماهير #أخبار_مصر #الفجر",NEUTRAL
7681,#زمكان - #مصر | مات من شوية عامل خبطه قطار عند مزلقان #صدفا فى #اسيوط,OBJ
7682,إذا اعتاد الفتى خوض المنايا فأهون ما يمر به الوحول,OBJ
7683,#باسم_يوسف يتحدي #مرتضي منصور و يؤكدعودة برنامجه البرنامج و يحدد الموعد شاهد ماهو الموعـد التفاصيل على الرابط,OBJ
7684,إذا ضاقت العقول والمدارك تفرغ أصحابها للمعارك,OBJ
7685,ابو اسماعيل امه امريكية لا مش امريكية طب فين الجرين كارد طب ده ماسك عيكم مستندات و فالاخر #فسسسسسس,NEUTRAL
7686,إخلاء سبيل هيثم محمدين بعد اتهامه بقلب النظم الاجتماعية للدولة! #السادة_المحترمون …,OBJ
7687,شاهد - آخر كلام: الخلاف حول وثيقة المبادئ الأساسية للدستور د محمد البلتاجي و د عمرو الشوبكي #,OBJ
7688,#اعترافات_الطفولة بقت سيارة ابوي وماعندي ليسن بعدين مسكني وطقني طق وسبحني بماي بارد وخنقني بالمخده 😂😂,OBJ
7689,اتنفسك مثل الهوى واحتاجك لجرحي دوا ⭐#عبدالمجيد,OBJ
7690,يَ جمــال جوك ي المدينه #مطر,OBJ
7691,إذا جعلك والديك أميراً مدللاً في صغرك فاجعلهما ملوكاً متوجة في كبرك,NEG
7692,عرض الاسبوع 40 ألف متابع #شوارعنا #فن_تتقنه_النساء #ذلك_الشخص #شي_ودك_تجربه #بوح #درر #عجبني #حلو #مكه [2088303],OBJ
7693,أكتر شيء يهمني معرفته هل ده مشروع إستقلال حقيقي ولا كارت مفاوضات في نفس التوكيل؟,NEUTRAL
7694,مبدئيا سواءا كنت مواليا لمرسي أو معارضا له، الرئيس الذي ينتظر يوما كاملا حتى يعلن مسئوليته عن دم المصريين ويوقف نزيفه لايستحق منصب الرئيس,OBJ
7695,_ أنا برضه اللي يخليه في حاله؟ توب انت وما لكش دعوة بغيرك,NEG
7696,اكثر انسان دبس اخوه الصغير بمصايب انا سوري برذر ✋ #اعترافات_الطفولة,OBJ
7697,#دكتور_جميل_القدسي_الدويك #السودان #داء #الفيل سببه #دودو #تعيش #في #الاوعية #الليمفاوية عاجل,OBJ
7698,مؤتمر الصحفي بنقابة الصحفيين يوم الاحد 4 ديسمبر 2011 الجزء االثالث,OBJ
7699,وصل الإفلاس بالإخوان إلى حد فبركة تصريحات على لسان المفكر الأمريكي ناعوم تشومسكي تبرر تخبط قرارات رئيسهم لكنهم إتفضحوا فضيحة المتطاهر,NEG
7700,كفالة اليتيم #صورة #اليتيم  #نشر_سيرته #,OBJ
7701,دعمرو فى المؤتمر الصحفى :-النائب لة دور رئيسي فى مراقبة السلطة التنفيذية و الرقابة على اداء الجهاز الامني,OBJ
7702,لما يلعب اليوفي جميع اهتماماتي ومشاغلي يتم تأجيلها #اعتراف,OBJ
7703,عمر سليمان قتل و تعذيب المصريين في مبني المخابرات بالوكالة عن أمريكا، و قتل إخواننا الفلسطينيين في غزة,NEG
7704,كل الكلمات ترحل ولا تعود الا الدعاء يرحل بالرجاء ويعود بالعطاء ادعوا ربكم وأنتم موقنين بالاجابة,OBJ
7705,علي فكرة مش كل حاجة #بنحبها هتفضل معانا علشان دوام الحال من المحال #اسلوب_حياة,OBJ
7706,الاسواني: لماذا لا تسمحون للرئيس مرسي بصلاحيات مطلقة مؤقتة لمدة شهور قليلة ؟! >> المقال كامل >>,OBJ
7707,لعن الله البغاة! #ريت…,OBJ
7708,فضلوا يبرروا بمعايير بيئية صارمة لاستخدام الفحم في مصانع الاسمنت وفي الآخر سمحوا باستخدام الفحم بدون موافقة البيئة #أوقفوا_الفحم,NEG
7709,شعرت بالحزن أثناء زيارتي للكنيسة بعد أن تحدث معي العديد من الأقباط عن إحساسهم بالظلم الواقع عليهم كأقلية في مصر,NEG
7710,سويرس بيقول مش هنبخل علي مصر راح الاقتصاد منهار والناس مش بتقبض رواتبها سيسي قال: بكره تشوفو مصر ولعت,OBJ
7711,تابعونا على صدى البلد برنامج شباب البلد حالاً,OBJ
7712,الوفد - علقة لـ #محمدفؤاد وتامر بجاتو من بودي جارد في #الجونة -,OBJ
7713,"#تعطل_الواتساب #توقف_الواتساب #الواتساب_معلق تأملو هكذا """,OBJ
7714,د عبد المنعم أبو الفتوح على قناة الحرة: علاقتنا بكل من حولنا من الدول علاقة احترام و تقدير و تحكمها مصلحة مصر,OBJ
7715,طبعا لسه متفائل، بل أكثر تفاؤلا بخروج المكبوت إلى النور أي جراحة لا تخلو من ألم؟,POS
7716,فقدت صديقتي يوم موقعة الجمل كانت حامل في شهرها التاني منعرفش عنها حاجة لحد النهاردة والدتها جالها شلل و ماتت من,OBJ
7717,الكاتب الامريكي ناعوم تشومسكي المخرج الامريكيً مايكل مور رئيس الوزراءًالنمساوي برونو كرايسكي يهود غربيون مناصرون للعرب معادون لإسرائيل,NEG
7718,فريق عمل يشارك قوات الأمن في اقتحام دلجا …,OBJ
7719,يلا يا شباب عايزين نجمع ال 30 الف توقيعياريت كل اللي جمع توقيعات ورقية يدخلها على الموقع ده,OBJ
7720,الرياض #القصيم #واحد_فاضي #الهلال #السعودية #النصر #النصر_الهلال #البدائع #الزلفي #حفرالباطن #مكة #جدة [2650920],OBJ
7721,ندين اعمال العنف التي لجات لها عناصر تخريبية في محيط مبني جامعة الدول العربية #السادة_المحترم…,NEG
7722,#النصر_الفيصلي عظيم بجمهورك الله يسعد الحاضرين كلهم والغايبين,POS
7723,#الوفد ضبط 42 إخوانيًا فى اشتباكات بـ4محافظات اليوم: قال مركز الإعلام الأمنى، التابع لوزارة الدا #الوفد,OBJ
7724,لأتنسَ إخوانكم في #سوريا و #العراق و #بورما و #الشيشان وفي جميع أقطار الأرض,OBJ
7725,"شاهد - يسري فوده: ومن يأمن لمن قال يوماً ""طز ف مصر"" #",NEG
7726,دي مبادرة مكتبات الكرامة العامة باحياء شعبية،بحاجة لتشجيع …,OBJ
7727,د#إيهاب_الكومي يستضيف الآن إيهاب عبدالله رئيس نادي #دمنهور و عبدالمنعم عطية عضو مجلس إدارة النادي #الملعب #,OBJ
7728,"ارتفاع منسحبى "" #التأسيسية"" إلى 28 بعد خروج "" #غد_الثورة"" و محمد عبدالعليم داوود",OBJ
7729,بحسب الجزيرة ميدان التحرير يتسع ل 500 ألف مصري أو 2 مليون إسلامي,NEG
7730,#برنت يرتفع متجها نحو 110 دولارات للبرميل بسبب التوترات في #أوكرانيا:,OBJ
7731,#انقلاب_باص_طالبات_بالرياض الحين بيدرعمون بنو ليبرال ويقولون لو كانت تقود !! ترا لو قدنا بتصير مصصصاااايب وحوادث لا تعد ولاتحصى #اعتراف,OBJ
7732,اعلان فيلم شمشون ولبلب مين كان بيحبه ومين عارف انه فيلم المقصود منه سياسى ؟؟ #م,OBJ
7733,#باسم_عودة واحلى االبسمات,OBJ
7734,": الضرورات تبيح الاستعباط - باسم يوسف - بوابة الشروق #مصر """,OBJ
7735,اليوم السابع | #النائب_العام السابق يغادر #القاهرة إلى #إيطاليا,OBJ
7736,من لا يعرف قدر المستشار مكي وقضاة الاستقلال الأجلاء عليه ان يعود الى معركتهم العظيمة في عام 2005 ضد نظام مبارك ليعرف دورهم التاريخي للوطن,POS
7737,البرادعى شريك الانقلاب يهاجم الجيش والشرطة والحكومة والاعلام ويصفها بالفاشية ضد قيمة الحياة الانسانية والتوافق الوطنى لن يفلت ايضا من العقاب,NEG
7738,#اسكندرية : صلاة المغرب يا إسكندرانية الفيس مش هيطير,OBJ
7739,مكالمه هاتفيه من جابر جاد نصار فى #الساده_المحترمون #يوسف_الحسينى,OBJ
7740,#فيفي_عبده_الام_المثالية زمن المؤخرات هزها واكسب عزها,NEUTRAL
7741,أولا: الموضوع مش فيه تفاصيل ثانيا: اللينك لا يعمل ثالثا: التعليق ع الصورة خاص بمقال مختلف تماماً الخلاصة: مفيش فايدة #22,NEG
7742,حماس تنفي تباين قيادتها السياسية والعسكرية,OBJ
7743,مسودة الدستور الطائفي الجديد,OBJ
7744,عندما يسكت الإخوان على بذاءات الشيوخ المؤيدين لهم وتطاولهم على الأعراض فوق المنابر فلا تفرحوا كثيرا لأنكم ستكتوون بنار البذاءة والسفالة,NEG
7745,تم السماح لـ 79 منظمة من منظمات المجتمع المدني بمتابعة #الانتخابات_الرئاسية و 6 …,OBJ
7746,المجد لله ثم لك انت ياشهيد #جـــيكا #سيد_وزة,POS
7747,سفير تركيا في القاهرة ضيفي على الهواء 10 مساء الجمعة (8م بتوقيت غرينيتش) على أون تي في و مستعد لأسئلة المشاهدين,OBJ
7748,في احد الفنادق بالدقى وقد تم دعوة الصحفيين وسيتم تغطية المؤتمر على الصفحة,OBJ
7749,#مصر_القوية |11-حذرنا من خطر تحول سلطات الدولة لمجرد سند لسلطة عسكرية لا تفهم سياسة ولا تعي معنى الدولة ومهامها وحدودها خارج فكرة حمل السلاح,NEG
7750,ألغام في طريق الرئاسة: المستشار حاتم بجاتو ألغام في طريق الدستور: د نور فرحات في آخر كلام 11م,OBJ
7751,الرسالة رقم 23 من الجزء الاول لكتاب رسائل سجين سياسى الى حبيبته,OBJ
7752,زمان #لما البنت تيجي تتصور كانت بتقول '' دلوقتي بقت بتقول 'خلووووود' !,OBJ
7753,"الحديث عن أن شخصًا يحدد من له مكان فى الوطن ومن ليس له مكان ""هزل""",NEG
7754,#عادل مديد القحطاني اللهم اجعلها في ميزان حسناته,OBJ
7755,#البوابة_نيوز: بالفيديو #تامر_أمين يتراجع : #حلاوة_روح ليس به أي مشهد فاضح أو خارج,OBJ
7756,شاهد: دعمرو خالد يعلن إطلاق حزب مصر، ضمن فعاليات المؤتمر الصحفي لتدشين أول حزب مصري تنموي وسط حضور كبير من,OBJ
7757,إذا أهمّك أمر غيرك، فـاعلـم بأنّـك ذو طبعٍ أصيـل,POS
7758,أنها معركتنا جميعا لا ننتظر أحد لكن نشجع الجميع !,OBJ
7759,مجلس الشعب يتجاهل مشاريع قوانين نقل السلطة المقدمة من حمزاوى,OBJ
7760,يوسف الحسيني بالفيديو يفضح كذب قناة #الجزيرة ويكشف تمثيل الاخوان دور الموتي تحت اشراف قناة الجزيرة …,NEG
7761,حزب الوسط يدعو اعضائه واصدقائه الراغب في التطوع والمشاركه في الحمله الانتخابية للتواصل معنا رجاء ترك الاسم والمنطقه,OBJ
7762,الصندوق الأسود لقضية ميشال سماحة ,OBJ
7763,ميثاق الشرف الاعلامى الذى اتخذوه ذريعة لاغلاق الفراعين برئ من الانقلاب قتلوا الميثاق ويستشهدوا به,NEG
7764,مساهمة من بعض متطوعي الحملة,OBJ
7765,الاحد القادم دورة مجانية - طريقك الآمن للاختبارات #الشرقية #السعودية _,OBJ
7766,هل توجد خطورة من وراء سد النهضة الأثيوبي ؟ - د نادر نور الدين #السادة_المحترمون …,OBJ
7767,#الشقيرى #ماهر_زين #خواطر9 #الاوسكار #3,OBJ
7768,قبل أن تُسدل ستار أجفانك على عينيك ، هل وضعت المنبّه لصلاة الفجر ؟ #صلاة_الفجر #ذكرى,OBJ
7769,ده #انا لما بعوز #اطمن على #نفسى بسألك انت #عامل ايه 3,OBJ
7770,علاء الأسواني : هل كان لسكان حديقة الحيوان رأي فيما يجري حولهم ؟! >>,OBJ
7771,ألا يوجد إنسان على الأرض يجد حل لما يجرى من مجازر فى سوريا ؟,OBJ
7772,عصام سلطان فضل عشر سنوات عامل نفسه منشق وضد الاخوان وبعدييين بعد الثوره اتضح انهم منهم ولا انشق ولا يحزنون,NEG
7773,ومجتمع نريد استقراره وبناءه ديمقراطيا يعاني ومجلس عسكري تآكلت شرعيته ويصر على أخطائه التي باتت تهدد تماسك الدولة وتعيدنا للوراء,NEG
7774,السلطات تمنع الكثيرين من محامي اسر الشهداء من حضور محاكمة مبارك المحامون من حقهم حضور المحاكمة ولا ستتحول الى شيء اخر غير المحاكمة,NEG
7775,الوطن | مقومات ستة لحوار حقيقى | عمرو حمزاوي:,OBJ
7776,#البوابة_نيوز: في الذكرى 32 لتحرير #سيناءخبراء: #كامب_ديفيد سبب إهمالها,OBJ
7777,تعرف على المدعو #محمد_فودة الذي يدعم #السيسي بمؤتمرات في محافظات #مصر بصحبة الممثلة #غادة_عبدالرازق!,OBJ
7778,عرض الاسبوع 36 ألف متابع #وش_أكثر_شي_يسهرك #صيام_الإثنين #خد_موقف_من #صلاة_الوتر #فى_تويتر_تلاقى #الدمام [898732],OBJ
7779,#مرسى_رئيسى #مرسي_رئيسي #انتخبوا_البرص #انتخبوا_ آمال,NEUTRAL
7780,#الشروق: نجاح تجربة هندية لإطلاق صاروخ مضاد للصواريخ الباليستية: اختبرت الهند بنجاح اليوم الأحد إطلاق صاروخ مض,OBJ
7781,إعلان لتطبيق أيفون تختارين فيه شخص وسيم يقوم بتذكيرك بفحص صدرك من #سرطان_الثدي 😍,OBJ
7782,الأن #السادة_المحترمون مع #يوسف_الحسيني على #,OBJ
7783,3 الجنازة النهارده تسعه ونص من الحامدية الشاذلية والعزاء يوم الإتنين من مسجد الرحمن الرحيم في صلاح سالمربنا يرحمه,OBJ
7784,3 اولا عمري ماكنت محايد انا واحد ليا رأيي ثانيا احنا بنتكلم في احداث تاريخية ايه العلاقة,OBJ
7785,دعمرو حمزاوي مجلس الشعب 10 ابريل 2012,OBJ
7786,ما تعليقك على أحداث ماسبيرو ؟,OBJ
7787,هل في دولة أخرى غير أمريكا أجلت رعاياها؟,OBJ
7788,#ثورة_الانترنت باخد الـ من هنا بحولها من هنا وهى دى قمة الانجاز العلمي:),OBJ
7789,لبحث إمكانية تشكيل مجلس رئاسى مع السادة الأعضاء، تمهيداً لحلف اليمين أمام المجلس كله 2,OBJ
7790,بكل سرور برجاء الاتصال بمكتبي 01002118193 تحياتي,OBJ
7791,تربايتي ما يحتاج 😂😂 #دومينوز_بيتزا #وير_اي_سبند_ات!! #الكاتم #الخ,OBJ
7792,الأقباط المعينين في مجلس الشوري خانوا انفسهم ووطنهم وكنيستهم لقد رفضت عرض أن يكون اسمي ضمن المعينين وكنت اتمني أن ي,NEG
7793,#عبدالرحمن_يوسف الأخ الكريم الدكتور #ياسر_برهامي أرأيت أن التقى رجل بأحد المشايخ - الذين يقفون مع,OBJ
7794,حول تعليق المساعدات الامريكية ومستقبل العلاقات بين البلدين اقرأ قبل النشرفي جريدة الصباح #مصر #الإمارات #السعودية,OBJ
7795,#كريمة_الصيرفي مش رقم #أنا_مش_رقم #الحرية_للجدعان #الحرية_لكريمة_الصيرفي,OBJ
7796,سبحان الله وبحمد سبحان الله العظيم سبحان الله وبحمده سبحان الله العظيم #غرد_بذكر_الله,OBJ
7797,إبراهيم عيسى قلم شجاع وضمير يقظ وعلامة بارزة فى تاريخ المهنة تحية له ولفريق الدستور وستبقى حرية الصحافة فى مصر ثمرة مستحقة لنضال الصحفيين,POS
7798,لابد من التوجيه التحيه الى حزب البناء و التنميه ( الجماعه الاسلاميه ) الذى تنازل عن نصيبه فى التاسيسيه من اجل احداث ال,POS
7799,عودة جماعة الإخوان إلى الحياة السياسية بنفس وضعها السابق مستحيلة والطرمخة على جرائم الماضي لن تجعلنا نتقدم شبرا,NEG
7800,55] #أحبك_ربي #غرد_با…,OBJ
7801,مصر تواجه صعوبات شديدة لشراء الوقود مع سحب البنوك للغطاء الائتماني وفرض أقساط تأمينية عالية,NEG
7802,شبكه اخبار #المحله | استفسار محدش يعرف جيم كويس في المحله يكون في ساونا,OBJ
7803,"صورمن أرض الملاحم ""13"" #ولاية_الصعيد #انصار_الشريعة_اليمن #الاردن_تنتفض #مصر_الليلة #انتخبوا_ #دير_الزور #قطر …",OBJ
7804,مهزلة اتهام هيثم محمدين بقلب النظم الاجتماعية للدولة !! #مصر,NEG
7805,"97_: __: #غرد_بطولك؟ 179-180 يالله اتحفوني😂؟"" ١٦٠ - ١٦١ *تتفشل*"" 147:)",OBJ
7806,"قانون الثراء الحرام(الحلال)! حلال أن تسرق وحرام ألا ترجع (بعض) ما سرقت! ""إذا سرق فيهم الشريف تركوه""…",NEUTRAL
7807,كم من أسير أودعوه السجن جسداً لكن روحه طلقاء أبداً #الحريه_لطلاب_صيدله_المنصوره #ابراهيم_عزب #مصطفي_جلال #أنا_مش_رقم …,OBJ
7808,4343 18 أنت صادق #ماعندي خبر #لازم أسوي كشف بعد الدوام,OBJ
7809,عجبت لفصيل يدعي الاغلبية الكاسحة و يعكر صفوه برنامج اسبوعي لا يتعدى الساعةعايزين سلطة و معارضة تبقى معاهم,NEG
7810,#الاخوان_جماعة_ارهابية يجب التضييق على اخوان الخليج فهم اذناب للتنظيم الدولي للاخوان ولا يقلون خطوره عن اخوان مصر,NEG
7811,#عن ناس بحلم انى عايش معاهم دلوقتى بعيد عن كل الناس ^_^,OBJ
7812,الوطن | من يتخذ القرار بالاتحادية؟ | عمرو حمزاوي:,OBJ
7813,وما كان ربك نسيا #اطمن :),OBJ
7814,نظام #الأسد يُجنّد العلويات مقابل 30 ألف ليرة بالشهر #سوريا,OBJ
7815,فيه قوات امن مركزي كتير عالدائري نزلة المنيب وطلعة المعادي #بلغ #ريتويت,OBJ
7816,الجيش يطلق التنوير بجزيرة الرمادي بعد مواجهات عنيفة مع الثوار,POS
7817,رئيس المجلس الاعلى للقضاء الحالى من رموز استقلال القضاء وقد صنع مشروعا عظيما مع المستشار احمد مكي من اجل استقلال القضاء الواجب مساندته,POS
7818,أَسْتَغْفِرُ اللَّهَ الَّذِي لا إِلَه إِلا هُوَ الْحَيُّ الْقَيُّومُ وَأَتُوبُ إِلَيْه #غرد_بذكر_الله,POS
7819,منع الإبعاث للتخصصات السواليفية إلي موجودة ف #موزمبيق #قرار_تنتظر_يصدر,OBJ
7820,2050 البرادعي مواقفه انضف بكثير من بتوع أكبر قيادي إخواني أو سلفي ده تاريخ ومش هتعرفوا تغيروه الراجل ما بيريلش ع الكرسي,NEUTRAL
7821,ادعوكم لقراءة مقالة رائعة كتبها آصاحبي محمد يسري سلامة من ٩شهورعن مغبة شيطنة الميدان من اباخوان والتي ستنقلب عليهم,POS
7822,إلى الشعب بكل طوائفه مطلوب التوحد فورًا حول أهداف الثورة وأن ننسى خلافاتنا الضيقة حتى يستعيد كل مصري حقه في الحياة الحرة الكريمة,OBJ
7823,#حقيقة و #نصيحة الافكار اللي بتجيلك قبل النوم دي لازمالها ورقة و قلم عشان بجد بتبقى جامدة على المدى البعيد #اه_والله,POS
7824,#انتخبوا_ مئات المسلمين يغادرون بانغي بمواكبة قوة دولية #مصر,OBJ
7825,أن أحاول أن أسامح من أساء إلي ليس من أجله أو من أجل صحتي النفسية والعقلية بل من أجل أجر عظيم أعد للعافين عن الناس #علم…,OBJ
7826,"دلوقتي على طريق الله ""روح العبادة "" على النهار 1 :) #مصطفى_حسني ^__^",OBJ
7827,بعد قليل تبدأ الندوة الأسبوعية دعلاء الأسواني في مركز إعداد القادة بالعجوزة >> التفاصيل على هذا الرابط:,OBJ
7828,#الجامعة_العربية تؤكد دعمها #للرئيس في مواجهة الضغوط #الإسرائيلية تفاصيل في التعليق الأول,OBJ
7829,يجب على كل ابناء #الزمالك مساندة ميدو ودعمه بشكل كبير ميدو استطاع تغير اشياء كثيرة داخل النادى موجوده منذ زمن بعيد قوي,POS
7830,اشتموا و قلوا أدبكم كمان وكمان خلينا نتعرف على اخلاق الاخوان #الاخوان_جماعة_ارهابية #الاخوان_قتلوا_مارى_ومياده #الاخوان,NEG
7831,#فولورز_اسلاموفيتش_بيعملوا_لبعض_فولو #فولورز_عفركوش_بيعملو_فولو_لبعض #دخل_كلمة_فسيخ_في_اسم_فيلم #رنا_سماحه,OBJ
